[2026-10-05 17:06:45 +0800] [26] [INFO] Logging level set to: 'INFO'
[2026-10-05 17:06:45 +0800] [26] [INFO] Logging of backtrace is disabled in this loglevel
[2026-10-05 17:06:45 +0800] [26] [DEBUG] Logging level set to: 'DEBUG'
[2026-10-05 17:06:45 +0800] [26] [INFO] Loaded default config
[2026-10-05 17:06:45 +0800] [26] [INFO] Loaded config file '/tmp/caldav-assistant-041-f_8dvqdo/radicale.conf'
[2026-10-05 17:06:45 +0800] [26] [INFO] Starting Radicale (python=3.12.14 radicale=3.8.1 vobject=0.9.9 passlib=1.9.3 defusedxml=0.7.1 bcrypt=n/a argon2-cffi=n/a pika=1.4.4 ldap=n/a ldap3=n/a pam=n/a) as user=root(0) groups=root(0) on Linux-6.18.44-x86_64-with-glibc2.39
[2026-10-05 17:06:45 +0800] [26] [WARNING] No user authentication is selected: '[auth] type=none' (INSECURE)
[2026-10-05 17:06:45 +0800] [26] [INFO] auth type is 'radicale.auth.none'
[2026-10-05 17:06:45 +0800] [26] [INFO] auth.strip_domain: False
[2026-10-05 17:06:45 +0800] [26] [INFO] auth.lc_username: False
[2026-10-05 17:06:45 +0800] [26] [INFO] auth.uc_username: False
[2026-10-05 17:06:45 +0800] [26] [INFO] auth.urldecode_username: False
[2026-10-05 17:06:45 +0800] [26] [INFO] auth.delay: 1.000000 seconds
[2026-10-05 17:06:45 +0800] [26] [INFO] auth.cache_logins: False
[2026-10-05 17:06:45 +0800] [26] [INFO] No user groups lookup method is selected
[2026-10-05 17:06:45 +0800] [26] [INFO] group type is 'radicale.group.none'
[2026-10-05 17:06:45 +0800] [26] [DEBUG] storage cache version: "b'radicale=3.3.1;vobject=0.9.9;'"
[2026-10-05 17:06:45 +0800] [26] [INFO] storage type is 'radicale.storage.multifilesystem'
[2026-10-05 17:06:45 +0800] [26] [DEBUG] Lock file (StoragePartLock): '/tmp/caldav-assistant-041-f_8dvqdo/data/.Radicale.lock'
[2026-10-05 17:06:45 +0800] [26] [INFO] Storage folder umask (from system): '0022'
[2026-10-05 17:06:45 +0800] [26] [INFO] Storage location: '/tmp/caldav-assistant-041-f_8dvqdo/data'
[2026-10-05 17:06:45 +0800] [26] [WARNING] Storage location: '/tmp/caldav-assistant-041-f_8dvqdo/data' does not exist, creating now
[2026-10-05 17:06:45 +0800] [26] [INFO] Storage location permissions: path='/tmp/caldav-assistant-041-f_8dvqdo/data' owner=root(0) group=root(0) mode=40755
[2026-10-05 17:06:45 +0800] [26] [INFO] Storage location subfolder: '/tmp/caldav-assistant-041-f_8dvqdo/data/collection-root'
[2026-10-05 17:06:45 +0800] [26] [WARNING] Storage location subfolder: '/tmp/caldav-assistant-041-f_8dvqdo/data/collection-root' does not exist, creating now
[2026-10-05 17:06:45 +0800] [26] [INFO] Storage location subfolder permissions: path='/tmp/caldav-assistant-041-f_8dvqdo/data/collection-root' owner=root(0) group=root(0) mode=40755
[2026-10-05 17:06:45 +0800] [26] [INFO] Storage location subfolder softlink support: True
[2026-10-05 17:06:45 +0800] [26] [INFO] Storage location subfolder is collision free: True (case-sensitive=True no-short-filename=True)
[2026-10-05 17:06:45 +0800] [26] [INFO] Storage location subfolder supports unicode: True
[2026-10-05 17:06:45 +0800] [26] [INFO] Storage location subfolder supports trailing whitespace: True
[2026-10-05 17:06:45 +0800] [26] [INFO] Storage location subfolder supports problematic chars: True
[2026-10-05 17:06:45 +0800] [26] [INFO] Storage cache subfolder usage for 'item': False
[2026-10-05 17:06:45 +0800] [26] [INFO] Storage cache subfolder usage for 'history': False
[2026-10-05 17:06:45 +0800] [26] [INFO] Storage cache subfolder usage for 'sync-token': False
[2026-10-05 17:06:45 +0800] [26] [INFO] Storage cache use mtime and size for 'item': False
[2026-10-05 17:06:45 +0800] [26] [DEBUG] Storage item mtime resolution test with file: '/tmp/caldav-assistant-041-f_8dvqdo/data/collection-root/.Radicale.mtime_test'
[2026-10-05 17:06:45 +0800] [26] [DEBUG] Storage item mtime resoultion test set: 999999999999 ns
[2026-10-05 17:06:45 +0800] [26] [DEBUG] Storage item mtime resoultion test get: 999999999999 ns
[2026-10-05 17:06:45 +0800] [26] [INFO] Storage item mtime resolution test result: 1 ns
[2026-10-05 17:06:45 +0800] [26] [INFO] Storage cache using mtime and size for 'item' may be an option in case of performance issues
[2026-10-05 17:06:45 +0800] [26] [DEBUG] Storage cache action logging: False
[2026-10-05 17:06:45 +0800] [26] [INFO] Group collections folder: 'GROUPS'
[2026-10-05 17:06:45 +0800] [26] [INFO] rights type is 'radicale.rights.from_file'
[2026-10-05 17:06:45 +0800] [26] [DEBUG] Read rights file
[2026-10-05 17:06:45 +0800] [26] [INFO] web type is 'radicale.web.internal'
[2026-10-05 17:06:45 +0800] [26] [INFO] sharing type is 'radicale.sharing.none'
[2026-10-05 17:06:45 +0800] [26] [INFO] rights type is 'radicale.rights.from_file'
[2026-10-05 17:06:45 +0800] [26] [DEBUG] Read rights file
[2026-10-05 17:06:45 +0800] [26] [DEBUG] storage cache version: "b'radicale=3.3.1;vobject=0.9.9;'"
[2026-10-05 17:06:45 +0800] [26] [INFO] storage type is 'radicale.storage.multifilesystem'
[2026-10-05 17:06:45 +0800] [26] [DEBUG] Lock file (StoragePartLock): '/tmp/caldav-assistant-041-f_8dvqdo/data/.Radicale.lock'
[2026-10-05 17:06:45 +0800] [26] [INFO] Storage folder umask (from system): '0022'
[2026-10-05 17:06:45 +0800] [26] [INFO] Storage location: '/tmp/caldav-assistant-041-f_8dvqdo/data'
[2026-10-05 17:06:45 +0800] [26] [INFO] Storage location permissions: path='/tmp/caldav-assistant-041-f_8dvqdo/data' owner=root(0) group=root(0) mode=40755
[2026-10-05 17:06:45 +0800] [26] [INFO] Storage location subfolder: '/tmp/caldav-assistant-041-f_8dvqdo/data/collection-root'
[2026-10-05 17:06:45 +0800] [26] [INFO] Storage location subfolder permissions: path='/tmp/caldav-assistant-041-f_8dvqdo/data/collection-root' owner=root(0) group=root(0) mode=40755
[2026-10-05 17:06:45 +0800] [26] [INFO] Storage location subfolder softlink support: True
[2026-10-05 17:06:45 +0800] [26] [INFO] Storage location subfolder is collision free: True (case-sensitive=True no-short-filename=True)
[2026-10-05 17:06:45 +0800] [26] [INFO] Storage location subfolder supports unicode: True
[2026-10-05 17:06:45 +0800] [26] [INFO] Storage location subfolder supports trailing whitespace: True
[2026-10-05 17:06:45 +0800] [26] [INFO] Storage location subfolder supports problematic chars: True
[2026-10-05 17:06:45 +0800] [26] [INFO] Storage cache subfolder usage for 'item': False
[2026-10-05 17:06:45 +0800] [26] [INFO] Storage cache subfolder usage for 'history': False
[2026-10-05 17:06:45 +0800] [26] [INFO] Storage cache subfolder usage for 'sync-token': False
[2026-10-05 17:06:45 +0800] [26] [INFO] Storage cache use mtime and size for 'item': False
[2026-10-05 17:06:45 +0800] [26] [DEBUG] Storage item mtime resolution test with file: '/tmp/caldav-assistant-041-f_8dvqdo/data/collection-root/.Radicale.mtime_test'
[2026-10-05 17:06:45 +0800] [26] [DEBUG] Storage item mtime resoultion test set: 999999999999 ns
[2026-10-05 17:06:45 +0800] [26] [DEBUG] Storage item mtime resoultion test get: 999999999999 ns
[2026-10-05 17:06:45 +0800] [26] [INFO] Storage item mtime resolution test result: 1 ns
[2026-10-05 17:06:45 +0800] [26] [INFO] Storage cache using mtime and size for 'item' may be an option in case of performance issues
[2026-10-05 17:06:45 +0800] [26] [DEBUG] Storage cache action logging: False
[2026-10-05 17:06:45 +0800] [26] [INFO] Group collections folder: 'GROUPS'
[2026-10-05 17:06:45 +0800] [26] [INFO] No user groups lookup method is selected
[2026-10-05 17:06:45 +0800] [26] [INFO] group type is 'radicale.group.none'
[2026-10-05 17:06:45 +0800] [26] [INFO] sharing.collection_by_map  : False
[2026-10-05 17:06:45 +0800] [26] [INFO] sharing.collection_by_token: False
[2026-10-05 17:06:45 +0800] [26] [INFO] sharing.permit_create_token: False
[2026-10-05 17:06:45 +0800] [26] [INFO] sharing.permit_create_map  : False
[2026-10-05 17:06:45 +0800] [26] [INFO] sharing.default_permissions_create_token: 'rp'
[2026-10-05 17:06:45 +0800] [26] [INFO] sharing.default_permissions_create_map  : 'r'
[2026-10-05 17:06:45 +0800] [26] [INFO] sharing.permit_properties_overlay: False
[2026-10-05 17:06:45 +0800] [26] [INFO] sharing.enforce_properties_overlay: True
[2026-10-05 17:06:45 +0800] [26] [INFO] sharing.conversion_bday_summary_template: '[{n:f} {n:g}|{fn}|{nickname}] ({year}) (BDAY)'
[2026-10-05 17:06:45 +0800] [26] [INFO] sharing.conversion_bday_description_template: 'BDAY={year}-{month}-{day}'
[2026-10-05 17:06:45 +0800] [26] [INFO] sharing.conversion_bday_alarm_trigger_template: ''
[2026-10-05 17:06:45 +0800] [26] [INFO] sharing.conversion_bday_categories: 'Birthday'
[2026-10-05 17:06:45 +0800] [26] [INFO] sharing.conversion_bday_age_max: 99
[2026-10-05 17:06:45 +0800] [26] [INFO] sharing.database_type: none
[2026-10-05 17:06:45 +0800] [26] [INFO] sharing disabled as no feature is enabled
[2026-10-05 17:06:45 +0800] [26] [INFO] hook type is 'radicale.hook.none'
[2026-10-05 17:06:45 +0800] [26] [INFO] delay_on_error set to: 1.000 seconds
[2026-10-05 17:06:45 +0800] [26] [INFO] max_content_length set to: 100000000 bytes (95.4 Mbytes)
[2026-10-05 17:06:45 +0800] [26] [INFO] max_resource_size set to: 10000000 bytes (9.5 Mbytes)
[2026-10-05 17:06:45 +0800] [26] [INFO] max_vevent_rrule_occurrence set to: 10000
[2026-10-05 17:06:45 +0800] [26] [INFO] log bad put request content: False
[2026-10-05 17:06:45 +0800] [26] [DEBUG] log request  header  on debug: False
[2026-10-05 17:06:45 +0800] [26] [DEBUG] log request  content on debug: False
[2026-10-05 17:06:45 +0800] [26] [DEBUG] log response header  on debug: False
[2026-10-05 17:06:45 +0800] [26] [DEBUG] log response content on debug: False
[2026-10-05 17:06:45 +0800] [26] [NOTICE] log request  header  on notice condition: {}
[2026-10-05 17:06:45 +0800] [26] [NOTICE] log request  content on notice condition: {}
[2026-10-05 17:06:45 +0800] [26] [NOTICE] log response header  on notice condition: {}
[2026-10-05 17:06:45 +0800] [26] [NOTICE] log response content on notice condition: {}
[2026-10-05 17:06:45 +0800] [26] [DEBUG] log limit for content: 3000
[2026-10-05 17:06:45 +0800] [26] [INFO] Default script name to strip from URI if called by reverse proxy is taken from HTTP_X_SCRIPT_NAME or SCRIPT_NAME
[2026-10-05 17:06:45 +0800] [26] [INFO] permit delete of collection: True
[2026-10-05 17:06:45 +0800] [26] [INFO] permit overwrite of collection: True
[2026-10-05 17:06:45 +0800] [26] [INFO] strict preconditions check: False
[2026-10-05 17:06:45 +0800] [26] [INFO] validate user value: 'minimal'
[2026-10-05 17:06:45 +0800] [26] [INFO] validate path value: 'minimal'
[2026-10-05 17:06:45 +0800] [26] [INFO] profiling: 'none'
[2026-10-05 17:06:45 +0800] [26] [DEBUG] getaddrinfo of '127.0.0.1:15232': [(<AddressFamily.AF_INET: 2>, <SocketKind.SOCK_STREAM: 1>, 6, '', ('127.0.0.1', 15232))]
[2026-10-05 17:06:45 +0800] [26] [DEBUG] try to create server socket on '127.0.0.1:15232'
[2026-10-05 17:06:45 +0800] [26] [INFO] Listening on '127.0.0.1:15232'
[2026-10-05 17:06:45 +0800] [26] [INFO] Maximum parallel connections: 8
[2026-10-05 17:06:45 +0800] [26] [INFO] Radicale server ready
[2026-10-05 17:06:45 +0800] [26/Thread-1 (process_request_thread)] [INFO] GET request for '/' received from 127.0.0.1 using 'Python-urllib/3.12'
[2026-10-05 17:06:45 +0800] [26/Thread-1 (process_request_thread)] [DEBUG] Request header: suppressed by config/option [logging] request_header_on_debug
[2026-10-05 17:06:45 +0800] [26/Thread-1 (process_request_thread)] [DEBUG] Sanitized path: '/'
[2026-10-05 17:06:45 +0800] [26/Thread-1 (process_request_thread)] [INFO] Successful login: 'acceptance' (none)
[2026-10-05 17:06:45 +0800] [26/Thread-1 (process_request_thread)] [DEBUG] logging of rules which doesn't match suppressed by config/option [logging] rights_rule_doesnt_match_on_debug
[2026-10-05 17:06:45 +0800] [26/Thread-1 (process_request_thread)] [DEBUG] Rule 'acceptance':'acceptance' matches '.*':'.*' from section 'all' permission 'RrWw'
[2026-10-05 17:06:45 +0800] [26/Thread-1 (process_request_thread)] [DEBUG] Create collection: '/tmp/caldav-assistant-041-f_8dvqdo/data/collection-root/acceptance'
[2026-10-05 17:06:45 +0800] [26/Thread-1 (process_request_thread)] [DEBUG] Response content: suppressed by config/option [logging] response_content_on_debug
[2026-10-05 17:06:45 +0800] [26/Thread-1 (process_request_thread)] [DEBUG] Response header: suppressed by config/option [logging] response_header_on_debug
[2026-10-05 17:06:45 +0800] [26/Thread-1 (process_request_thread)] [INFO] GET response status for '/' in 0.001 seconds plain 19 bytes: 302 Found
[2026-10-05 17:06:45 +0800] [26/Thread-2 (process_request_thread)] [INFO] GET request for '/.web' received from 127.0.0.1 using 'Python-urllib/3.12'
[2026-10-05 17:06:45 +0800] [26/Thread-2 (process_request_thread)] [DEBUG] Request header: suppressed by config/option [logging] request_header_on_debug
[2026-10-05 17:06:45 +0800] [26/Thread-2 (process_request_thread)] [DEBUG] Sanitized path: '/.web'
[2026-10-05 17:06:45 +0800] [26/Thread-2 (process_request_thread)] [INFO] Successful login: 'acceptance' (none)
[2026-10-05 17:06:45 +0800] [26/Thread-2 (process_request_thread)] [DEBUG] Response content: suppressed by config/option [logging] response_content_on_debug
[2026-10-05 17:06:45 +0800] [26/Thread-2 (process_request_thread)] [DEBUG] Response header: suppressed by config/option [logging] response_header_on_debug
[2026-10-05 17:06:45 +0800] [26/Thread-2 (process_request_thread)] [INFO] GET response status for '/.web' in 0.001 seconds plain 20 bytes: 302 Found
[2026-10-05 17:06:45 +0800] [26/Thread-3 (process_request_thread)] [INFO] GET request for '/.web/' received from 127.0.0.1 using 'Python-urllib/3.12'
[2026-10-05 17:06:45 +0800] [26/Thread-3 (process_request_thread)] [DEBUG] Request header: suppressed by config/option [logging] request_header_on_debug
[2026-10-05 17:06:45 +0800] [26/Thread-3 (process_request_thread)] [DEBUG] Sanitized path: '/.web/'
[2026-10-05 17:06:45 +0800] [26/Thread-3 (process_request_thread)] [INFO] Successful login: 'acceptance' (none)
[2026-10-05 17:06:45 +0800] [26/Thread-3 (process_request_thread)] [DEBUG] Response header: suppressed by config/option [logging] response_header_on_debug
[2026-10-05 17:06:45 +0800] [26/Thread-3 (process_request_thread)] [INFO] GET response status for '/.web/' in 0.000 seconds plain 19380 bytes: 200 OK
[2026-10-05 17:06:45 +0800] [26/Thread-4 (process_request_thread)] [INFO] MKCALENDAR request for '/acceptance/calendar/' received from 127.0.0.1 using 'Python-urllib/3.12'
[2026-10-05 17:06:45 +0800] [26/Thread-4 (process_request_thread)] [DEBUG] Request header: suppressed by config/option [logging] request_header_on_debug
[2026-10-05 17:06:45 +0800] [26/Thread-4 (process_request_thread)] [DEBUG] Sanitized path: '/acceptance/calendar/'
[2026-10-05 17:06:45 +0800] [26/Thread-4 (process_request_thread)] [INFO] Successful login: 'acceptance' (none)
[2026-10-05 17:06:45 +0800] [26/Thread-4 (process_request_thread)] [DEBUG] logging of rules which doesn't match suppressed by config/option [logging] rights_rule_doesnt_match_on_debug
[2026-10-05 17:06:45 +0800] [26/Thread-4 (process_request_thread)] [DEBUG] Rule 'acceptance':'acceptance/calendar' matches '.*':'.*' from section 'all' permission 'RrWw'
[2026-10-05 17:06:45 +0800] [26/Thread-4 (process_request_thread)] [DEBUG] Request content (XML): suppressed by config/option [logging] request_content_on_debug
[2026-10-05 17:06:45 +0800] [26/Thread-4 (process_request_thread)] [DEBUG] Create collection: '/tmp/caldav-assistant-041-f_8dvqdo/data/collection-root/acceptance/calendar'
[2026-10-05 17:06:45 +0800] [26/Thread-4 (process_request_thread)] [DEBUG] Response header: suppressed by config/option [logging] response_header_on_debug
[2026-10-05 17:06:45 +0800] [26/Thread-4 (process_request_thread)] [NOTICE] MKCALENDAR response status for '/acceptance/calendar/' in 0.001 seconds: 201 Created
[2026-10-05 17:06:45 +0800] [26/Thread-5 (process_request_thread)] [INFO] PUT request for '/acceptance/calendar/seed-a.ics' received from 127.0.0.1 using 'Python-urllib/3.12'
[2026-10-05 17:06:45 +0800] [26/Thread-5 (process_request_thread)] [DEBUG] Request header: suppressed by config/option [logging] request_header_on_debug
[2026-10-05 17:06:45 +0800] [26/Thread-5 (process_request_thread)] [DEBUG] Sanitized path: '/acceptance/calendar/seed-a.ics'
[2026-10-05 17:06:45 +0800] [26/Thread-5 (process_request_thread)] [INFO] Successful login: 'acceptance' (none)
[2026-10-05 17:06:45 +0800] [26/Thread-5 (process_request_thread)] [DEBUG] logging of rules which doesn't match suppressed by config/option [logging] rights_rule_doesnt_match_on_debug
[2026-10-05 17:06:45 +0800] [26/Thread-5 (process_request_thread)] [DEBUG] Rule 'acceptance':'acceptance/calendar/seed-a.ics' matches '.*':'.*' from section 'all' permission 'RrWw'
[2026-10-05 17:06:45 +0800] [26/Thread-5 (process_request_thread)] [DEBUG] Request content: suppressed by config/option [logging] request_content_on_debug
[2026-10-05 17:06:45 +0800] [26/Thread-5 (process_request_thread)] [DEBUG] logging of rules which doesn't match suppressed by config/option [logging] rights_rule_doesnt_match_on_debug
[2026-10-05 17:06:45 +0800] [26/Thread-5 (process_request_thread)] [DEBUG] Rule 'acceptance':'acceptance/calendar' matches '.*':'.*' from section 'all' permission 'RrWw'
[2026-10-05 17:06:45 +0800] [26/Thread-5 (process_request_thread)] [DEBUG] PUT request contains item with UID 'seed-a' size 229 below limit 10000000: '/acceptance/calendar/seed-a.ics'
[2026-10-05 17:06:45 +0800] [26/Thread-5 (process_request_thread)] [DEBUG] Response header: suppressed by config/option [logging] response_header_on_debug
[2026-10-05 17:06:45 +0800] [26/Thread-5 (process_request_thread)] [INFO] PUT response status for '/acceptance/calendar/seed-a.ics' in 0.003 seconds: 201 Created
[2026-10-05 17:06:45 +0800] [26/Thread-6 (process_request_thread)] [INFO] PUT request for '/acceptance/calendar/seed-b.ics' received from 127.0.0.1 using 'Python-urllib/3.12'
[2026-10-05 17:06:45 +0800] [26/Thread-6 (process_request_thread)] [DEBUG] Request header: suppressed by config/option [logging] request_header_on_debug
[2026-10-05 17:06:45 +0800] [26/Thread-6 (process_request_thread)] [DEBUG] Sanitized path: '/acceptance/calendar/seed-b.ics'
[2026-10-05 17:06:45 +0800] [26/Thread-6 (process_request_thread)] [INFO] Successful login: 'acceptance' (none)
[2026-10-05 17:06:45 +0800] [26/Thread-6 (process_request_thread)] [DEBUG] logging of rules which doesn't match suppressed by config/option [logging] rights_rule_doesnt_match_on_debug
[2026-10-05 17:06:45 +0800] [26/Thread-6 (process_request_thread)] [DEBUG] Rule 'acceptance':'acceptance/calendar/seed-b.ics' matches '.*':'.*' from section 'all' permission 'RrWw'
[2026-10-05 17:06:45 +0800] [26/Thread-6 (process_request_thread)] [DEBUG] Request content: suppressed by config/option [logging] request_content_on_debug
[2026-10-05 17:06:45 +0800] [26/Thread-6 (process_request_thread)] [DEBUG] logging of rules which doesn't match suppressed by config/option [logging] rights_rule_doesnt_match_on_debug
[2026-10-05 17:06:45 +0800] [26/Thread-6 (process_request_thread)] [DEBUG] Rule 'acceptance':'acceptance/calendar' matches '.*':'.*' from section 'all' permission 'RrWw'
[2026-10-05 17:06:45 +0800] [26/Thread-6 (process_request_thread)] [DEBUG] PUT request contains item with UID 'seed-b' size 229 below limit 10000000: '/acceptance/calendar/seed-b.ics'
[2026-10-05 17:06:45 +0800] [26/Thread-6 (process_request_thread)] [DEBUG] Response header: suppressed by config/option [logging] response_header_on_debug
[2026-10-05 17:06:45 +0800] [26/Thread-6 (process_request_thread)] [INFO] PUT response status for '/acceptance/calendar/seed-b.ics' in 0.003 seconds: 201 Created
[2026-10-05 17:06:45 +0800] [26/Thread-7 (process_request_thread)] [INFO] PUT request for '/acceptance/calendar/seed-c.ics' received from 127.0.0.1 using 'Python-urllib/3.12'
[2026-10-05 17:06:45 +0800] [26/Thread-7 (process_request_thread)] [DEBUG] Request header: suppressed by config/option [logging] request_header_on_debug
[2026-10-05 17:06:45 +0800] [26/Thread-7 (process_request_thread)] [DEBUG] Sanitized path: '/acceptance/calendar/seed-c.ics'
[2026-10-05 17:06:45 +0800] [26/Thread-7 (process_request_thread)] [INFO] Successful login: 'acceptance' (none)
[2026-10-05 17:06:45 +0800] [26/Thread-7 (process_request_thread)] [DEBUG] logging of rules which doesn't match suppressed by config/option [logging] rights_rule_doesnt_match_on_debug
[2026-10-05 17:06:45 +0800] [26/Thread-7 (process_request_thread)] [DEBUG] Rule 'acceptance':'acceptance/calendar/seed-c.ics' matches '.*':'.*' from section 'all' permission 'RrWw'
[2026-10-05 17:06:45 +0800] [26/Thread-7 (process_request_thread)] [DEBUG] Request content: suppressed by config/option [logging] request_content_on_debug
[2026-10-05 17:06:45 +0800] [26/Thread-7 (process_request_thread)] [DEBUG] logging of rules which doesn't match suppressed by config/option [logging] rights_rule_doesnt_match_on_debug
[2026-10-05 17:06:45 +0800] [26/Thread-7 (process_request_thread)] [DEBUG] Rule 'acceptance':'acceptance/calendar' matches '.*':'.*' from section 'all' permission 'RrWw'
[2026-10-05 17:06:45 +0800] [26/Thread-7 (process_request_thread)] [DEBUG] PUT request contains item with UID 'seed-c' size 229 below limit 10000000: '/acceptance/calendar/seed-c.ics'
[2026-10-05 17:06:45 +0800] [26/Thread-7 (process_request_thread)] [DEBUG] Response header: suppressed by config/option [logging] response_header_on_debug
[2026-10-05 17:06:45 +0800] [26/Thread-7 (process_request_thread)] [INFO] PUT response status for '/acceptance/calendar/seed-c.ics' in 0.002 seconds: 201 Created
[2026-10-05 17:07:01 +0800] [26/Thread-8 (process_request_thread)] [INFO] PROPFIND request for '/acceptance/calendar/' with depth '0' received from 127.0.0.1 using 'Mozilla/5.0 (X11; Linux x86_64; rv:153.0) Gecko/20100101 Thunderbird/153.1.0'
[2026-10-05 17:07:01 +0800] [26/Thread-8 (process_request_thread)] [DEBUG] Request header: suppressed by config/option [logging] request_header_on_debug
[2026-10-05 17:07:01 +0800] [26/Thread-8 (process_request_thread)] [DEBUG] Sanitized path: '/acceptance/calendar/'
[2026-10-05 17:07:01 +0800] [26/Thread-8 (process_request_thread)] [DEBUG] logging of rules which doesn't match suppressed by config/option [logging] rights_rule_doesnt_match_on_debug
[2026-10-05 17:07:01 +0800] [26/Thread-8 (process_request_thread)] [DEBUG] Rule '':'acceptance/calendar' matches '.*':'.*' from section 'all' permission 'RrWw'
[2026-10-05 17:07:01 +0800] [26/Thread-8 (process_request_thread)] [DEBUG] Request content (XML): suppressed by config/option [logging] request_content_on_debug
[2026-10-05 17:07:01 +0800] [26/Thread-8 (process_request_thread)] [DEBUG] logging of rules which doesn't match suppressed by config/option [logging] rights_rule_doesnt_match_on_debug
[2026-10-05 17:07:01 +0800] [26/Thread-8 (process_request_thread)] [DEBUG] Rule '':'acceptance/calendar' matches '.*':'.*' from section 'all' permission 'RrWw'
[2026-10-05 17:07:01 +0800] [26/Thread-8 (process_request_thread)] [DEBUG] anonymous user has write access to collection with tag 'acceptance/calendar'
[2026-10-05 17:07:01 +0800] [26/Thread-8 (process_request_thread)] [NOTICE] Access to '/acceptance/calendar/' denied for anonymous user
[2026-10-05 17:07:01 +0800] [26/Thread-8 (process_request_thread)] [DEBUG] Asking client for authentication
[2026-10-05 17:07:01 +0800] [26/Thread-8 (process_request_thread)] [DEBUG] Response content: suppressed by config/option [logging] response_content_on_debug
[2026-10-05 17:07:01 +0800] [26/Thread-8 (process_request_thread)] [DEBUG] Response header: suppressed by config/option [logging] response_header_on_debug
[2026-10-05 17:07:01 +0800] [26/Thread-8 (process_request_thread)] [DEBUG] Response random delay triggered by result code: 401 -> 0.709 seconds
[2026-10-05 17:07:02 +0800] [26/Thread-8 (process_request_thread)] [NOTICE] PROPFIND response status for '/acceptance/calendar/' with depth '0' in 0.710 seconds gzip 61 bytes: 401 Unauthorized
[2026-10-05 17:07:02 +0800] [26/Thread-9 (process_request_thread)] [INFO] PROPFIND request for '/acceptance/calendar/' with depth '0' received from 127.0.0.1 using 'Mozilla/5.0 (X11; Linux x86_64; rv:153.0) Gecko/20100101 Thunderbird/153.1.0'
[2026-10-05 17:07:02 +0800] [26/Thread-9 (process_request_thread)] [DEBUG] Request header: suppressed by config/option [logging] request_header_on_debug
[2026-10-05 17:07:02 +0800] [26/Thread-9 (process_request_thread)] [DEBUG] Sanitized path: '/acceptance/calendar/'
[2026-10-05 17:07:02 +0800] [26/Thread-9 (process_request_thread)] [INFO] Successful login: 'acceptance' (none)
[2026-10-05 17:07:02 +0800] [26/Thread-9 (process_request_thread)] [DEBUG] logging of rules which doesn't match suppressed by config/option [logging] rights_rule_doesnt_match_on_debug
[2026-10-05 17:07:02 +0800] [26/Thread-9 (process_request_thread)] [DEBUG] Rule 'acceptance':'acceptance/calendar' matches '.*':'.*' from section 'all' permission 'RrWw'
[2026-10-05 17:07:02 +0800] [26/Thread-9 (process_request_thread)] [DEBUG] Request content (XML): suppressed by config/option [logging] request_content_on_debug
[2026-10-05 17:07:02 +0800] [26/Thread-9 (process_request_thread)] [DEBUG] logging of rules which doesn't match suppressed by config/option [logging] rights_rule_doesnt_match_on_debug
[2026-10-05 17:07:02 +0800] [26/Thread-9 (process_request_thread)] [DEBUG] Rule 'acceptance':'acceptance/calendar' matches '.*':'.*' from section 'all' permission 'RrWw'
[2026-10-05 17:07:02 +0800] [26/Thread-9 (process_request_thread)] [DEBUG] 'acceptance' has write access to collection with tag 'acceptance/calendar'
[2026-10-05 17:07:02 +0800] [26/Thread-9 (process_request_thread)] [DEBUG] Response content (XML): suppressed by config/option [logging] response_content_on_debug
[2026-10-05 17:07:02 +0800] [26/Thread-9 (process_request_thread)] [DEBUG] Response header: suppressed by config/option [logging] response_header_on_debug
[2026-10-05 17:07:02 +0800] [26/Thread-9 (process_request_thread)] [INFO] PROPFIND response status for '/acceptance/calendar/' with depth '0' in 0.002 seconds gzip 514 bytes (getctag): 207 Multi-Status
[2026-10-05 17:07:02 +0800] [26/Thread-10 (process_request_thread)] [INFO] OPTIONS request for '/acceptance/' received from 127.0.0.1 using 'Mozilla/5.0 (X11; Linux x86_64; rv:153.0) Gecko/20100101 Thunderbird/153.1.0'
[2026-10-05 17:07:02 +0800] [26/Thread-10 (process_request_thread)] [DEBUG] Request header: suppressed by config/option [logging] request_header_on_debug
[2026-10-05 17:07:02 +0800] [26/Thread-10 (process_request_thread)] [DEBUG] Sanitized path: '/acceptance/'
[2026-10-05 17:07:02 +0800] [26/Thread-10 (process_request_thread)] [DEBUG] Response header: suppressed by config/option [logging] response_header_on_debug
[2026-10-05 17:07:02 +0800] [26/Thread-10 (process_request_thread)] [INFO] OPTIONS response status for '/acceptance/' in 0.000 seconds: 200 OK
[2026-10-05 17:07:02 +0800] [26/Thread-11 (process_request_thread)] [INFO] REPORT request for '/acceptance/calendar/' with depth '1' received from 127.0.0.1 using 'Mozilla/5.0 (X11; Linux x86_64; rv:153.0) Gecko/20100101 Thunderbird/153.1.0'
[2026-10-05 17:07:02 +0800] [26/Thread-11 (process_request_thread)] [DEBUG] Request header: suppressed by config/option [logging] request_header_on_debug
[2026-10-05 17:07:02 +0800] [26/Thread-11 (process_request_thread)] [DEBUG] Sanitized path: '/acceptance/calendar/'
[2026-10-05 17:07:02 +0800] [26/Thread-11 (process_request_thread)] [INFO] Successful login: 'acceptance' (none)
[2026-10-05 17:07:02 +0800] [26/Thread-11 (process_request_thread)] [DEBUG] logging of rules which doesn't match suppressed by config/option [logging] rights_rule_doesnt_match_on_debug
[2026-10-05 17:07:02 +0800] [26/Thread-11 (process_request_thread)] [DEBUG] Rule 'acceptance':'acceptance/calendar' matches '.*':'.*' from section 'all' permission 'RrWw'
[2026-10-05 17:07:02 +0800] [26/Thread-11 (process_request_thread)] [DEBUG] Request content (XML): suppressed by config/option [logging] request_content_on_debug
[2026-10-05 17:07:02 +0800] [26/Thread-11 (process_request_thread)] [DEBUG] Client provided sync token: ''
[2026-10-05 17:07:02 +0800] [26/Thread-11 (process_request_thread)] [DEBUG] Response content (XML): suppressed by config/option [logging] response_content_on_debug
[2026-10-05 17:07:02 +0800] [26/Thread-11 (process_request_thread)] [DEBUG] Response header: suppressed by config/option [logging] response_header_on_debug
[2026-10-05 17:07:02 +0800] [26/Thread-11 (process_request_thread)] [INFO] REPORT response status for '/acceptance/calendar/' with depth '1' in 0.002 seconds gzip 448 bytes (sync-token getetag sync-collection): 207 Multi-Status
[2026-10-05 17:07:02 +0800] [26/Thread-12 (process_request_thread)] [INFO] REPORT request for '/acceptance/calendar/' with depth '1' received from 127.0.0.1 using 'Mozilla/5.0 (X11; Linux x86_64; rv:153.0) Gecko/20100101 Thunderbird/153.1.0'
[2026-10-05 17:07:02 +0800] [26/Thread-12 (process_request_thread)] [DEBUG] Request header: suppressed by config/option [logging] request_header_on_debug
[2026-10-05 17:07:02 +0800] [26/Thread-12 (process_request_thread)] [DEBUG] Sanitized path: '/acceptance/calendar/'
[2026-10-05 17:07:02 +0800] [26/Thread-12 (process_request_thread)] [INFO] Successful login: 'acceptance' (none)
[2026-10-05 17:07:02 +0800] [26/Thread-12 (process_request_thread)] [DEBUG] logging of rules which doesn't match suppressed by config/option [logging] rights_rule_doesnt_match_on_debug
[2026-10-05 17:07:02 +0800] [26/Thread-12 (process_request_thread)] [DEBUG] Rule 'acceptance':'acceptance/calendar' matches '.*':'.*' from section 'all' permission 'RrWw'
[2026-10-05 17:07:02 +0800] [26/Thread-12 (process_request_thread)] [DEBUG] Request content (XML): suppressed by config/option [logging] request_content_on_debug
[2026-10-05 17:07:02 +0800] [26/Thread-12 (process_request_thread)] [DEBUG] Response content (XML): suppressed by config/option [logging] response_content_on_debug
[2026-10-05 17:07:02 +0800] [26/Thread-12 (process_request_thread)] [DEBUG] Response header: suppressed by config/option [logging] response_header_on_debug
[2026-10-05 17:07:02 +0800] [26/Thread-12 (process_request_thread)] [INFO] REPORT response status for '/acceptance/calendar/' with depth '1' in 0.002 seconds gzip 548 bytes (getetag): 207 Multi-Status
[2026-10-05 17:07:02 +0800] [26/Thread-13 (process_request_thread)] [INFO] GET request for '/acceptance/calendar/seed-a.ics' received from 127.0.0.1 using 'Python-urllib/3.12'
[2026-10-05 17:07:02 +0800] [26/Thread-13 (process_request_thread)] [DEBUG] Request header: suppressed by config/option [logging] request_header_on_debug
[2026-10-05 17:07:02 +0800] [26/Thread-13 (process_request_thread)] [DEBUG] Sanitized path: '/acceptance/calendar/seed-a.ics'
[2026-10-05 17:07:02 +0800] [26/Thread-13 (process_request_thread)] [INFO] Successful login: 'acceptance' (none)
[2026-10-05 17:07:02 +0800] [26/Thread-13 (process_request_thread)] [DEBUG] logging of rules which doesn't match suppressed by config/option [logging] rights_rule_doesnt_match_on_debug
[2026-10-05 17:07:02 +0800] [26/Thread-13 (process_request_thread)] [DEBUG] Rule 'acceptance':'acceptance/calendar/seed-a.ics' matches '.*':'.*' from section 'all' permission 'RrWw'
[2026-10-05 17:07:02 +0800] [26/Thread-13 (process_request_thread)] [DEBUG] logging of rules which doesn't match suppressed by config/option [logging] rights_rule_doesnt_match_on_debug
[2026-10-05 17:07:02 +0800] [26/Thread-13 (process_request_thread)] [DEBUG] Rule 'acceptance':'acceptance/calendar' matches '.*':'.*' from section 'all' permission 'RrWw'
[2026-10-05 17:07:02 +0800] [26/Thread-13 (process_request_thread)] [DEBUG] Response content: suppressed by config/option [logging] response_content_on_debug
[2026-10-05 17:07:02 +0800] [26/Thread-13 (process_request_thread)] [DEBUG] Response header: suppressed by config/option [logging] response_header_on_debug
[2026-10-05 17:07:02 +0800] [26/Thread-13 (process_request_thread)] [INFO] GET response status for '/acceptance/calendar/seed-a.ics' in 0.001 seconds plain 229 bytes: 200 OK
[2026-10-05 17:07:02 +0800] [26/Thread-14 (process_request_thread)] [INFO] GET request for '/acceptance/calendar/seed-b.ics' received from 127.0.0.1 using 'Python-urllib/3.12'
[2026-10-05 17:07:02 +0800] [26/Thread-14 (process_request_thread)] [DEBUG] Request header: suppressed by config/option [logging] request_header_on_debug
[2026-10-05 17:07:02 +0800] [26/Thread-14 (process_request_thread)] [DEBUG] Sanitized path: '/acceptance/calendar/seed-b.ics'
[2026-10-05 17:07:02 +0800] [26/Thread-14 (process_request_thread)] [INFO] Successful login: 'acceptance' (none)
[2026-10-05 17:07:02 +0800] [26/Thread-14 (process_request_thread)] [DEBUG] logging of rules which doesn't match suppressed by config/option [logging] rights_rule_doesnt_match_on_debug
[2026-10-05 17:07:02 +0800] [26/Thread-14 (process_request_thread)] [DEBUG] Rule 'acceptance':'acceptance/calendar/seed-b.ics' matches '.*':'.*' from section 'all' permission 'RrWw'
[2026-10-05 17:07:02 +0800] [26/Thread-14 (process_request_thread)] [DEBUG] logging of rules which doesn't match suppressed by config/option [logging] rights_rule_doesnt_match_on_debug
[2026-10-05 17:07:02 +0800] [26/Thread-14 (process_request_thread)] [DEBUG] Rule 'acceptance':'acceptance/calendar' matches '.*':'.*' from section 'all' permission 'RrWw'
[2026-10-05 17:07:02 +0800] [26/Thread-14 (process_request_thread)] [DEBUG] Response content: suppressed by config/option [logging] response_content_on_debug
[2026-10-05 17:07:02 +0800] [26/Thread-14 (process_request_thread)] [DEBUG] Response header: suppressed by config/option [logging] response_header_on_debug
[2026-10-05 17:07:02 +0800] [26/Thread-14 (process_request_thread)] [INFO] GET response status for '/acceptance/calendar/seed-b.ics' in 0.001 seconds plain 229 bytes: 200 OK
[2026-10-05 17:07:03 +0800] [26/Thread-15 (process_request_thread)] [INFO] GET request for '/acceptance/calendar/seed-a.ics' received from 127.0.0.1 using 'Python-urllib/3.12'
[2026-10-05 17:07:03 +0800] [26/Thread-15 (process_request_thread)] [DEBUG] Request header: suppressed by config/option [logging] request_header_on_debug
[2026-10-05 17:07:03 +0800] [26/Thread-15 (process_request_thread)] [DEBUG] Sanitized path: '/acceptance/calendar/seed-a.ics'
[2026-10-05 17:07:03 +0800] [26/Thread-15 (process_request_thread)] [INFO] Successful login: 'acceptance' (none)
[2026-10-05 17:07:03 +0800] [26/Thread-15 (process_request_thread)] [DEBUG] logging of rules which doesn't match suppressed by config/option [logging] rights_rule_doesnt_match_on_debug
[2026-10-05 17:07:03 +0800] [26/Thread-15 (process_request_thread)] [DEBUG] Rule 'acceptance':'acceptance/calendar/seed-a.ics' matches '.*':'.*' from section 'all' permission 'RrWw'
[2026-10-05 17:07:03 +0800] [26/Thread-15 (process_request_thread)] [DEBUG] logging of rules which doesn't match suppressed by config/option [logging] rights_rule_doesnt_match_on_debug
[2026-10-05 17:07:03 +0800] [26/Thread-15 (process_request_thread)] [DEBUG] Rule 'acceptance':'acceptance/calendar' matches '.*':'.*' from section 'all' permission 'RrWw'
[2026-10-05 17:07:03 +0800] [26/Thread-15 (process_request_thread)] [DEBUG] Response content: suppressed by config/option [logging] response_content_on_debug
[2026-10-05 17:07:03 +0800] [26/Thread-15 (process_request_thread)] [DEBUG] Response header: suppressed by config/option [logging] response_header_on_debug
[2026-10-05 17:07:03 +0800] [26/Thread-15 (process_request_thread)] [INFO] GET response status for '/acceptance/calendar/seed-a.ics' in 0.001 seconds plain 229 bytes: 200 OK
[2026-10-05 17:07:03 +0800] [26/Thread-16 (process_request_thread)] [INFO] GET request for '/acceptance/calendar/seed-b.ics' received from 127.0.0.1 using 'Python-urllib/3.12'
[2026-10-05 17:07:03 +0800] [26/Thread-16 (process_request_thread)] [DEBUG] Request header: suppressed by config/option [logging] request_header_on_debug
[2026-10-05 17:07:03 +0800] [26/Thread-16 (process_request_thread)] [DEBUG] Sanitized path: '/acceptance/calendar/seed-b.ics'
[2026-10-05 17:07:03 +0800] [26/Thread-16 (process_request_thread)] [INFO] Successful login: 'acceptance' (none)
[2026-10-05 17:07:03 +0800] [26/Thread-16 (process_request_thread)] [DEBUG] logging of rules which doesn't match suppressed by config/option [logging] rights_rule_doesnt_match_on_debug
[2026-10-05 17:07:03 +0800] [26/Thread-16 (process_request_thread)] [DEBUG] Rule 'acceptance':'acceptance/calendar/seed-b.ics' matches '.*':'.*' from section 'all' permission 'RrWw'
[2026-10-05 17:07:03 +0800] [26/Thread-16 (process_request_thread)] [DEBUG] logging of rules which doesn't match suppressed by config/option [logging] rights_rule_doesnt_match_on_debug
[2026-10-05 17:07:03 +0800] [26/Thread-16 (process_request_thread)] [DEBUG] Rule 'acceptance':'acceptance/calendar' matches '.*':'.*' from section 'all' permission 'RrWw'
[2026-10-05 17:07:03 +0800] [26/Thread-16 (process_request_thread)] [DEBUG] Response content: suppressed by config/option [logging] response_content_on_debug
[2026-10-05 17:07:03 +0800] [26/Thread-16 (process_request_thread)] [DEBUG] Response header: suppressed by config/option [logging] response_header_on_debug
[2026-10-05 17:07:03 +0800] [26/Thread-16 (process_request_thread)] [INFO] GET response status for '/acceptance/calendar/seed-b.ics' in 0.001 seconds plain 229 bytes: 200 OK
[2026-10-05 17:07:03 +0800] [26/Thread-17 (process_request_thread)] [INFO] GET request for '/acceptance/calendar/seed-a.ics' received from 127.0.0.1 using 'Python-urllib/3.12'
[2026-10-05 17:07:03 +0800] [26/Thread-17 (process_request_thread)] [DEBUG] Request header: suppressed by config/option [logging] request_header_on_debug
[2026-10-05 17:07:03 +0800] [26/Thread-17 (process_request_thread)] [DEBUG] Sanitized path: '/acceptance/calendar/seed-a.ics'
[2026-10-05 17:07:03 +0800] [26/Thread-17 (process_request_thread)] [INFO] Successful login: 'acceptance' (none)
[2026-10-05 17:07:03 +0800] [26/Thread-17 (process_request_thread)] [DEBUG] logging of rules which doesn't match suppressed by config/option [logging] rights_rule_doesnt_match_on_debug
[2026-10-05 17:07:03 +0800] [26/Thread-17 (process_request_thread)] [DEBUG] Rule 'acceptance':'acceptance/calendar/seed-a.ics' matches '.*':'.*' from section 'all' permission 'RrWw'
[2026-10-05 17:07:03 +0800] [26/Thread-17 (process_request_thread)] [DEBUG] logging of rules which doesn't match suppressed by config/option [logging] rights_rule_doesnt_match_on_debug
[2026-10-05 17:07:03 +0800] [26/Thread-17 (process_request_thread)] [DEBUG] Rule 'acceptance':'acceptance/calendar' matches '.*':'.*' from section 'all' permission 'RrWw'
[2026-10-05 17:07:03 +0800] [26/Thread-17 (process_request_thread)] [DEBUG] Response content: suppressed by config/option [logging] response_content_on_debug
[2026-10-05 17:07:03 +0800] [26/Thread-17 (process_request_thread)] [DEBUG] Response header: suppressed by config/option [logging] response_header_on_debug
[2026-10-05 17:07:03 +0800] [26/Thread-17 (process_request_thread)] [INFO] GET response status for '/acceptance/calendar/seed-a.ics' in 0.001 seconds plain 229 bytes: 200 OK
[2026-10-05 17:07:03 +0800] [26/Thread-18 (process_request_thread)] [INFO] GET request for '/acceptance/calendar/seed-b.ics' received from 127.0.0.1 using 'Python-urllib/3.12'
[2026-10-05 17:07:03 +0800] [26/Thread-18 (process_request_thread)] [DEBUG] Request header: suppressed by config/option [logging] request_header_on_debug
[2026-10-05 17:07:03 +0800] [26/Thread-18 (process_request_thread)] [DEBUG] Sanitized path: '/acceptance/calendar/seed-b.ics'
[2026-10-05 17:07:03 +0800] [26/Thread-18 (process_request_thread)] [INFO] Successful login: 'acceptance' (none)
[2026-10-05 17:07:03 +0800] [26/Thread-18 (process_request_thread)] [DEBUG] logging of rules which doesn't match suppressed by config/option [logging] rights_rule_doesnt_match_on_debug
[2026-10-05 17:07:03 +0800] [26/Thread-18 (process_request_thread)] [DEBUG] Rule 'acceptance':'acceptance/calendar/seed-b.ics' matches '.*':'.*' from section 'all' permission 'RrWw'
[2026-10-05 17:07:03 +0800] [26/Thread-18 (process_request_thread)] [DEBUG] logging of rules which doesn't match suppressed by config/option [logging] rights_rule_doesnt_match_on_debug
[2026-10-05 17:07:03 +0800] [26/Thread-18 (process_request_thread)] [DEBUG] Rule 'acceptance':'acceptance/calendar' matches '.*':'.*' from section 'all' permission 'RrWw'
[2026-10-05 17:07:03 +0800] [26/Thread-18 (process_request_thread)] [DEBUG] Response content: suppressed by config/option [logging] response_content_on_debug
[2026-10-05 17:07:03 +0800] [26/Thread-18 (process_request_thread)] [DEBUG] Response header: suppressed by config/option [logging] response_header_on_debug
[2026-10-05 17:07:03 +0800] [26/Thread-18 (process_request_thread)] [INFO] GET response status for '/acceptance/calendar/seed-b.ics' in 0.000 seconds plain 229 bytes: 200 OK
[2026-10-05 17:07:03 +0800] [26/Thread-19 (process_request_thread)] [INFO] GET request for '/acceptance/calendar/seed-a.ics' received from 127.0.0.1 using 'Python-urllib/3.12'
[2026-10-05 17:07:03 +0800] [26/Thread-19 (process_request_thread)] [DEBUG] Request header: suppressed by config/option [logging] request_header_on_debug
[2026-10-05 17:07:03 +0800] [26/Thread-19 (process_request_thread)] [DEBUG] Sanitized path: '/acceptance/calendar/seed-a.ics'
[2026-10-05 17:07:03 +0800] [26/Thread-19 (process_request_thread)] [INFO] Successful login: 'acceptance' (none)
[2026-10-05 17:07:03 +0800] [26/Thread-19 (process_request_thread)] [DEBUG] logging of rules which doesn't match suppressed by config/option [logging] rights_rule_doesnt_match_on_debug
[2026-10-05 17:07:03 +0800] [26/Thread-19 (process_request_thread)] [DEBUG] Rule 'acceptance':'acceptance/calendar/seed-a.ics' matches '.*':'.*' from section 'all' permission 'RrWw'
[2026-10-05 17:07:03 +0800] [26/Thread-19 (process_request_thread)] [DEBUG] logging of rules which doesn't match suppressed by config/option [logging] rights_rule_doesnt_match_on_debug
[2026-10-05 17:07:03 +0800] [26/Thread-19 (process_request_thread)] [DEBUG] Rule 'acceptance':'acceptance/calendar' matches '.*':'.*' from section 'all' permission 'RrWw'
[2026-10-05 17:07:03 +0800] [26/Thread-19 (process_request_thread)] [DEBUG] Response content: suppressed by config/option [logging] response_content_on_debug
[2026-10-05 17:07:03 +0800] [26/Thread-19 (process_request_thread)] [DEBUG] Response header: suppressed by config/option [logging] response_header_on_debug
[2026-10-05 17:07:03 +0800] [26/Thread-19 (process_request_thread)] [INFO] GET response status for '/acceptance/calendar/seed-a.ics' in 0.001 seconds plain 229 bytes: 200 OK
[2026-10-05 17:07:03 +0800] [26/Thread-20 (process_request_thread)] [INFO] PUT request for '/acceptance/calendar/seed-a.ics' received from 127.0.0.1 using 'Python-urllib/3.12'
[2026-10-05 17:07:03 +0800] [26/Thread-20 (process_request_thread)] [DEBUG] Request header: suppressed by config/option [logging] request_header_on_debug
[2026-10-05 17:07:03 +0800] [26/Thread-20 (process_request_thread)] [DEBUG] Sanitized path: '/acceptance/calendar/seed-a.ics'
[2026-10-05 17:07:03 +0800] [26/Thread-20 (process_request_thread)] [INFO] Successful login: 'acceptance' (none)
[2026-10-05 17:07:03 +0800] [26/Thread-20 (process_request_thread)] [DEBUG] logging of rules which doesn't match suppressed by config/option [logging] rights_rule_doesnt_match_on_debug
[2026-10-05 17:07:03 +0800] [26/Thread-20 (process_request_thread)] [DEBUG] Rule 'acceptance':'acceptance/calendar/seed-a.ics' matches '.*':'.*' from section 'all' permission 'RrWw'
[2026-10-05 17:07:03 +0800] [26/Thread-20 (process_request_thread)] [DEBUG] Request content: suppressed by config/option [logging] request_content_on_debug
[2026-10-05 17:07:03 +0800] [26/Thread-20 (process_request_thread)] [DEBUG] logging of rules which doesn't match suppressed by config/option [logging] rights_rule_doesnt_match_on_debug
[2026-10-05 17:07:03 +0800] [26/Thread-20 (process_request_thread)] [DEBUG] Rule 'acceptance':'acceptance/calendar' matches '.*':'.*' from section 'all' permission 'RrWw'
[2026-10-05 17:07:03 +0800] [26/Thread-20 (process_request_thread)] [DEBUG] PUT request contains item with UID 'seed-a' size 229 below limit 10000000: '/acceptance/calendar/seed-a.ics'
[2026-10-05 17:07:03 +0800] [26/Thread-20 (process_request_thread)] [DEBUG] PUT request updated existing item '/acceptance/calendar/seed-a.ics'
[2026-10-05 17:07:03 +0800] [26/Thread-20 (process_request_thread)] [DEBUG] Response header: suppressed by config/option [logging] response_header_on_debug
[2026-10-05 17:07:03 +0800] [26/Thread-20 (process_request_thread)] [INFO] PUT response status for '/acceptance/calendar/seed-a.ics' in 0.002 seconds: 204 No Content
[2026-10-05 17:07:03 +0800] [26/Thread-21 (process_request_thread)] [INFO] REPORT request for '/acceptance/calendar/' with depth '1' received from 127.0.0.1 using 'Mozilla/5.0 (X11; Linux x86_64; rv:153.0) Gecko/20100101 Thunderbird/153.1.0'
[2026-10-05 17:07:03 +0800] [26/Thread-21 (process_request_thread)] [DEBUG] Request header: suppressed by config/option [logging] request_header_on_debug
[2026-10-05 17:07:03 +0800] [26/Thread-21 (process_request_thread)] [DEBUG] Sanitized path: '/acceptance/calendar/'
[2026-10-05 17:07:03 +0800] [26/Thread-21 (process_request_thread)] [INFO] Successful login: 'acceptance' (none)
[2026-10-05 17:07:03 +0800] [26/Thread-21 (process_request_thread)] [DEBUG] logging of rules which doesn't match suppressed by config/option [logging] rights_rule_doesnt_match_on_debug
[2026-10-05 17:07:03 +0800] [26/Thread-21 (process_request_thread)] [DEBUG] Rule 'acceptance':'acceptance/calendar' matches '.*':'.*' from section 'all' permission 'RrWw'
[2026-10-05 17:07:03 +0800] [26/Thread-21 (process_request_thread)] [DEBUG] Request content (XML): suppressed by config/option [logging] request_content_on_debug
[2026-10-05 17:07:03 +0800] [26/Thread-21 (process_request_thread)] [DEBUG] Response content (XML): suppressed by config/option [logging] response_content_on_debug
[2026-10-05 17:07:03 +0800] [26/Thread-21 (process_request_thread)] [DEBUG] Response header: suppressed by config/option [logging] response_header_on_debug
[2026-10-05 17:07:03 +0800] [26/Thread-21 (process_request_thread)] [INFO] REPORT response status for '/acceptance/calendar/' with depth '1' in 0.002 seconds gzip 426 bytes (getetag): 207 Multi-Status
[2026-10-05 17:07:03 +0800] [26/Thread-22 (process_request_thread)] [INFO] REPORT request for '/acceptance/calendar/' with depth '1' received from 127.0.0.1 using 'Mozilla/5.0 (X11; Linux x86_64; rv:153.0) Gecko/20100101 Thunderbird/153.1.0'
[2026-10-05 17:07:03 +0800] [26/Thread-22 (process_request_thread)] [DEBUG] Request header: suppressed by config/option [logging] request_header_on_debug
[2026-10-05 17:07:03 +0800] [26/Thread-22 (process_request_thread)] [DEBUG] Sanitized path: '/acceptance/calendar/'
[2026-10-05 17:07:03 +0800] [26/Thread-22 (process_request_thread)] [INFO] Successful login: 'acceptance' (none)
[2026-10-05 17:07:03 +0800] [26/Thread-22 (process_request_thread)] [DEBUG] logging of rules which doesn't match suppressed by config/option [logging] rights_rule_doesnt_match_on_debug
[2026-10-05 17:07:03 +0800] [26/Thread-22 (process_request_thread)] [DEBUG] Rule 'acceptance':'acceptance/calendar' matches '.*':'.*' from section 'all' permission 'RrWw'
[2026-10-05 17:07:03 +0800] [26/Thread-22 (process_request_thread)] [DEBUG] Request content (XML): suppressed by config/option [logging] request_content_on_debug
[2026-10-05 17:07:03 +0800] [26/Thread-22 (process_request_thread)] [DEBUG] Client provided sync token: 'http://radicale.org/ns/sync/bbc06ce3a34bd9bca3818cbe8deeca4a9b38994dbc1f1e284028ed4969cab9ef'
[2026-10-05 17:07:03 +0800] [26/Thread-22 (process_request_thread)] [DEBUG] Response content (XML): suppressed by config/option [logging] response_content_on_debug
[2026-10-05 17:07:03 +0800] [26/Thread-22 (process_request_thread)] [DEBUG] Response header: suppressed by config/option [logging] response_header_on_debug
[2026-10-05 17:07:03 +0800] [26/Thread-22 (process_request_thread)] [INFO] REPORT response status for '/acceptance/calendar/' with depth '1' in 0.002 seconds gzip 345 bytes (getetag sync-collection): 207 Multi-Status
[2026-10-05 17:07:03 +0800] [26/Thread-23 (process_request_thread)] [INFO] PUT request for '/acceptance/calendar/seed-a.ics' received from 127.0.0.1 using 'Mozilla/5.0 (X11; Linux x86_64; rv:153.0) Gecko/20100101 Thunderbird/153.1.0'
[2026-10-05 17:07:03 +0800] [26/Thread-23 (process_request_thread)] [DEBUG] Request header: suppressed by config/option [logging] request_header_on_debug
[2026-10-05 17:07:03 +0800] [26/Thread-23 (process_request_thread)] [DEBUG] Sanitized path: '/acceptance/calendar/seed-a.ics'
[2026-10-05 17:07:03 +0800] [26/Thread-23 (process_request_thread)] [INFO] Successful login: 'acceptance' (none)
[2026-10-05 17:07:03 +0800] [26/Thread-23 (process_request_thread)] [DEBUG] logging of rules which doesn't match suppressed by config/option [logging] rights_rule_doesnt_match_on_debug
[2026-10-05 17:07:03 +0800] [26/Thread-23 (process_request_thread)] [DEBUG] Rule 'acceptance':'acceptance/calendar/seed-a.ics' matches '.*':'.*' from section 'all' permission 'RrWw'
[2026-10-05 17:07:03 +0800] [26/Thread-23 (process_request_thread)] [DEBUG] Request content: suppressed by config/option [logging] request_content_on_debug
[2026-10-05 17:07:03 +0800] [26/Thread-23 (process_request_thread)] [DEBUG] logging of rules which doesn't match suppressed by config/option [logging] rights_rule_doesnt_match_on_debug
[2026-10-05 17:07:03 +0800] [26/Thread-23 (process_request_thread)] [DEBUG] Rule 'acceptance':'acceptance/calendar' matches '.*':'.*' from section 'all' permission 'RrWw'
[2026-10-05 17:07:03 +0800] [26/Thread-23 (process_request_thread)] [DEBUG] Precondition passed on PUT request for '/acceptance/calendar/seed-a.ics' (HTTP_IF_MATCH: "ea68bd56534d79bf65c5abcd1f54f2c4d3540e9975f3368ce98715b971900ad5", item has etag: "ea68bd56534d79bf65c5abcd1f54f2c4d3540e9975f3368ce98715b971900ad5")
[2026-10-05 17:07:03 +0800] [26/Thread-23 (process_request_thread)] [DEBUG] PUT request contains item with UID 'seed-a' size 568 below limit 10000000: '/acceptance/calendar/seed-a.ics'
[2026-10-05 17:07:03 +0800] [26/Thread-23 (process_request_thread)] [DEBUG] PUT request updated existing item '/acceptance/calendar/seed-a.ics'
[2026-10-05 17:07:03 +0800] [26/Thread-23 (process_request_thread)] [DEBUG] Response header: suppressed by config/option [logging] response_header_on_debug
[2026-10-05 17:07:03 +0800] [26/Thread-23 (process_request_thread)] [INFO] PUT response status for '/acceptance/calendar/seed-a.ics' in 0.003 seconds: 204 No Content
[2026-10-05 17:07:03 +0800] [26/Thread-24 (process_request_thread)] [INFO] REPORT request for '/acceptance/calendar/' with depth '1' received from 127.0.0.1 using 'Mozilla/5.0 (X11; Linux x86_64; rv:153.0) Gecko/20100101 Thunderbird/153.1.0'
[2026-10-05 17:07:03 +0800] [26/Thread-24 (process_request_thread)] [DEBUG] Request header: suppressed by config/option [logging] request_header_on_debug
[2026-10-05 17:07:03 +0800] [26/Thread-24 (process_request_thread)] [DEBUG] Sanitized path: '/acceptance/calendar/'
[2026-10-05 17:07:03 +0800] [26/Thread-24 (process_request_thread)] [INFO] Successful login: 'acceptance' (none)
[2026-10-05 17:07:03 +0800] [26/Thread-24 (process_request_thread)] [DEBUG] logging of rules which doesn't match suppressed by config/option [logging] rights_rule_doesnt_match_on_debug
[2026-10-05 17:07:03 +0800] [26/Thread-24 (process_request_thread)] [DEBUG] Rule 'acceptance':'acceptance/calendar' matches '.*':'.*' from section 'all' permission 'RrWw'
[2026-10-05 17:07:03 +0800] [26/Thread-24 (process_request_thread)] [DEBUG] Request content (XML): suppressed by config/option [logging] request_content_on_debug
[2026-10-05 17:07:03 +0800] [26/Thread-24 (process_request_thread)] [DEBUG] Response content (XML): suppressed by config/option [logging] response_content_on_debug
[2026-10-05 17:07:03 +0800] [26/Thread-24 (process_request_thread)] [DEBUG] Response header: suppressed by config/option [logging] response_header_on_debug
[2026-10-05 17:07:03 +0800] [26/Thread-24 (process_request_thread)] [INFO] REPORT response status for '/acceptance/calendar/' with depth '1' in 0.001 seconds gzip 643 bytes (getetag): 207 Multi-Status
[2026-10-05 17:07:03 +0800] [26/Thread-25 (process_request_thread)] [INFO] REPORT request for '/acceptance/calendar/' with depth '1' received from 127.0.0.1 using 'Mozilla/5.0 (X11; Linux x86_64; rv:153.0) Gecko/20100101 Thunderbird/153.1.0'
[2026-10-05 17:07:03 +0800] [26/Thread-25 (process_request_thread)] [DEBUG] Request header: suppressed by config/option [logging] request_header_on_debug
[2026-10-05 17:07:03 +0800] [26/Thread-25 (process_request_thread)] [DEBUG] Sanitized path: '/acceptance/calendar/'
[2026-10-05 17:07:03 +0800] [26/Thread-25 (process_request_thread)] [INFO] Successful login: 'acceptance' (none)
[2026-10-05 17:07:03 +0800] [26/Thread-26 (process_request_thread)] [INFO] REPORT request for '/acceptance/calendar/' with depth '1' received from 127.0.0.1 using 'Mozilla/5.0 (X11; Linux x86_64; rv:153.0) Gecko/20100101 Thunderbird/153.1.0'
[2026-10-05 17:07:03 +0800] [26/Thread-26 (process_request_thread)] [DEBUG] Request header: suppressed by config/option [logging] request_header_on_debug
[2026-10-05 17:07:03 +0800] [26/Thread-26 (process_request_thread)] [DEBUG] Sanitized path: '/acceptance/calendar/'
[2026-10-05 17:07:03 +0800] [26/Thread-26 (process_request_thread)] [INFO] Successful login: 'acceptance' (none)
[2026-10-05 17:07:03 +0800] [26/Thread-25 (process_request_thread)] [DEBUG] logging of rules which doesn't match suppressed by config/option [logging] rights_rule_doesnt_match_on_debug
[2026-10-05 17:07:03 +0800] [26/Thread-25 (process_request_thread)] [DEBUG] Rule 'acceptance':'acceptance/calendar' matches '.*':'.*' from section 'all' permission 'RrWw'
[2026-10-05 17:07:03 +0800] [26/Thread-25 (process_request_thread)] [DEBUG] Request content (XML): suppressed by config/option [logging] request_content_on_debug
[2026-10-05 17:07:03 +0800] [26/Thread-26 (process_request_thread)] [DEBUG] logging of rules which doesn't match suppressed by config/option [logging] rights_rule_doesnt_match_on_debug
[2026-10-05 17:07:03 +0800] [26/Thread-26 (process_request_thread)] [DEBUG] Rule 'acceptance':'acceptance/calendar' matches '.*':'.*' from section 'all' permission 'RrWw'
[2026-10-05 17:07:03 +0800] [26/Thread-26 (process_request_thread)] [DEBUG] Request content (XML): suppressed by config/option [logging] request_content_on_debug
[2026-10-05 17:07:03 +0800] [26/Thread-25 (process_request_thread)] [DEBUG] Client provided sync token: 'http://radicale.org/ns/sync/06d7b7102b1fd5f019690ae79134d7b4c4fbf512f4f9bdce818e3e5b97f94bea'
[2026-10-05 17:07:03 +0800] [26/Thread-26 (process_request_thread)] [DEBUG] Response content (XML): suppressed by config/option [logging] response_content_on_debug
[2026-10-05 17:07:03 +0800] [26/Thread-26 (process_request_thread)] [DEBUG] Response header: suppressed by config/option [logging] response_header_on_debug
[2026-10-05 17:07:03 +0800] [26/Thread-26 (process_request_thread)] [INFO] REPORT response status for '/acceptance/calendar/' with depth '1' in 0.003 seconds gzip 643 bytes (getetag): 207 Multi-Status
[2026-10-05 17:07:03 +0800] [26/Thread-25 (process_request_thread)] [DEBUG] Response content (XML): suppressed by config/option [logging] response_content_on_debug
[2026-10-05 17:07:03 +0800] [26/Thread-25 (process_request_thread)] [DEBUG] Response header: suppressed by config/option [logging] response_header_on_debug
[2026-10-05 17:07:03 +0800] [26/Thread-25 (process_request_thread)] [INFO] REPORT response status for '/acceptance/calendar/' with depth '1' in 0.005 seconds gzip 347 bytes (getetag sync-collection): 207 Multi-Status
[2026-10-05 17:07:03 +0800] [26/Thread-27 (process_request_thread)] [INFO] REPORT request for '/acceptance/calendar/' with depth '1' received from 127.0.0.1 using 'Mozilla/5.0 (X11; Linux x86_64; rv:153.0) Gecko/20100101 Thunderbird/153.1.0'
[2026-10-05 17:07:03 +0800] [26/Thread-27 (process_request_thread)] [DEBUG] Request header: suppressed by config/option [logging] request_header_on_debug
[2026-10-05 17:07:03 +0800] [26/Thread-27 (process_request_thread)] [DEBUG] Sanitized path: '/acceptance/calendar/'
[2026-10-05 17:07:03 +0800] [26/Thread-27 (process_request_thread)] [INFO] Successful login: 'acceptance' (none)
[2026-10-05 17:07:03 +0800] [26/Thread-27 (process_request_thread)] [DEBUG] logging of rules which doesn't match suppressed by config/option [logging] rights_rule_doesnt_match_on_debug
[2026-10-05 17:07:03 +0800] [26/Thread-27 (process_request_thread)] [DEBUG] Rule 'acceptance':'acceptance/calendar' matches '.*':'.*' from section 'all' permission 'RrWw'
[2026-10-05 17:07:03 +0800] [26/Thread-27 (process_request_thread)] [DEBUG] Request content (XML): suppressed by config/option [logging] request_content_on_debug
[2026-10-05 17:07:03 +0800] [26/Thread-27 (process_request_thread)] [DEBUG] Client provided sync token: 'http://radicale.org/ns/sync/99f37d206b1dc2ffb7a0292bb2010ba45a7145a81e66ba7f9480a0fb26019899'
[2026-10-05 17:07:03 +0800] [26/Thread-27 (process_request_thread)] [DEBUG] Response content (XML): suppressed by config/option [logging] response_content_on_debug
[2026-10-05 17:07:03 +0800] [26/Thread-27 (process_request_thread)] [DEBUG] Response header: suppressed by config/option [logging] response_header_on_debug
[2026-10-05 17:07:03 +0800] [26/Thread-27 (process_request_thread)] [INFO] REPORT response status for '/acceptance/calendar/' with depth '1' in 0.001 seconds gzip 177 bytes (getetag sync-collection): 207 Multi-Status
[2026-10-05 17:07:03 +0800] [26/Thread-28 (process_request_thread)] [INFO] GET request for '/acceptance/calendar/seed-a.ics' received from 127.0.0.1 using 'Python-urllib/3.12'
[2026-10-05 17:07:03 +0800] [26/Thread-28 (process_request_thread)] [DEBUG] Request header: suppressed by config/option [logging] request_header_on_debug
[2026-10-05 17:07:03 +0800] [26/Thread-28 (process_request_thread)] [DEBUG] Sanitized path: '/acceptance/calendar/seed-a.ics'
[2026-10-05 17:07:03 +0800] [26/Thread-28 (process_request_thread)] [INFO] Successful login: 'acceptance' (none)
[2026-10-05 17:07:03 +0800] [26/Thread-28 (process_request_thread)] [DEBUG] logging of rules which doesn't match suppressed by config/option [logging] rights_rule_doesnt_match_on_debug
[2026-10-05 17:07:03 +0800] [26/Thread-28 (process_request_thread)] [DEBUG] Rule 'acceptance':'acceptance/calendar/seed-a.ics' matches '.*':'.*' from section 'all' permission 'RrWw'
[2026-10-05 17:07:03 +0800] [26/Thread-28 (process_request_thread)] [DEBUG] logging of rules which doesn't match suppressed by config/option [logging] rights_rule_doesnt_match_on_debug
[2026-10-05 17:07:03 +0800] [26/Thread-28 (process_request_thread)] [DEBUG] Rule 'acceptance':'acceptance/calendar' matches '.*':'.*' from section 'all' permission 'RrWw'
[2026-10-05 17:07:03 +0800] [26/Thread-28 (process_request_thread)] [DEBUG] Response content: suppressed by config/option [logging] response_content_on_debug
[2026-10-05 17:07:03 +0800] [26/Thread-28 (process_request_thread)] [DEBUG] Response header: suppressed by config/option [logging] response_header_on_debug
[2026-10-05 17:07:03 +0800] [26/Thread-28 (process_request_thread)] [INFO] GET response status for '/acceptance/calendar/seed-a.ics' in 0.001 seconds plain 568 bytes: 200 OK
[2026-10-05 17:07:03 +0800] [26/Thread-29 (process_request_thread)] [INFO] REPORT request for '/acceptance/calendar/' with depth '1' received from 127.0.0.1 using 'Mozilla/5.0 (X11; Linux x86_64; rv:153.0) Gecko/20100101 Thunderbird/153.1.0'
[2026-10-05 17:07:03 +0800] [26/Thread-29 (process_request_thread)] [DEBUG] Request header: suppressed by config/option [logging] request_header_on_debug
[2026-10-05 17:07:03 +0800] [26/Thread-29 (process_request_thread)] [DEBUG] Sanitized path: '/acceptance/calendar/'
[2026-10-05 17:07:03 +0800] [26/Thread-29 (process_request_thread)] [INFO] Successful login: 'acceptance' (none)
[2026-10-05 17:07:03 +0800] [26/Thread-29 (process_request_thread)] [DEBUG] logging of rules which doesn't match suppressed by config/option [logging] rights_rule_doesnt_match_on_debug
[2026-10-05 17:07:03 +0800] [26/Thread-29 (process_request_thread)] [DEBUG] Rule 'acceptance':'acceptance/calendar' matches '.*':'.*' from section 'all' permission 'RrWw'
[2026-10-05 17:07:03 +0800] [26/Thread-29 (process_request_thread)] [DEBUG] Request content (XML): suppressed by config/option [logging] request_content_on_debug
[2026-10-05 17:07:03 +0800] [26/Thread-29 (process_request_thread)] [DEBUG] Response content (XML): suppressed by config/option [logging] response_content_on_debug
[2026-10-05 17:07:03 +0800] [26/Thread-29 (process_request_thread)] [DEBUG] Response header: suppressed by config/option [logging] response_header_on_debug
[2026-10-05 17:07:03 +0800] [26/Thread-29 (process_request_thread)] [INFO] REPORT response status for '/acceptance/calendar/' with depth '1' in 0.002 seconds gzip 643 bytes (getetag): 207 Multi-Status
[2026-10-05 17:07:03 +0800] [26/Thread-30 (process_request_thread)] [INFO] REPORT request for '/acceptance/calendar/' with depth '1' received from 127.0.0.1 using 'Mozilla/5.0 (X11; Linux x86_64; rv:153.0) Gecko/20100101 Thunderbird/153.1.0'
[2026-10-05 17:07:03 +0800] [26/Thread-30 (process_request_thread)] [DEBUG] Request header: suppressed by config/option [logging] request_header_on_debug
[2026-10-05 17:07:03 +0800] [26/Thread-30 (process_request_thread)] [DEBUG] Sanitized path: '/acceptance/calendar/'
[2026-10-05 17:07:03 +0800] [26/Thread-30 (process_request_thread)] [INFO] Successful login: 'acceptance' (none)
[2026-10-05 17:07:03 +0800] [26/Thread-30 (process_request_thread)] [DEBUG] logging of rules which doesn't match suppressed by config/option [logging] rights_rule_doesnt_match_on_debug
[2026-10-05 17:07:03 +0800] [26/Thread-30 (process_request_thread)] [DEBUG] Rule 'acceptance':'acceptance/calendar' matches '.*':'.*' from section 'all' permission 'RrWw'
[2026-10-05 17:07:03 +0800] [26/Thread-30 (process_request_thread)] [DEBUG] Request content (XML): suppressed by config/option [logging] request_content_on_debug
[2026-10-05 17:07:03 +0800] [26/Thread-30 (process_request_thread)] [DEBUG] Client provided sync token: 'http://radicale.org/ns/sync/99f37d206b1dc2ffb7a0292bb2010ba45a7145a81e66ba7f9480a0fb26019899'
[2026-10-05 17:07:03 +0800] [26/Thread-30 (process_request_thread)] [DEBUG] Response content (XML): suppressed by config/option [logging] response_content_on_debug
[2026-10-05 17:07:03 +0800] [26/Thread-30 (process_request_thread)] [DEBUG] Response header: suppressed by config/option [logging] response_header_on_debug
[2026-10-05 17:07:03 +0800] [26/Thread-30 (process_request_thread)] [INFO] REPORT response status for '/acceptance/calendar/' with depth '1' in 0.001 seconds gzip 177 bytes (getetag sync-collection): 207 Multi-Status
[2026-10-05 17:07:03 +0800] [26/Thread-31 (process_request_thread)] [INFO] PUT request for '/acceptance/calendar/seed-a.ics' received from 127.0.0.1 using 'Mozilla/5.0 (X11; Linux x86_64; rv:153.0) Gecko/20100101 Thunderbird/153.1.0'
[2026-10-05 17:07:03 +0800] [26/Thread-31 (process_request_thread)] [DEBUG] Request header: suppressed by config/option [logging] request_header_on_debug
[2026-10-05 17:07:03 +0800] [26/Thread-31 (process_request_thread)] [DEBUG] Sanitized path: '/acceptance/calendar/seed-a.ics'
[2026-10-05 17:07:03 +0800] [26/Thread-31 (process_request_thread)] [INFO] Successful login: 'acceptance' (none)
[2026-10-05 17:07:03 +0800] [26/Thread-31 (process_request_thread)] [DEBUG] logging of rules which doesn't match suppressed by config/option [logging] rights_rule_doesnt_match_on_debug
[2026-10-05 17:07:03 +0800] [26/Thread-31 (process_request_thread)] [DEBUG] Rule 'acceptance':'acceptance/calendar/seed-a.ics' matches '.*':'.*' from section 'all' permission 'RrWw'
[2026-10-05 17:07:03 +0800] [26/Thread-31 (process_request_thread)] [DEBUG] Request content: suppressed by config/option [logging] request_content_on_debug
[2026-10-05 17:07:03 +0800] [26/Thread-31 (process_request_thread)] [DEBUG] logging of rules which doesn't match suppressed by config/option [logging] rights_rule_doesnt_match_on_debug
[2026-10-05 17:07:03 +0800] [26/Thread-31 (process_request_thread)] [DEBUG] Rule 'acceptance':'acceptance/calendar' matches '.*':'.*' from section 'all' permission 'RrWw'
[2026-10-05 17:07:03 +0800] [26/Thread-31 (process_request_thread)] [DEBUG] Precondition passed on PUT request for '/acceptance/calendar/seed-a.ics' (HTTP_IF_MATCH: "1f2b6560bb51cfd1664ccbe44566a20892810ed1296cd6a30e86bdddc4681679", item has etag: "1f2b6560bb51cfd1664ccbe44566a20892810ed1296cd6a30e86bdddc4681679")
[2026-10-05 17:07:03 +0800] [26/Thread-31 (process_request_thread)] [DEBUG] PUT request contains item with UID 'seed-a' size 597 below limit 10000000: '/acceptance/calendar/seed-a.ics'
[2026-10-05 17:07:03 +0800] [26/Thread-31 (process_request_thread)] [DEBUG] PUT request updated existing item '/acceptance/calendar/seed-a.ics'
[2026-10-05 17:07:03 +0800] [26/Thread-31 (process_request_thread)] [DEBUG] Response header: suppressed by config/option [logging] response_header_on_debug
[2026-10-05 17:07:03 +0800] [26/Thread-31 (process_request_thread)] [INFO] PUT response status for '/acceptance/calendar/seed-a.ics' in 0.002 seconds: 204 No Content
[2026-10-05 17:07:03 +0800] [26/Thread-32 (process_request_thread)] [INFO] REPORT request for '/acceptance/calendar/' with depth '1' received from 127.0.0.1 using 'Mozilla/5.0 (X11; Linux x86_64; rv:153.0) Gecko/20100101 Thunderbird/153.1.0'
[2026-10-05 17:07:03 +0800] [26/Thread-32 (process_request_thread)] [DEBUG] Request header: suppressed by config/option [logging] request_header_on_debug
[2026-10-05 17:07:03 +0800] [26/Thread-32 (process_request_thread)] [DEBUG] Sanitized path: '/acceptance/calendar/'
[2026-10-05 17:07:03 +0800] [26/Thread-32 (process_request_thread)] [INFO] Successful login: 'acceptance' (none)
[2026-10-05 17:07:03 +0800] [26/Thread-32 (process_request_thread)] [DEBUG] logging of rules which doesn't match suppressed by config/option [logging] rights_rule_doesnt_match_on_debug
[2026-10-05 17:07:03 +0800] [26/Thread-32 (process_request_thread)] [DEBUG] Rule 'acceptance':'acceptance/calendar' matches '.*':'.*' from section 'all' permission 'RrWw'
[2026-10-05 17:07:03 +0800] [26/Thread-32 (process_request_thread)] [DEBUG] Request content (XML): suppressed by config/option [logging] request_content_on_debug
[2026-10-05 17:07:03 +0800] [26/Thread-32 (process_request_thread)] [DEBUG] Response content (XML): suppressed by config/option [logging] response_content_on_debug
[2026-10-05 17:07:03 +0800] [26/Thread-32 (process_request_thread)] [DEBUG] Response header: suppressed by config/option [logging] response_header_on_debug
[2026-10-05 17:07:03 +0800] [26/Thread-32 (process_request_thread)] [INFO] REPORT response status for '/acceptance/calendar/' with depth '1' in 0.002 seconds gzip 645 bytes (getetag): 207 Multi-Status
[2026-10-05 17:07:03 +0800] [26/Thread-33 (process_request_thread)] [INFO] REPORT request for '/acceptance/calendar/' with depth '1' received from 127.0.0.1 using 'Mozilla/5.0 (X11; Linux x86_64; rv:153.0) Gecko/20100101 Thunderbird/153.1.0'
[2026-10-05 17:07:03 +0800] [26/Thread-33 (process_request_thread)] [DEBUG] Request header: suppressed by config/option [logging] request_header_on_debug
[2026-10-05 17:07:03 +0800] [26/Thread-33 (process_request_thread)] [DEBUG] Sanitized path: '/acceptance/calendar/'
[2026-10-05 17:07:03 +0800] [26/Thread-33 (process_request_thread)] [INFO] Successful login: 'acceptance' (none)
[2026-10-05 17:07:03 +0800] [26/Thread-34 (process_request_thread)] [INFO] REPORT request for '/acceptance/calendar/' with depth '1' received from 127.0.0.1 using 'Mozilla/5.0 (X11; Linux x86_64; rv:153.0) Gecko/20100101 Thunderbird/153.1.0'
[2026-10-05 17:07:03 +0800] [26/Thread-34 (process_request_thread)] [DEBUG] Request header: suppressed by config/option [logging] request_header_on_debug
[2026-10-05 17:07:03 +0800] [26/Thread-34 (process_request_thread)] [DEBUG] Sanitized path: '/acceptance/calendar/'
[2026-10-05 17:07:03 +0800] [26/Thread-34 (process_request_thread)] [INFO] Successful login: 'acceptance' (none)
[2026-10-05 17:07:03 +0800] [26/Thread-33 (process_request_thread)] [DEBUG] logging of rules which doesn't match suppressed by config/option [logging] rights_rule_doesnt_match_on_debug
[2026-10-05 17:07:03 +0800] [26/Thread-33 (process_request_thread)] [DEBUG] Rule 'acceptance':'acceptance/calendar' matches '.*':'.*' from section 'all' permission 'RrWw'
[2026-10-05 17:07:03 +0800] [26/Thread-33 (process_request_thread)] [DEBUG] Request content (XML): suppressed by config/option [logging] request_content_on_debug
[2026-10-05 17:07:03 +0800] [26/Thread-34 (process_request_thread)] [DEBUG] logging of rules which doesn't match suppressed by config/option [logging] rights_rule_doesnt_match_on_debug
[2026-10-05 17:07:03 +0800] [26/Thread-34 (process_request_thread)] [DEBUG] Rule 'acceptance':'acceptance/calendar' matches '.*':'.*' from section 'all' permission 'RrWw'
[2026-10-05 17:07:03 +0800] [26/Thread-34 (process_request_thread)] [DEBUG] Request content (XML): suppressed by config/option [logging] request_content_on_debug
[2026-10-05 17:07:03 +0800] [26/Thread-33 (process_request_thread)] [DEBUG] Client provided sync token: 'http://radicale.org/ns/sync/99f37d206b1dc2ffb7a0292bb2010ba45a7145a81e66ba7f9480a0fb26019899'
[2026-10-05 17:07:03 +0800] [26/Thread-34 (process_request_thread)] [DEBUG] Response content (XML): suppressed by config/option [logging] response_content_on_debug
[2026-10-05 17:07:03 +0800] [26/Thread-34 (process_request_thread)] [DEBUG] Response header: suppressed by config/option [logging] response_header_on_debug
[2026-10-05 17:07:03 +0800] [26/Thread-34 (process_request_thread)] [INFO] REPORT response status for '/acceptance/calendar/' with depth '1' in 0.002 seconds gzip 645 bytes (getetag): 207 Multi-Status
[2026-10-05 17:07:03 +0800] [26/Thread-33 (process_request_thread)] [DEBUG] Response content (XML): suppressed by config/option [logging] response_content_on_debug
[2026-10-05 17:07:03 +0800] [26/Thread-33 (process_request_thread)] [DEBUG] Response header: suppressed by config/option [logging] response_header_on_debug
[2026-10-05 17:07:03 +0800] [26/Thread-33 (process_request_thread)] [INFO] REPORT response status for '/acceptance/calendar/' with depth '1' in 0.004 seconds gzip 346 bytes (getetag sync-collection): 207 Multi-Status
[2026-10-05 17:07:03 +0800] [26/Thread-35 (process_request_thread)] [INFO] REPORT request for '/acceptance/calendar/' with depth '1' received from 127.0.0.1 using 'Mozilla/5.0 (X11; Linux x86_64; rv:153.0) Gecko/20100101 Thunderbird/153.1.0'
[2026-10-05 17:07:03 +0800] [26/Thread-35 (process_request_thread)] [DEBUG] Request header: suppressed by config/option [logging] request_header_on_debug
[2026-10-05 17:07:03 +0800] [26/Thread-35 (process_request_thread)] [DEBUG] Sanitized path: '/acceptance/calendar/'
[2026-10-05 17:07:03 +0800] [26/Thread-35 (process_request_thread)] [INFO] Successful login: 'acceptance' (none)
[2026-10-05 17:07:03 +0800] [26/Thread-35 (process_request_thread)] [DEBUG] logging of rules which doesn't match suppressed by config/option [logging] rights_rule_doesnt_match_on_debug
[2026-10-05 17:07:03 +0800] [26/Thread-35 (process_request_thread)] [DEBUG] Rule 'acceptance':'acceptance/calendar' matches '.*':'.*' from section 'all' permission 'RrWw'
[2026-10-05 17:07:03 +0800] [26/Thread-35 (process_request_thread)] [DEBUG] Request content (XML): suppressed by config/option [logging] request_content_on_debug
[2026-10-05 17:07:03 +0800] [26/Thread-35 (process_request_thread)] [DEBUG] Client provided sync token: 'http://radicale.org/ns/sync/e43761fce5c42a739b80efeb3513c4765c816c08f446e93f2d81155e1c101187'
[2026-10-05 17:07:03 +0800] [26/Thread-35 (process_request_thread)] [DEBUG] Response content (XML): suppressed by config/option [logging] response_content_on_debug
[2026-10-05 17:07:03 +0800] [26/Thread-35 (process_request_thread)] [DEBUG] Response header: suppressed by config/option [logging] response_header_on_debug
[2026-10-05 17:07:03 +0800] [26/Thread-35 (process_request_thread)] [INFO] REPORT response status for '/acceptance/calendar/' with depth '1' in 0.001 seconds gzip 176 bytes (getetag sync-collection): 207 Multi-Status
[2026-10-05 17:07:03 +0800] [26/Thread-36 (process_request_thread)] [INFO] GET request for '/acceptance/calendar/seed-a.ics' received from 127.0.0.1 using 'Python-urllib/3.12'
[2026-10-05 17:07:03 +0800] [26/Thread-36 (process_request_thread)] [DEBUG] Request header: suppressed by config/option [logging] request_header_on_debug
[2026-10-05 17:07:03 +0800] [26/Thread-36 (process_request_thread)] [DEBUG] Sanitized path: '/acceptance/calendar/seed-a.ics'
[2026-10-05 17:07:03 +0800] [26/Thread-36 (process_request_thread)] [INFO] Successful login: 'acceptance' (none)
[2026-10-05 17:07:03 +0800] [26/Thread-36 (process_request_thread)] [DEBUG] logging of rules which doesn't match suppressed by config/option [logging] rights_rule_doesnt_match_on_debug
[2026-10-05 17:07:03 +0800] [26/Thread-36 (process_request_thread)] [DEBUG] Rule 'acceptance':'acceptance/calendar/seed-a.ics' matches '.*':'.*' from section 'all' permission 'RrWw'
[2026-10-05 17:07:03 +0800] [26/Thread-36 (process_request_thread)] [DEBUG] logging of rules which doesn't match suppressed by config/option [logging] rights_rule_doesnt_match_on_debug
[2026-10-05 17:07:03 +0800] [26/Thread-36 (process_request_thread)] [DEBUG] Rule 'acceptance':'acceptance/calendar' matches '.*':'.*' from section 'all' permission 'RrWw'
[2026-10-05 17:07:03 +0800] [26/Thread-36 (process_request_thread)] [DEBUG] Response content: suppressed by config/option [logging] response_content_on_debug
[2026-10-05 17:07:03 +0800] [26/Thread-36 (process_request_thread)] [DEBUG] Response header: suppressed by config/option [logging] response_header_on_debug
[2026-10-05 17:07:03 +0800] [26/Thread-36 (process_request_thread)] [INFO] GET response status for '/acceptance/calendar/seed-a.ics' in 0.001 seconds plain 597 bytes: 200 OK
[2026-10-05 17:07:04 +0800] [26/Thread-37 (process_request_thread)] [INFO] REPORT request for '/acceptance/calendar/' with depth '1' received from 127.0.0.1 using 'Mozilla/5.0 (X11; Linux x86_64; rv:153.0) Gecko/20100101 Thunderbird/153.1.0'
[2026-10-05 17:07:04 +0800] [26/Thread-37 (process_request_thread)] [DEBUG] Request header: suppressed by config/option [logging] request_header_on_debug
[2026-10-05 17:07:04 +0800] [26/Thread-37 (process_request_thread)] [DEBUG] Sanitized path: '/acceptance/calendar/'
[2026-10-05 17:07:04 +0800] [26/Thread-37 (process_request_thread)] [INFO] Successful login: 'acceptance' (none)
[2026-10-05 17:07:04 +0800] [26/Thread-37 (process_request_thread)] [DEBUG] logging of rules which doesn't match suppressed by config/option [logging] rights_rule_doesnt_match_on_debug
[2026-10-05 17:07:04 +0800] [26/Thread-37 (process_request_thread)] [DEBUG] Rule 'acceptance':'acceptance/calendar' matches '.*':'.*' from section 'all' permission 'RrWw'
[2026-10-05 17:07:04 +0800] [26/Thread-37 (process_request_thread)] [DEBUG] Request content (XML): suppressed by config/option [logging] request_content_on_debug
[2026-10-05 17:07:04 +0800] [26/Thread-37 (process_request_thread)] [DEBUG] Response content (XML): suppressed by config/option [logging] response_content_on_debug
[2026-10-05 17:07:04 +0800] [26/Thread-37 (process_request_thread)] [DEBUG] Response header: suppressed by config/option [logging] response_header_on_debug
[2026-10-05 17:07:04 +0800] [26/Thread-37 (process_request_thread)] [INFO] REPORT response status for '/acceptance/calendar/' with depth '1' in 0.001 seconds gzip 426 bytes (getetag): 207 Multi-Status
[2026-10-05 17:07:04 +0800] [26/Thread-38 (process_request_thread)] [INFO] REPORT request for '/acceptance/calendar/' with depth '1' received from 127.0.0.1 using 'Mozilla/5.0 (X11; Linux x86_64; rv:153.0) Gecko/20100101 Thunderbird/153.1.0'
[2026-10-05 17:07:04 +0800] [26/Thread-38 (process_request_thread)] [DEBUG] Request header: suppressed by config/option [logging] request_header_on_debug
[2026-10-05 17:07:04 +0800] [26/Thread-38 (process_request_thread)] [DEBUG] Sanitized path: '/acceptance/calendar/'
[2026-10-05 17:07:04 +0800] [26/Thread-38 (process_request_thread)] [INFO] Successful login: 'acceptance' (none)
[2026-10-05 17:07:04 +0800] [26/Thread-38 (process_request_thread)] [DEBUG] logging of rules which doesn't match suppressed by config/option [logging] rights_rule_doesnt_match_on_debug
[2026-10-05 17:07:04 +0800] [26/Thread-38 (process_request_thread)] [DEBUG] Rule 'acceptance':'acceptance/calendar' matches '.*':'.*' from section 'all' permission 'RrWw'
[2026-10-05 17:07:04 +0800] [26/Thread-38 (process_request_thread)] [DEBUG] Request content (XML): suppressed by config/option [logging] request_content_on_debug
[2026-10-05 17:07:04 +0800] [26/Thread-38 (process_request_thread)] [DEBUG] Client provided sync token: 'http://radicale.org/ns/sync/e43761fce5c42a739b80efeb3513c4765c816c08f446e93f2d81155e1c101187'
[2026-10-05 17:07:04 +0800] [26/Thread-38 (process_request_thread)] [DEBUG] Response content (XML): suppressed by config/option [logging] response_content_on_debug
[2026-10-05 17:07:04 +0800] [26/Thread-38 (process_request_thread)] [DEBUG] Response header: suppressed by config/option [logging] response_header_on_debug
[2026-10-05 17:07:04 +0800] [26/Thread-38 (process_request_thread)] [INFO] REPORT response status for '/acceptance/calendar/' with depth '1' in 0.001 seconds gzip 176 bytes (getetag sync-collection): 207 Multi-Status
[2026-10-05 17:07:04 +0800] [26/Thread-39 (process_request_thread)] [INFO] PUT request for '/acceptance/calendar/seed-b.ics' received from 127.0.0.1 using 'Mozilla/5.0 (X11; Linux x86_64; rv:153.0) Gecko/20100101 Thunderbird/153.1.0'
[2026-10-05 17:07:04 +0800] [26/Thread-39 (process_request_thread)] [DEBUG] Request header: suppressed by config/option [logging] request_header_on_debug
[2026-10-05 17:07:04 +0800] [26/Thread-39 (process_request_thread)] [DEBUG] Sanitized path: '/acceptance/calendar/seed-b.ics'
[2026-10-05 17:07:04 +0800] [26/Thread-39 (process_request_thread)] [INFO] Successful login: 'acceptance' (none)
[2026-10-05 17:07:04 +0800] [26/Thread-39 (process_request_thread)] [DEBUG] logging of rules which doesn't match suppressed by config/option [logging] rights_rule_doesnt_match_on_debug
[2026-10-05 17:07:04 +0800] [26/Thread-39 (process_request_thread)] [DEBUG] Rule 'acceptance':'acceptance/calendar/seed-b.ics' matches '.*':'.*' from section 'all' permission 'RrWw'
[2026-10-05 17:07:04 +0800] [26/Thread-39 (process_request_thread)] [DEBUG] Request content: suppressed by config/option [logging] request_content_on_debug
[2026-10-05 17:07:04 +0800] [26/Thread-39 (process_request_thread)] [DEBUG] logging of rules which doesn't match suppressed by config/option [logging] rights_rule_doesnt_match_on_debug
[2026-10-05 17:07:04 +0800] [26/Thread-39 (process_request_thread)] [DEBUG] Rule 'acceptance':'acceptance/calendar' matches '.*':'.*' from section 'all' permission 'RrWw'
[2026-10-05 17:07:04 +0800] [26/Thread-39 (process_request_thread)] [DEBUG] Precondition passed on PUT request for '/acceptance/calendar/seed-b.ics' (HTTP_IF_MATCH: "40c779f571745506a207b931969d36c88f4b367f3cf97cd57c7cae95086bcea3", item has etag: "40c779f571745506a207b931969d36c88f4b367f3cf97cd57c7cae95086bcea3")
[2026-10-05 17:07:04 +0800] [26/Thread-39 (process_request_thread)] [DEBUG] PUT request contains item with UID 'seed-b' size 568 below limit 10000000: '/acceptance/calendar/seed-b.ics'
[2026-10-05 17:07:04 +0800] [26/Thread-39 (process_request_thread)] [DEBUG] PUT request updated existing item '/acceptance/calendar/seed-b.ics'
[2026-10-05 17:07:04 +0800] [26/Thread-39 (process_request_thread)] [DEBUG] Response header: suppressed by config/option [logging] response_header_on_debug
[2026-10-05 17:07:04 +0800] [26/Thread-39 (process_request_thread)] [INFO] PUT response status for '/acceptance/calendar/seed-b.ics' in 0.003 seconds: 204 No Content
[2026-10-05 17:07:04 +0800] [26/Thread-40 (process_request_thread)] [INFO] REPORT request for '/acceptance/calendar/' with depth '1' received from 127.0.0.1 using 'Mozilla/5.0 (X11; Linux x86_64; rv:153.0) Gecko/20100101 Thunderbird/153.1.0'
[2026-10-05 17:07:04 +0800] [26/Thread-40 (process_request_thread)] [DEBUG] Request header: suppressed by config/option [logging] request_header_on_debug
[2026-10-05 17:07:04 +0800] [26/Thread-40 (process_request_thread)] [DEBUG] Sanitized path: '/acceptance/calendar/'
[2026-10-05 17:07:04 +0800] [26/Thread-40 (process_request_thread)] [INFO] Successful login: 'acceptance' (none)
[2026-10-05 17:07:04 +0800] [26/Thread-40 (process_request_thread)] [DEBUG] logging of rules which doesn't match suppressed by config/option [logging] rights_rule_doesnt_match_on_debug
[2026-10-05 17:07:04 +0800] [26/Thread-40 (process_request_thread)] [DEBUG] Rule 'acceptance':'acceptance/calendar' matches '.*':'.*' from section 'all' permission 'RrWw'
[2026-10-05 17:07:04 +0800] [26/Thread-40 (process_request_thread)] [DEBUG] Request content (XML): suppressed by config/option [logging] request_content_on_debug
[2026-10-05 17:07:04 +0800] [26/Thread-40 (process_request_thread)] [DEBUG] Response content (XML): suppressed by config/option [logging] response_content_on_debug
[2026-10-05 17:07:04 +0800] [26/Thread-40 (process_request_thread)] [DEBUG] Response header: suppressed by config/option [logging] response_header_on_debug
[2026-10-05 17:07:04 +0800] [26/Thread-40 (process_request_thread)] [INFO] REPORT response status for '/acceptance/calendar/' with depth '1' in 0.002 seconds gzip 642 bytes (getetag): 207 Multi-Status
[2026-10-05 17:07:04 +0800] [26/Thread-41 (process_request_thread)] [INFO] REPORT request for '/acceptance/calendar/' with depth '1' received from 127.0.0.1 using 'Mozilla/5.0 (X11; Linux x86_64; rv:153.0) Gecko/20100101 Thunderbird/153.1.0'
[2026-10-05 17:07:04 +0800] [26/Thread-41 (process_request_thread)] [DEBUG] Request header: suppressed by config/option [logging] request_header_on_debug
[2026-10-05 17:07:04 +0800] [26/Thread-41 (process_request_thread)] [DEBUG] Sanitized path: '/acceptance/calendar/'
[2026-10-05 17:07:04 +0800] [26/Thread-41 (process_request_thread)] [INFO] Successful login: 'acceptance' (none)
[2026-10-05 17:07:04 +0800] [26/Thread-42 (process_request_thread)] [INFO] REPORT request for '/acceptance/calendar/' with depth '1' received from 127.0.0.1 using 'Mozilla/5.0 (X11; Linux x86_64; rv:153.0) Gecko/20100101 Thunderbird/153.1.0'
[2026-10-05 17:07:04 +0800] [26/Thread-42 (process_request_thread)] [DEBUG] Request header: suppressed by config/option [logging] request_header_on_debug
[2026-10-05 17:07:04 +0800] [26/Thread-42 (process_request_thread)] [DEBUG] Sanitized path: '/acceptance/calendar/'
[2026-10-05 17:07:04 +0800] [26/Thread-42 (process_request_thread)] [INFO] Successful login: 'acceptance' (none)
[2026-10-05 17:07:04 +0800] [26/Thread-41 (process_request_thread)] [DEBUG] logging of rules which doesn't match suppressed by config/option [logging] rights_rule_doesnt_match_on_debug
[2026-10-05 17:07:04 +0800] [26/Thread-41 (process_request_thread)] [DEBUG] Rule 'acceptance':'acceptance/calendar' matches '.*':'.*' from section 'all' permission 'RrWw'
[2026-10-05 17:07:04 +0800] [26/Thread-41 (process_request_thread)] [DEBUG] Request content (XML): suppressed by config/option [logging] request_content_on_debug
[2026-10-05 17:07:04 +0800] [26/Thread-41 (process_request_thread)] [DEBUG] Client provided sync token: 'http://radicale.org/ns/sync/e43761fce5c42a739b80efeb3513c4765c816c08f446e93f2d81155e1c101187'
[2026-10-05 17:07:04 +0800] [26/Thread-42 (process_request_thread)] [DEBUG] logging of rules which doesn't match suppressed by config/option [logging] rights_rule_doesnt_match_on_debug
[2026-10-05 17:07:04 +0800] [26/Thread-42 (process_request_thread)] [DEBUG] Rule 'acceptance':'acceptance/calendar' matches '.*':'.*' from section 'all' permission 'RrWw'
[2026-10-05 17:07:04 +0800] [26/Thread-42 (process_request_thread)] [DEBUG] Request content (XML): suppressed by config/option [logging] request_content_on_debug
[2026-10-05 17:07:04 +0800] [26/Thread-42 (process_request_thread)] [DEBUG] Response content (XML): suppressed by config/option [logging] response_content_on_debug
[2026-10-05 17:07:04 +0800] [26/Thread-42 (process_request_thread)] [DEBUG] Response header: suppressed by config/option [logging] response_header_on_debug
[2026-10-05 17:07:04 +0800] [26/Thread-42 (process_request_thread)] [INFO] REPORT response status for '/acceptance/calendar/' with depth '1' in 0.003 seconds gzip 642 bytes (getetag): 207 Multi-Status
[2026-10-05 17:07:04 +0800] [26/Thread-41 (process_request_thread)] [DEBUG] Response content (XML): suppressed by config/option [logging] response_content_on_debug
[2026-10-05 17:07:04 +0800] [26/Thread-41 (process_request_thread)] [DEBUG] Response header: suppressed by config/option [logging] response_header_on_debug
[2026-10-05 17:07:04 +0800] [26/Thread-41 (process_request_thread)] [INFO] REPORT response status for '/acceptance/calendar/' with depth '1' in 0.006 seconds gzip 347 bytes (getetag sync-collection): 207 Multi-Status
[2026-10-05 17:07:04 +0800] [26/Thread-43 (process_request_thread)] [INFO] REPORT request for '/acceptance/calendar/' with depth '1' received from 127.0.0.1 using 'Mozilla/5.0 (X11; Linux x86_64; rv:153.0) Gecko/20100101 Thunderbird/153.1.0'
[2026-10-05 17:07:04 +0800] [26/Thread-43 (process_request_thread)] [DEBUG] Request header: suppressed by config/option [logging] request_header_on_debug
[2026-10-05 17:07:04 +0800] [26/Thread-43 (process_request_thread)] [DEBUG] Sanitized path: '/acceptance/calendar/'
[2026-10-05 17:07:04 +0800] [26/Thread-43 (process_request_thread)] [INFO] Successful login: 'acceptance' (none)
[2026-10-05 17:07:04 +0800] [26/Thread-43 (process_request_thread)] [DEBUG] logging of rules which doesn't match suppressed by config/option [logging] rights_rule_doesnt_match_on_debug
[2026-10-05 17:07:04 +0800] [26/Thread-43 (process_request_thread)] [DEBUG] Rule 'acceptance':'acceptance/calendar' matches '.*':'.*' from section 'all' permission 'RrWw'
[2026-10-05 17:07:04 +0800] [26/Thread-43 (process_request_thread)] [DEBUG] Request content (XML): suppressed by config/option [logging] request_content_on_debug
[2026-10-05 17:07:04 +0800] [26/Thread-43 (process_request_thread)] [DEBUG] Client provided sync token: 'http://radicale.org/ns/sync/f50d00dcdd4ef7fbf4da9a4418fa72ca9beb529956c7afacc95a502af98b1e46'
[2026-10-05 17:07:04 +0800] [26/Thread-43 (process_request_thread)] [DEBUG] Response content (XML): suppressed by config/option [logging] response_content_on_debug
[2026-10-05 17:07:04 +0800] [26/Thread-43 (process_request_thread)] [DEBUG] Response header: suppressed by config/option [logging] response_header_on_debug
[2026-10-05 17:07:04 +0800] [26/Thread-43 (process_request_thread)] [INFO] REPORT response status for '/acceptance/calendar/' with depth '1' in 0.001 seconds gzip 175 bytes (getetag sync-collection): 207 Multi-Status
[2026-10-05 17:07:04 +0800] [26/Thread-44 (process_request_thread)] [INFO] GET request for '/acceptance/calendar/seed-b.ics' received from 127.0.0.1 using 'Python-urllib/3.12'
[2026-10-05 17:07:04 +0800] [26/Thread-44 (process_request_thread)] [DEBUG] Request header: suppressed by config/option [logging] request_header_on_debug
[2026-10-05 17:07:04 +0800] [26/Thread-44 (process_request_thread)] [DEBUG] Sanitized path: '/acceptance/calendar/seed-b.ics'
[2026-10-05 17:07:04 +0800] [26/Thread-44 (process_request_thread)] [INFO] Successful login: 'acceptance' (none)
[2026-10-05 17:07:04 +0800] [26/Thread-44 (process_request_thread)] [DEBUG] logging of rules which doesn't match suppressed by config/option [logging] rights_rule_doesnt_match_on_debug
[2026-10-05 17:07:04 +0800] [26/Thread-44 (process_request_thread)] [DEBUG] Rule 'acceptance':'acceptance/calendar/seed-b.ics' matches '.*':'.*' from section 'all' permission 'RrWw'
[2026-10-05 17:07:04 +0800] [26/Thread-44 (process_request_thread)] [DEBUG] logging of rules which doesn't match suppressed by config/option [logging] rights_rule_doesnt_match_on_debug
[2026-10-05 17:07:04 +0800] [26/Thread-44 (process_request_thread)] [DEBUG] Rule 'acceptance':'acceptance/calendar' matches '.*':'.*' from section 'all' permission 'RrWw'
[2026-10-05 17:07:04 +0800] [26/Thread-44 (process_request_thread)] [DEBUG] Response content: suppressed by config/option [logging] response_content_on_debug
[2026-10-05 17:07:04 +0800] [26/Thread-44 (process_request_thread)] [DEBUG] Response header: suppressed by config/option [logging] response_header_on_debug
[2026-10-05 17:07:04 +0800] [26/Thread-44 (process_request_thread)] [INFO] GET response status for '/acceptance/calendar/seed-b.ics' in 0.001 seconds plain 568 bytes: 200 OK
[2026-10-05 17:07:04 +0800] [26/Thread-45 (process_request_thread)] [INFO] REPORT request for '/acceptance/calendar/' with depth '1' received from 127.0.0.1 using 'Mozilla/5.0 (X11; Linux x86_64; rv:153.0) Gecko/20100101 Thunderbird/153.1.0'
[2026-10-05 17:07:04 +0800] [26/Thread-45 (process_request_thread)] [DEBUG] Request header: suppressed by config/option [logging] request_header_on_debug
[2026-10-05 17:07:04 +0800] [26/Thread-45 (process_request_thread)] [DEBUG] Sanitized path: '/acceptance/calendar/'
[2026-10-05 17:07:04 +0800] [26/Thread-45 (process_request_thread)] [INFO] Successful login: 'acceptance' (none)
[2026-10-05 17:07:04 +0800] [26/Thread-45 (process_request_thread)] [DEBUG] logging of rules which doesn't match suppressed by config/option [logging] rights_rule_doesnt_match_on_debug
[2026-10-05 17:07:04 +0800] [26/Thread-45 (process_request_thread)] [DEBUG] Rule 'acceptance':'acceptance/calendar' matches '.*':'.*' from section 'all' permission 'RrWw'
[2026-10-05 17:07:04 +0800] [26/Thread-45 (process_request_thread)] [DEBUG] Request content (XML): suppressed by config/option [logging] request_content_on_debug
[2026-10-05 17:07:04 +0800] [26/Thread-45 (process_request_thread)] [DEBUG] Response content (XML): suppressed by config/option [logging] response_content_on_debug
[2026-10-05 17:07:04 +0800] [26/Thread-45 (process_request_thread)] [DEBUG] Response header: suppressed by config/option [logging] response_header_on_debug
[2026-10-05 17:07:04 +0800] [26/Thread-45 (process_request_thread)] [INFO] REPORT response status for '/acceptance/calendar/' with depth '1' in 0.001 seconds gzip 642 bytes (getetag): 207 Multi-Status
[2026-10-05 17:07:04 +0800] [26/Thread-46 (process_request_thread)] [INFO] REPORT request for '/acceptance/calendar/' with depth '1' received from 127.0.0.1 using 'Mozilla/5.0 (X11; Linux x86_64; rv:153.0) Gecko/20100101 Thunderbird/153.1.0'
[2026-10-05 17:07:04 +0800] [26/Thread-46 (process_request_thread)] [DEBUG] Request header: suppressed by config/option [logging] request_header_on_debug
[2026-10-05 17:07:04 +0800] [26/Thread-46 (process_request_thread)] [DEBUG] Sanitized path: '/acceptance/calendar/'
[2026-10-05 17:07:04 +0800] [26/Thread-46 (process_request_thread)] [INFO] Successful login: 'acceptance' (none)
[2026-10-05 17:07:04 +0800] [26/Thread-46 (process_request_thread)] [DEBUG] logging of rules which doesn't match suppressed by config/option [logging] rights_rule_doesnt_match_on_debug
[2026-10-05 17:07:04 +0800] [26/Thread-46 (process_request_thread)] [DEBUG] Rule 'acceptance':'acceptance/calendar' matches '.*':'.*' from section 'all' permission 'RrWw'
[2026-10-05 17:07:04 +0800] [26/Thread-46 (process_request_thread)] [DEBUG] Request content (XML): suppressed by config/option [logging] request_content_on_debug
[2026-10-05 17:07:04 +0800] [26/Thread-46 (process_request_thread)] [DEBUG] Client provided sync token: 'http://radicale.org/ns/sync/f50d00dcdd4ef7fbf4da9a4418fa72ca9beb529956c7afacc95a502af98b1e46'
[2026-10-05 17:07:04 +0800] [26/Thread-46 (process_request_thread)] [DEBUG] Response content (XML): suppressed by config/option [logging] response_content_on_debug
[2026-10-05 17:07:04 +0800] [26/Thread-46 (process_request_thread)] [DEBUG] Response header: suppressed by config/option [logging] response_header_on_debug
[2026-10-05 17:07:04 +0800] [26/Thread-46 (process_request_thread)] [INFO] REPORT response status for '/acceptance/calendar/' with depth '1' in 0.001 seconds gzip 175 bytes (getetag sync-collection): 207 Multi-Status
[2026-10-05 17:07:04 +0800] [26/Thread-47 (process_request_thread)] [INFO] PUT request for '/acceptance/calendar/seed-b.ics' received from 127.0.0.1 using 'Mozilla/5.0 (X11; Linux x86_64; rv:153.0) Gecko/20100101 Thunderbird/153.1.0'
[2026-10-05 17:07:04 +0800] [26/Thread-47 (process_request_thread)] [DEBUG] Request header: suppressed by config/option [logging] request_header_on_debug
[2026-10-05 17:07:04 +0800] [26/Thread-47 (process_request_thread)] [DEBUG] Sanitized path: '/acceptance/calendar/seed-b.ics'
[2026-10-05 17:07:04 +0800] [26/Thread-47 (process_request_thread)] [INFO] Successful login: 'acceptance' (none)
[2026-10-05 17:07:04 +0800] [26/Thread-47 (process_request_thread)] [DEBUG] logging of rules which doesn't match suppressed by config/option [logging] rights_rule_doesnt_match_on_debug
[2026-10-05 17:07:04 +0800] [26/Thread-47 (process_request_thread)] [DEBUG] Rule 'acceptance':'acceptance/calendar/seed-b.ics' matches '.*':'.*' from section 'all' permission 'RrWw'
[2026-10-05 17:07:04 +0800] [26/Thread-47 (process_request_thread)] [DEBUG] Request content: suppressed by config/option [logging] request_content_on_debug
[2026-10-05 17:07:04 +0800] [26/Thread-47 (process_request_thread)] [DEBUG] logging of rules which doesn't match suppressed by config/option [logging] rights_rule_doesnt_match_on_debug
[2026-10-05 17:07:04 +0800] [26/Thread-47 (process_request_thread)] [DEBUG] Rule 'acceptance':'acceptance/calendar' matches '.*':'.*' from section 'all' permission 'RrWw'
[2026-10-05 17:07:04 +0800] [26/Thread-47 (process_request_thread)] [DEBUG] Precondition passed on PUT request for '/acceptance/calendar/seed-b.ics' (HTTP_IF_MATCH: "90236f2f792a4867583cbbad9928974b51a2ef1e7c1797e2fee7112ae929cbbd", item has etag: "90236f2f792a4867583cbbad9928974b51a2ef1e7c1797e2fee7112ae929cbbd")
[2026-10-05 17:07:04 +0800] [26/Thread-47 (process_request_thread)] [DEBUG] PUT request contains item with UID 'seed-b' size 627 below limit 10000000: '/acceptance/calendar/seed-b.ics'
[2026-10-05 17:07:04 +0800] [26/Thread-47 (process_request_thread)] [DEBUG] PUT request updated existing item '/acceptance/calendar/seed-b.ics'
[2026-10-05 17:07:04 +0800] [26/Thread-47 (process_request_thread)] [DEBUG] Response header: suppressed by config/option [logging] response_header_on_debug
[2026-10-05 17:07:04 +0800] [26/Thread-47 (process_request_thread)] [INFO] PUT response status for '/acceptance/calendar/seed-b.ics' in 0.003 seconds: 204 No Content
[2026-10-05 17:07:04 +0800] [26/Thread-48 (process_request_thread)] [INFO] REPORT request for '/acceptance/calendar/' with depth '1' received from 127.0.0.1 using 'Mozilla/5.0 (X11; Linux x86_64; rv:153.0) Gecko/20100101 Thunderbird/153.1.0'
[2026-10-05 17:07:04 +0800] [26/Thread-48 (process_request_thread)] [DEBUG] Request header: suppressed by config/option [logging] request_header_on_debug
[2026-10-05 17:07:04 +0800] [26/Thread-48 (process_request_thread)] [DEBUG] Sanitized path: '/acceptance/calendar/'
[2026-10-05 17:07:04 +0800] [26/Thread-48 (process_request_thread)] [INFO] Successful login: 'acceptance' (none)
[2026-10-05 17:07:04 +0800] [26/Thread-48 (process_request_thread)] [DEBUG] logging of rules which doesn't match suppressed by config/option [logging] rights_rule_doesnt_match_on_debug
[2026-10-05 17:07:04 +0800] [26/Thread-48 (process_request_thread)] [DEBUG] Rule 'acceptance':'acceptance/calendar' matches '.*':'.*' from section 'all' permission 'RrWw'
[2026-10-05 17:07:04 +0800] [26/Thread-48 (process_request_thread)] [DEBUG] Request content (XML): suppressed by config/option [logging] request_content_on_debug
[2026-10-05 17:07:04 +0800] [26/Thread-48 (process_request_thread)] [DEBUG] Response content (XML): suppressed by config/option [logging] response_content_on_debug
[2026-10-05 17:07:04 +0800] [26/Thread-48 (process_request_thread)] [DEBUG] Response header: suppressed by config/option [logging] response_header_on_debug
[2026-10-05 17:07:04 +0800] [26/Thread-48 (process_request_thread)] [INFO] REPORT response status for '/acceptance/calendar/' with depth '1' in 0.001 seconds gzip 654 bytes (getetag): 207 Multi-Status
[2026-10-05 17:07:04 +0800] [26/Thread-49 (process_request_thread)] [INFO] REPORT request for '/acceptance/calendar/' with depth '1' received from 127.0.0.1 using 'Mozilla/5.0 (X11; Linux x86_64; rv:153.0) Gecko/20100101 Thunderbird/153.1.0'
[2026-10-05 17:07:04 +0800] [26/Thread-49 (process_request_thread)] [DEBUG] Request header: suppressed by config/option [logging] request_header_on_debug
[2026-10-05 17:07:04 +0800] [26/Thread-49 (process_request_thread)] [DEBUG] Sanitized path: '/acceptance/calendar/'
[2026-10-05 17:07:04 +0800] [26/Thread-49 (process_request_thread)] [INFO] Successful login: 'acceptance' (none)
[2026-10-05 17:07:04 +0800] [26/Thread-49 (process_request_thread)] [DEBUG] logging of rules which doesn't match suppressed by config/option [logging] rights_rule_doesnt_match_on_debug
[2026-10-05 17:07:04 +0800] [26/Thread-49 (process_request_thread)] [DEBUG] Rule 'acceptance':'acceptance/calendar' matches '.*':'.*' from section 'all' permission 'RrWw'
[2026-10-05 17:07:04 +0800] [26/Thread-50 (process_request_thread)] [INFO] REPORT request for '/acceptance/calendar/' with depth '1' received from 127.0.0.1 using 'Mozilla/5.0 (X11; Linux x86_64; rv:153.0) Gecko/20100101 Thunderbird/153.1.0'
[2026-10-05 17:07:04 +0800] [26/Thread-49 (process_request_thread)] [DEBUG] Request content (XML): suppressed by config/option [logging] request_content_on_debug
[2026-10-05 17:07:04 +0800] [26/Thread-50 (process_request_thread)] [DEBUG] Request header: suppressed by config/option [logging] request_header_on_debug
[2026-10-05 17:07:04 +0800] [26/Thread-50 (process_request_thread)] [DEBUG] Sanitized path: '/acceptance/calendar/'
[2026-10-05 17:07:04 +0800] [26/Thread-50 (process_request_thread)] [INFO] Successful login: 'acceptance' (none)
[2026-10-05 17:07:04 +0800] [26/Thread-49 (process_request_thread)] [DEBUG] Client provided sync token: 'http://radicale.org/ns/sync/f50d00dcdd4ef7fbf4da9a4418fa72ca9beb529956c7afacc95a502af98b1e46'
[2026-10-05 17:07:04 +0800] [26/Thread-50 (process_request_thread)] [DEBUG] logging of rules which doesn't match suppressed by config/option [logging] rights_rule_doesnt_match_on_debug
[2026-10-05 17:07:04 +0800] [26/Thread-50 (process_request_thread)] [DEBUG] Rule 'acceptance':'acceptance/calendar' matches '.*':'.*' from section 'all' permission 'RrWw'
[2026-10-05 17:07:04 +0800] [26/Thread-50 (process_request_thread)] [DEBUG] Request content (XML): suppressed by config/option [logging] request_content_on_debug
[2026-10-05 17:07:04 +0800] [26/Thread-50 (process_request_thread)] [DEBUG] Response content (XML): suppressed by config/option [logging] response_content_on_debug
[2026-10-05 17:07:04 +0800] [26/Thread-50 (process_request_thread)] [DEBUG] Response header: suppressed by config/option [logging] response_header_on_debug
[2026-10-05 17:07:04 +0800] [26/Thread-50 (process_request_thread)] [INFO] REPORT response status for '/acceptance/calendar/' with depth '1' in 0.002 seconds gzip 654 bytes (getetag): 207 Multi-Status
[2026-10-05 17:07:04 +0800] [26/Thread-49 (process_request_thread)] [DEBUG] Response content (XML): suppressed by config/option [logging] response_content_on_debug
[2026-10-05 17:07:04 +0800] [26/Thread-49 (process_request_thread)] [DEBUG] Response header: suppressed by config/option [logging] response_header_on_debug
[2026-10-05 17:07:04 +0800] [26/Thread-49 (process_request_thread)] [INFO] REPORT response status for '/acceptance/calendar/' with depth '1' in 0.004 seconds gzip 347 bytes (getetag sync-collection): 207 Multi-Status
[2026-10-05 17:07:04 +0800] [26/Thread-51 (process_request_thread)] [INFO] REPORT request for '/acceptance/calendar/' with depth '1' received from 127.0.0.1 using 'Mozilla/5.0 (X11; Linux x86_64; rv:153.0) Gecko/20100101 Thunderbird/153.1.0'
[2026-10-05 17:07:04 +0800] [26/Thread-51 (process_request_thread)] [DEBUG] Request header: suppressed by config/option [logging] request_header_on_debug
[2026-10-05 17:07:04 +0800] [26/Thread-51 (process_request_thread)] [DEBUG] Sanitized path: '/acceptance/calendar/'
[2026-10-05 17:07:04 +0800] [26/Thread-51 (process_request_thread)] [INFO] Successful login: 'acceptance' (none)
[2026-10-05 17:07:04 +0800] [26/Thread-51 (process_request_thread)] [DEBUG] logging of rules which doesn't match suppressed by config/option [logging] rights_rule_doesnt_match_on_debug
[2026-10-05 17:07:04 +0800] [26/Thread-51 (process_request_thread)] [DEBUG] Rule 'acceptance':'acceptance/calendar' matches '.*':'.*' from section 'all' permission 'RrWw'
[2026-10-05 17:07:04 +0800] [26/Thread-51 (process_request_thread)] [DEBUG] Request content (XML): suppressed by config/option [logging] request_content_on_debug
[2026-10-05 17:07:04 +0800] [26/Thread-51 (process_request_thread)] [DEBUG] Client provided sync token: 'http://radicale.org/ns/sync/76d49c63e12cdac7d91f04345496bcbf13e4592294b12b877ca818ef092e1d44'
[2026-10-05 17:07:04 +0800] [26/Thread-51 (process_request_thread)] [DEBUG] Response content (XML): suppressed by config/option [logging] response_content_on_debug
[2026-10-05 17:07:04 +0800] [26/Thread-51 (process_request_thread)] [DEBUG] Response header: suppressed by config/option [logging] response_header_on_debug
[2026-10-05 17:07:04 +0800] [26/Thread-51 (process_request_thread)] [INFO] REPORT response status for '/acceptance/calendar/' with depth '1' in 0.001 seconds gzip 175 bytes (getetag sync-collection): 207 Multi-Status
[2026-10-05 17:07:04 +0800] [26/Thread-52 (process_request_thread)] [INFO] GET request for '/acceptance/calendar/seed-b.ics' received from 127.0.0.1 using 'Python-urllib/3.12'
[2026-10-05 17:07:04 +0800] [26/Thread-52 (process_request_thread)] [DEBUG] Request header: suppressed by config/option [logging] request_header_on_debug
[2026-10-05 17:07:04 +0800] [26/Thread-52 (process_request_thread)] [DEBUG] Sanitized path: '/acceptance/calendar/seed-b.ics'
[2026-10-05 17:07:04 +0800] [26/Thread-52 (process_request_thread)] [INFO] Successful login: 'acceptance' (none)
[2026-10-05 17:07:04 +0800] [26/Thread-52 (process_request_thread)] [DEBUG] logging of rules which doesn't match suppressed by config/option [logging] rights_rule_doesnt_match_on_debug
[2026-10-05 17:07:04 +0800] [26/Thread-52 (process_request_thread)] [DEBUG] Rule 'acceptance':'acceptance/calendar/seed-b.ics' matches '.*':'.*' from section 'all' permission 'RrWw'
[2026-10-05 17:07:04 +0800] [26/Thread-52 (process_request_thread)] [DEBUG] logging of rules which doesn't match suppressed by config/option [logging] rights_rule_doesnt_match_on_debug
[2026-10-05 17:07:04 +0800] [26/Thread-52 (process_request_thread)] [DEBUG] Rule 'acceptance':'acceptance/calendar' matches '.*':'.*' from section 'all' permission 'RrWw'
[2026-10-05 17:07:04 +0800] [26/Thread-52 (process_request_thread)] [DEBUG] Response content: suppressed by config/option [logging] response_content_on_debug
[2026-10-05 17:07:04 +0800] [26/Thread-52 (process_request_thread)] [DEBUG] Response header: suppressed by config/option [logging] response_header_on_debug
[2026-10-05 17:07:04 +0800] [26/Thread-52 (process_request_thread)] [INFO] GET response status for '/acceptance/calendar/seed-b.ics' in 0.001 seconds plain 627 bytes: 200 OK
[2026-10-05 17:07:04 +0800] [26/Thread-53 (process_request_thread)] [INFO] REPORT request for '/acceptance/calendar/' with depth '1' received from 127.0.0.1 using 'Mozilla/5.0 (X11; Linux x86_64; rv:153.0) Gecko/20100101 Thunderbird/153.1.0'
[2026-10-05 17:07:04 +0800] [26/Thread-53 (process_request_thread)] [DEBUG] Request header: suppressed by config/option [logging] request_header_on_debug
[2026-10-05 17:07:04 +0800] [26/Thread-53 (process_request_thread)] [DEBUG] Sanitized path: '/acceptance/calendar/'
[2026-10-05 17:07:04 +0800] [26/Thread-53 (process_request_thread)] [INFO] Successful login: 'acceptance' (none)
[2026-10-05 17:07:04 +0800] [26/Thread-53 (process_request_thread)] [DEBUG] logging of rules which doesn't match suppressed by config/option [logging] rights_rule_doesnt_match_on_debug
[2026-10-05 17:07:04 +0800] [26/Thread-53 (process_request_thread)] [DEBUG] Rule 'acceptance':'acceptance/calendar' matches '.*':'.*' from section 'all' permission 'RrWw'
[2026-10-05 17:07:04 +0800] [26/Thread-53 (process_request_thread)] [DEBUG] Request content (XML): suppressed by config/option [logging] request_content_on_debug
[2026-10-05 17:07:04 +0800] [26/Thread-53 (process_request_thread)] [DEBUG] Response content (XML): suppressed by config/option [logging] response_content_on_debug
[2026-10-05 17:07:04 +0800] [26/Thread-53 (process_request_thread)] [DEBUG] Response header: suppressed by config/option [logging] response_header_on_debug
[2026-10-05 17:07:04 +0800] [26/Thread-53 (process_request_thread)] [INFO] REPORT response status for '/acceptance/calendar/' with depth '1' in 0.002 seconds gzip 427 bytes (getetag): 207 Multi-Status
[2026-10-05 17:07:04 +0800] [26/Thread-54 (process_request_thread)] [INFO] REPORT request for '/acceptance/calendar/' with depth '1' received from 127.0.0.1 using 'Mozilla/5.0 (X11; Linux x86_64; rv:153.0) Gecko/20100101 Thunderbird/153.1.0'
[2026-10-05 17:07:04 +0800] [26/Thread-54 (process_request_thread)] [DEBUG] Request header: suppressed by config/option [logging] request_header_on_debug
[2026-10-05 17:07:04 +0800] [26/Thread-54 (process_request_thread)] [DEBUG] Sanitized path: '/acceptance/calendar/'
[2026-10-05 17:07:04 +0800] [26/Thread-54 (process_request_thread)] [INFO] Successful login: 'acceptance' (none)
[2026-10-05 17:07:04 +0800] [26/Thread-54 (process_request_thread)] [DEBUG] logging of rules which doesn't match suppressed by config/option [logging] rights_rule_doesnt_match_on_debug
[2026-10-05 17:07:04 +0800] [26/Thread-54 (process_request_thread)] [DEBUG] Rule 'acceptance':'acceptance/calendar' matches '.*':'.*' from section 'all' permission 'RrWw'
[2026-10-05 17:07:04 +0800] [26/Thread-54 (process_request_thread)] [DEBUG] Request content (XML): suppressed by config/option [logging] request_content_on_debug
[2026-10-05 17:07:04 +0800] [26/Thread-54 (process_request_thread)] [DEBUG] Client provided sync token: 'http://radicale.org/ns/sync/76d49c63e12cdac7d91f04345496bcbf13e4592294b12b877ca818ef092e1d44'
[2026-10-05 17:07:04 +0800] [26/Thread-54 (process_request_thread)] [DEBUG] Response content (XML): suppressed by config/option [logging] response_content_on_debug
[2026-10-05 17:07:04 +0800] [26/Thread-54 (process_request_thread)] [DEBUG] Response header: suppressed by config/option [logging] response_header_on_debug
[2026-10-05 17:07:04 +0800] [26/Thread-54 (process_request_thread)] [INFO] REPORT response status for '/acceptance/calendar/' with depth '1' in 0.001 seconds gzip 175 bytes (getetag sync-collection): 207 Multi-Status
[2026-10-05 17:07:04 +0800] [26/Thread-55 (process_request_thread)] [INFO] PUT request for '/acceptance/calendar/seed-c.ics' received from 127.0.0.1 using 'Mozilla/5.0 (X11; Linux x86_64; rv:153.0) Gecko/20100101 Thunderbird/153.1.0'
[2026-10-05 17:07:04 +0800] [26/Thread-55 (process_request_thread)] [DEBUG] Request header: suppressed by config/option [logging] request_header_on_debug
[2026-10-05 17:07:04 +0800] [26/Thread-55 (process_request_thread)] [DEBUG] Sanitized path: '/acceptance/calendar/seed-c.ics'
[2026-10-05 17:07:04 +0800] [26/Thread-55 (process_request_thread)] [INFO] Successful login: 'acceptance' (none)
[2026-10-05 17:07:04 +0800] [26/Thread-55 (process_request_thread)] [DEBUG] logging of rules which doesn't match suppressed by config/option [logging] rights_rule_doesnt_match_on_debug
[2026-10-05 17:07:04 +0800] [26/Thread-55 (process_request_thread)] [DEBUG] Rule 'acceptance':'acceptance/calendar/seed-c.ics' matches '.*':'.*' from section 'all' permission 'RrWw'
[2026-10-05 17:07:04 +0800] [26/Thread-55 (process_request_thread)] [DEBUG] Request content: suppressed by config/option [logging] request_content_on_debug
[2026-10-05 17:07:04 +0800] [26/Thread-55 (process_request_thread)] [DEBUG] logging of rules which doesn't match suppressed by config/option [logging] rights_rule_doesnt_match_on_debug
[2026-10-05 17:07:04 +0800] [26/Thread-55 (process_request_thread)] [DEBUG] Rule 'acceptance':'acceptance/calendar' matches '.*':'.*' from section 'all' permission 'RrWw'
[2026-10-05 17:07:04 +0800] [26/Thread-55 (process_request_thread)] [DEBUG] Precondition passed on PUT request for '/acceptance/calendar/seed-c.ics' (HTTP_IF_MATCH: "9a672192cad5f13c8532d57a3a28425d556f786e5648ebfbf1067376c72b9ccd", item has etag: "9a672192cad5f13c8532d57a3a28425d556f786e5648ebfbf1067376c72b9ccd")
[2026-10-05 17:07:04 +0800] [26/Thread-55 (process_request_thread)] [DEBUG] PUT request contains item with UID 'seed-c' size 568 below limit 10000000: '/acceptance/calendar/seed-c.ics'
[2026-10-05 17:07:04 +0800] [26/Thread-55 (process_request_thread)] [DEBUG] PUT request updated existing item '/acceptance/calendar/seed-c.ics'
[2026-10-05 17:07:04 +0800] [26/Thread-55 (process_request_thread)] [DEBUG] Response header: suppressed by config/option [logging] response_header_on_debug
[2026-10-05 17:07:04 +0800] [26/Thread-55 (process_request_thread)] [INFO] PUT response status for '/acceptance/calendar/seed-c.ics' in 0.004 seconds: 204 No Content
[2026-10-05 17:07:04 +0800] [26/Thread-56 (process_request_thread)] [INFO] REPORT request for '/acceptance/calendar/' with depth '1' received from 127.0.0.1 using 'Mozilla/5.0 (X11; Linux x86_64; rv:153.0) Gecko/20100101 Thunderbird/153.1.0'
[2026-10-05 17:07:04 +0800] [26/Thread-56 (process_request_thread)] [DEBUG] Request header: suppressed by config/option [logging] request_header_on_debug
[2026-10-05 17:07:04 +0800] [26/Thread-56 (process_request_thread)] [DEBUG] Sanitized path: '/acceptance/calendar/'
[2026-10-05 17:07:04 +0800] [26/Thread-56 (process_request_thread)] [INFO] Successful login: 'acceptance' (none)
[2026-10-05 17:07:04 +0800] [26/Thread-56 (process_request_thread)] [DEBUG] logging of rules which doesn't match suppressed by config/option [logging] rights_rule_doesnt_match_on_debug
[2026-10-05 17:07:04 +0800] [26/Thread-56 (process_request_thread)] [DEBUG] Rule 'acceptance':'acceptance/calendar' matches '.*':'.*' from section 'all' permission 'RrWw'
[2026-10-05 17:07:04 +0800] [26/Thread-56 (process_request_thread)] [DEBUG] Request content (XML): suppressed by config/option [logging] request_content_on_debug
[2026-10-05 17:07:04 +0800] [26/Thread-56 (process_request_thread)] [DEBUG] Response content (XML): suppressed by config/option [logging] response_content_on_debug
[2026-10-05 17:07:04 +0800] [26/Thread-56 (process_request_thread)] [DEBUG] Response header: suppressed by config/option [logging] response_header_on_debug
[2026-10-05 17:07:04 +0800] [26/Thread-56 (process_request_thread)] [INFO] REPORT response status for '/acceptance/calendar/' with depth '1' in 0.001 seconds gzip 644 bytes (getetag): 207 Multi-Status
[2026-10-05 17:07:04 +0800] [26/Thread-57 (process_request_thread)] [INFO] REPORT request for '/acceptance/calendar/' with depth '1' received from 127.0.0.1 using 'Mozilla/5.0 (X11; Linux x86_64; rv:153.0) Gecko/20100101 Thunderbird/153.1.0'
[2026-10-05 17:07:04 +0800] [26/Thread-57 (process_request_thread)] [DEBUG] Request header: suppressed by config/option [logging] request_header_on_debug
[2026-10-05 17:07:04 +0800] [26/Thread-57 (process_request_thread)] [DEBUG] Sanitized path: '/acceptance/calendar/'
[2026-10-05 17:07:04 +0800] [26/Thread-57 (process_request_thread)] [INFO] Successful login: 'acceptance' (none)
[2026-10-05 17:07:04 +0800] [26/Thread-57 (process_request_thread)] [DEBUG] logging of rules which doesn't match suppressed by config/option [logging] rights_rule_doesnt_match_on_debug
[2026-10-05 17:07:04 +0800] [26/Thread-57 (process_request_thread)] [DEBUG] Rule 'acceptance':'acceptance/calendar' matches '.*':'.*' from section 'all' permission 'RrWw'
[2026-10-05 17:07:04 +0800] [26/Thread-57 (process_request_thread)] [DEBUG] Request content (XML): suppressed by config/option [logging] request_content_on_debug
[2026-10-05 17:07:04 +0800] [26/Thread-58 (process_request_thread)] [INFO] REPORT request for '/acceptance/calendar/' with depth '1' received from 127.0.0.1 using 'Mozilla/5.0 (X11; Linux x86_64; rv:153.0) Gecko/20100101 Thunderbird/153.1.0'
[2026-10-05 17:07:04 +0800] [26/Thread-58 (process_request_thread)] [DEBUG] Request header: suppressed by config/option [logging] request_header_on_debug
[2026-10-05 17:07:04 +0800] [26/Thread-58 (process_request_thread)] [DEBUG] Sanitized path: '/acceptance/calendar/'
[2026-10-05 17:07:04 +0800] [26/Thread-58 (process_request_thread)] [INFO] Successful login: 'acceptance' (none)
[2026-10-05 17:07:04 +0800] [26/Thread-58 (process_request_thread)] [DEBUG] logging of rules which doesn't match suppressed by config/option [logging] rights_rule_doesnt_match_on_debug
[2026-10-05 17:07:04 +0800] [26/Thread-58 (process_request_thread)] [DEBUG] Rule 'acceptance':'acceptance/calendar' matches '.*':'.*' from section 'all' permission 'RrWw'
[2026-10-05 17:07:04 +0800] [26/Thread-58 (process_request_thread)] [DEBUG] Request content (XML): suppressed by config/option [logging] request_content_on_debug
[2026-10-05 17:07:04 +0800] [26/Thread-57 (process_request_thread)] [DEBUG] Client provided sync token: 'http://radicale.org/ns/sync/76d49c63e12cdac7d91f04345496bcbf13e4592294b12b877ca818ef092e1d44'
[2026-10-05 17:07:04 +0800] [26/Thread-58 (process_request_thread)] [DEBUG] Response content (XML): suppressed by config/option [logging] response_content_on_debug
[2026-10-05 17:07:04 +0800] [26/Thread-58 (process_request_thread)] [DEBUG] Response header: suppressed by config/option [logging] response_header_on_debug
[2026-10-05 17:07:04 +0800] [26/Thread-58 (process_request_thread)] [INFO] REPORT response status for '/acceptance/calendar/' with depth '1' in 0.002 seconds gzip 644 bytes (getetag): 207 Multi-Status
[2026-10-05 17:07:04 +0800] [26/Thread-57 (process_request_thread)] [DEBUG] Response content (XML): suppressed by config/option [logging] response_content_on_debug
[2026-10-05 17:07:04 +0800] [26/Thread-57 (process_request_thread)] [DEBUG] Response header: suppressed by config/option [logging] response_header_on_debug
[2026-10-05 17:07:04 +0800] [26/Thread-57 (process_request_thread)] [INFO] REPORT response status for '/acceptance/calendar/' with depth '1' in 0.004 seconds gzip 350 bytes (getetag sync-collection): 207 Multi-Status
[2026-10-05 17:07:04 +0800] [26/Thread-59 (process_request_thread)] [INFO] REPORT request for '/acceptance/calendar/' with depth '1' received from 127.0.0.1 using 'Mozilla/5.0 (X11; Linux x86_64; rv:153.0) Gecko/20100101 Thunderbird/153.1.0'
[2026-10-05 17:07:04 +0800] [26/Thread-59 (process_request_thread)] [DEBUG] Request header: suppressed by config/option [logging] request_header_on_debug
[2026-10-05 17:07:04 +0800] [26/Thread-59 (process_request_thread)] [DEBUG] Sanitized path: '/acceptance/calendar/'
[2026-10-05 17:07:04 +0800] [26/Thread-59 (process_request_thread)] [INFO] Successful login: 'acceptance' (none)
[2026-10-05 17:07:04 +0800] [26/Thread-59 (process_request_thread)] [DEBUG] logging of rules which doesn't match suppressed by config/option [logging] rights_rule_doesnt_match_on_debug
[2026-10-05 17:07:04 +0800] [26/Thread-59 (process_request_thread)] [DEBUG] Rule 'acceptance':'acceptance/calendar' matches '.*':'.*' from section 'all' permission 'RrWw'
[2026-10-05 17:07:04 +0800] [26/Thread-59 (process_request_thread)] [DEBUG] Request content (XML): suppressed by config/option [logging] request_content_on_debug
[2026-10-05 17:07:04 +0800] [26/Thread-59 (process_request_thread)] [DEBUG] Client provided sync token: 'http://radicale.org/ns/sync/3f81afe6f1ba7bbef6b9c507b1e3333f2357dadbcd650992a68f94117b7903d5'
[2026-10-05 17:07:04 +0800] [26/Thread-59 (process_request_thread)] [DEBUG] Response content (XML): suppressed by config/option [logging] response_content_on_debug
[2026-10-05 17:07:04 +0800] [26/Thread-59 (process_request_thread)] [DEBUG] Response header: suppressed by config/option [logging] response_header_on_debug
[2026-10-05 17:07:04 +0800] [26/Thread-59 (process_request_thread)] [INFO] REPORT response status for '/acceptance/calendar/' with depth '1' in 0.001 seconds gzip 176 bytes (getetag sync-collection): 207 Multi-Status
[2026-10-05 17:07:04 +0800] [26/Thread-60 (process_request_thread)] [INFO] GET request for '/acceptance/calendar/seed-c.ics' received from 127.0.0.1 using 'Python-urllib/3.12'
[2026-10-05 17:07:04 +0800] [26/Thread-60 (process_request_thread)] [DEBUG] Request header: suppressed by config/option [logging] request_header_on_debug
[2026-10-05 17:07:04 +0800] [26/Thread-60 (process_request_thread)] [DEBUG] Sanitized path: '/acceptance/calendar/seed-c.ics'
[2026-10-05 17:07:04 +0800] [26/Thread-60 (process_request_thread)] [INFO] Successful login: 'acceptance' (none)
[2026-10-05 17:07:04 +0800] [26/Thread-60 (process_request_thread)] [DEBUG] logging of rules which doesn't match suppressed by config/option [logging] rights_rule_doesnt_match_on_debug
[2026-10-05 17:07:04 +0800] [26/Thread-60 (process_request_thread)] [DEBUG] Rule 'acceptance':'acceptance/calendar/seed-c.ics' matches '.*':'.*' from section 'all' permission 'RrWw'
[2026-10-05 17:07:04 +0800] [26/Thread-60 (process_request_thread)] [DEBUG] logging of rules which doesn't match suppressed by config/option [logging] rights_rule_doesnt_match_on_debug
[2026-10-05 17:07:04 +0800] [26/Thread-60 (process_request_thread)] [DEBUG] Rule 'acceptance':'acceptance/calendar' matches '.*':'.*' from section 'all' permission 'RrWw'
[2026-10-05 17:07:04 +0800] [26/Thread-60 (process_request_thread)] [DEBUG] Response content: suppressed by config/option [logging] response_content_on_debug
[2026-10-05 17:07:04 +0800] [26/Thread-60 (process_request_thread)] [DEBUG] Response header: suppressed by config/option [logging] response_header_on_debug
[2026-10-05 17:07:04 +0800] [26/Thread-60 (process_request_thread)] [INFO] GET response status for '/acceptance/calendar/seed-c.ics' in 0.001 seconds plain 568 bytes: 200 OK
[2026-10-05 17:07:04 +0800] [26/Thread-61 (process_request_thread)] [INFO] REPORT request for '/acceptance/calendar/' with depth '1' received from 127.0.0.1 using 'Mozilla/5.0 (X11; Linux x86_64; rv:153.0) Gecko/20100101 Thunderbird/153.1.0'
[2026-10-05 17:07:04 +0800] [26/Thread-61 (process_request_thread)] [DEBUG] Request header: suppressed by config/option [logging] request_header_on_debug
[2026-10-05 17:07:04 +0800] [26/Thread-61 (process_request_thread)] [DEBUG] Sanitized path: '/acceptance/calendar/'
[2026-10-05 17:07:04 +0800] [26/Thread-61 (process_request_thread)] [INFO] Successful login: 'acceptance' (none)
[2026-10-05 17:07:04 +0800] [26/Thread-61 (process_request_thread)] [DEBUG] logging of rules which doesn't match suppressed by config/option [logging] rights_rule_doesnt_match_on_debug
[2026-10-05 17:07:04 +0800] [26/Thread-61 (process_request_thread)] [DEBUG] Rule 'acceptance':'acceptance/calendar' matches '.*':'.*' from section 'all' permission 'RrWw'
[2026-10-05 17:07:04 +0800] [26/Thread-61 (process_request_thread)] [DEBUG] Request content (XML): suppressed by config/option [logging] request_content_on_debug
[2026-10-05 17:07:04 +0800] [26/Thread-61 (process_request_thread)] [DEBUG] Response content (XML): suppressed by config/option [logging] response_content_on_debug
[2026-10-05 17:07:04 +0800] [26/Thread-61 (process_request_thread)] [DEBUG] Response header: suppressed by config/option [logging] response_header_on_debug
[2026-10-05 17:07:04 +0800] [26/Thread-61 (process_request_thread)] [INFO] REPORT response status for '/acceptance/calendar/' with depth '1' in 0.002 seconds gzip 644 bytes (getetag): 207 Multi-Status
[2026-10-05 17:07:04 +0800] [26/Thread-62 (process_request_thread)] [INFO] REPORT request for '/acceptance/calendar/' with depth '1' received from 127.0.0.1 using 'Mozilla/5.0 (X11; Linux x86_64; rv:153.0) Gecko/20100101 Thunderbird/153.1.0'
[2026-10-05 17:07:04 +0800] [26/Thread-62 (process_request_thread)] [DEBUG] Request header: suppressed by config/option [logging] request_header_on_debug
[2026-10-05 17:07:04 +0800] [26/Thread-62 (process_request_thread)] [DEBUG] Sanitized path: '/acceptance/calendar/'
[2026-10-05 17:07:04 +0800] [26/Thread-62 (process_request_thread)] [INFO] Successful login: 'acceptance' (none)
[2026-10-05 17:07:04 +0800] [26/Thread-62 (process_request_thread)] [DEBUG] logging of rules which doesn't match suppressed by config/option [logging] rights_rule_doesnt_match_on_debug
[2026-10-05 17:07:04 +0800] [26/Thread-62 (process_request_thread)] [DEBUG] Rule 'acceptance':'acceptance/calendar' matches '.*':'.*' from section 'all' permission 'RrWw'
[2026-10-05 17:07:04 +0800] [26/Thread-62 (process_request_thread)] [DEBUG] Request content (XML): suppressed by config/option [logging] request_content_on_debug
[2026-10-05 17:07:04 +0800] [26/Thread-62 (process_request_thread)] [DEBUG] Client provided sync token: 'http://radicale.org/ns/sync/3f81afe6f1ba7bbef6b9c507b1e3333f2357dadbcd650992a68f94117b7903d5'
[2026-10-05 17:07:04 +0800] [26/Thread-62 (process_request_thread)] [DEBUG] Response content (XML): suppressed by config/option [logging] response_content_on_debug
[2026-10-05 17:07:04 +0800] [26/Thread-62 (process_request_thread)] [DEBUG] Response header: suppressed by config/option [logging] response_header_on_debug
[2026-10-05 17:07:04 +0800] [26/Thread-62 (process_request_thread)] [INFO] REPORT response status for '/acceptance/calendar/' with depth '1' in 0.001 seconds gzip 176 bytes (getetag sync-collection): 207 Multi-Status
[2026-10-05 17:07:04 +0800] [26/Thread-63 (process_request_thread)] [INFO] PUT request for '/acceptance/calendar/seed-c.ics' received from 127.0.0.1 using 'Mozilla/5.0 (X11; Linux x86_64; rv:153.0) Gecko/20100101 Thunderbird/153.1.0'
[2026-10-05 17:07:04 +0800] [26/Thread-63 (process_request_thread)] [DEBUG] Request header: suppressed by config/option [logging] request_header_on_debug
[2026-10-05 17:07:04 +0800] [26/Thread-63 (process_request_thread)] [DEBUG] Sanitized path: '/acceptance/calendar/seed-c.ics'
[2026-10-05 17:07:04 +0800] [26/Thread-63 (process_request_thread)] [INFO] Successful login: 'acceptance' (none)
[2026-10-05 17:07:04 +0800] [26/Thread-63 (process_request_thread)] [DEBUG] logging of rules which doesn't match suppressed by config/option [logging] rights_rule_doesnt_match_on_debug
[2026-10-05 17:07:04 +0800] [26/Thread-63 (process_request_thread)] [DEBUG] Rule 'acceptance':'acceptance/calendar/seed-c.ics' matches '.*':'.*' from section 'all' permission 'RrWw'
[2026-10-05 17:07:04 +0800] [26/Thread-63 (process_request_thread)] [DEBUG] Request content: suppressed by config/option [logging] request_content_on_debug
[2026-10-05 17:07:04 +0800] [26/Thread-63 (process_request_thread)] [DEBUG] logging of rules which doesn't match suppressed by config/option [logging] rights_rule_doesnt_match_on_debug
[2026-10-05 17:07:04 +0800] [26/Thread-63 (process_request_thread)] [DEBUG] Rule 'acceptance':'acceptance/calendar' matches '.*':'.*' from section 'all' permission 'RrWw'
[2026-10-05 17:07:04 +0800] [26/Thread-63 (process_request_thread)] [DEBUG] Precondition passed on PUT request for '/acceptance/calendar/seed-c.ics' (HTTP_IF_MATCH: "483c9b6aff900ce2cf4aa8c83445d2a758a475252a0dc1663a82f510b9b93926", item has etag: "483c9b6aff900ce2cf4aa8c83445d2a758a475252a0dc1663a82f510b9b93926")
[2026-10-05 17:07:04 +0800] [26/Thread-63 (process_request_thread)] [DEBUG] PUT request contains item with UID 'seed-c' size 596 below limit 10000000: '/acceptance/calendar/seed-c.ics'
[2026-10-05 17:07:04 +0800] [26/Thread-63 (process_request_thread)] [DEBUG] PUT request updated existing item '/acceptance/calendar/seed-c.ics'
[2026-10-05 17:07:04 +0800] [26/Thread-63 (process_request_thread)] [DEBUG] Response header: suppressed by config/option [logging] response_header_on_debug
[2026-10-05 17:07:04 +0800] [26/Thread-63 (process_request_thread)] [INFO] PUT response status for '/acceptance/calendar/seed-c.ics' in 0.002 seconds: 204 No Content
[2026-10-05 17:07:04 +0800] [26/Thread-64 (process_request_thread)] [INFO] REPORT request for '/acceptance/calendar/' with depth '1' received from 127.0.0.1 using 'Mozilla/5.0 (X11; Linux x86_64; rv:153.0) Gecko/20100101 Thunderbird/153.1.0'
[2026-10-05 17:07:04 +0800] [26/Thread-64 (process_request_thread)] [DEBUG] Request header: suppressed by config/option [logging] request_header_on_debug
[2026-10-05 17:07:04 +0800] [26/Thread-64 (process_request_thread)] [DEBUG] Sanitized path: '/acceptance/calendar/'
[2026-10-05 17:07:04 +0800] [26/Thread-64 (process_request_thread)] [INFO] Successful login: 'acceptance' (none)
[2026-10-05 17:07:04 +0800] [26/Thread-64 (process_request_thread)] [DEBUG] logging of rules which doesn't match suppressed by config/option [logging] rights_rule_doesnt_match_on_debug
[2026-10-05 17:07:04 +0800] [26/Thread-64 (process_request_thread)] [DEBUG] Rule 'acceptance':'acceptance/calendar' matches '.*':'.*' from section 'all' permission 'RrWw'
[2026-10-05 17:07:04 +0800] [26/Thread-64 (process_request_thread)] [DEBUG] Request content (XML): suppressed by config/option [logging] request_content_on_debug
[2026-10-05 17:07:04 +0800] [26/Thread-64 (process_request_thread)] [DEBUG] Response content (XML): suppressed by config/option [logging] response_content_on_debug
[2026-10-05 17:07:04 +0800] [26/Thread-64 (process_request_thread)] [DEBUG] Response header: suppressed by config/option [logging] response_header_on_debug
[2026-10-05 17:07:04 +0800] [26/Thread-64 (process_request_thread)] [INFO] REPORT response status for '/acceptance/calendar/' with depth '1' in 0.006 seconds gzip 649 bytes (getetag): 207 Multi-Status
[2026-10-05 17:07:04 +0800] [26/Thread-65 (process_request_thread)] [INFO] REPORT request for '/acceptance/calendar/' with depth '1' received from 127.0.0.1 using 'Mozilla/5.0 (X11; Linux x86_64; rv:153.0) Gecko/20100101 Thunderbird/153.1.0'
[2026-10-05 17:07:04 +0800] [26/Thread-65 (process_request_thread)] [DEBUG] Request header: suppressed by config/option [logging] request_header_on_debug
[2026-10-05 17:07:04 +0800] [26/Thread-65 (process_request_thread)] [DEBUG] Sanitized path: '/acceptance/calendar/'
[2026-10-05 17:07:04 +0800] [26/Thread-65 (process_request_thread)] [INFO] Successful login: 'acceptance' (none)
[2026-10-05 17:07:04 +0800] [26/Thread-66 (process_request_thread)] [INFO] REPORT request for '/acceptance/calendar/' with depth '1' received from 127.0.0.1 using 'Mozilla/5.0 (X11; Linux x86_64; rv:153.0) Gecko/20100101 Thunderbird/153.1.0'
[2026-10-05 17:07:04 +0800] [26/Thread-66 (process_request_thread)] [DEBUG] Request header: suppressed by config/option [logging] request_header_on_debug
[2026-10-05 17:07:04 +0800] [26/Thread-66 (process_request_thread)] [DEBUG] Sanitized path: '/acceptance/calendar/'
[2026-10-05 17:07:04 +0800] [26/Thread-66 (process_request_thread)] [INFO] Successful login: 'acceptance' (none)
[2026-10-05 17:07:04 +0800] [26/Thread-66 (process_request_thread)] [DEBUG] logging of rules which doesn't match suppressed by config/option [logging] rights_rule_doesnt_match_on_debug
[2026-10-05 17:07:04 +0800] [26/Thread-66 (process_request_thread)] [DEBUG] Rule 'acceptance':'acceptance/calendar' matches '.*':'.*' from section 'all' permission 'RrWw'
[2026-10-05 17:07:04 +0800] [26/Thread-66 (process_request_thread)] [DEBUG] Request content (XML): suppressed by config/option [logging] request_content_on_debug
[2026-10-05 17:07:04 +0800] [26/Thread-65 (process_request_thread)] [DEBUG] logging of rules which doesn't match suppressed by config/option [logging] rights_rule_doesnt_match_on_debug
[2026-10-05 17:07:04 +0800] [26/Thread-65 (process_request_thread)] [DEBUG] Rule 'acceptance':'acceptance/calendar' matches '.*':'.*' from section 'all' permission 'RrWw'
[2026-10-05 17:07:04 +0800] [26/Thread-65 (process_request_thread)] [DEBUG] Request content (XML): suppressed by config/option [logging] request_content_on_debug
[2026-10-05 17:07:04 +0800] [26/Thread-65 (process_request_thread)] [DEBUG] Client provided sync token: 'http://radicale.org/ns/sync/3f81afe6f1ba7bbef6b9c507b1e3333f2357dadbcd650992a68f94117b7903d5'
[2026-10-05 17:07:04 +0800] [26/Thread-66 (process_request_thread)] [DEBUG] Response content (XML): suppressed by config/option [logging] response_content_on_debug
[2026-10-05 17:07:04 +0800] [26/Thread-66 (process_request_thread)] [DEBUG] Response header: suppressed by config/option [logging] response_header_on_debug
[2026-10-05 17:07:04 +0800] [26/Thread-66 (process_request_thread)] [INFO] REPORT response status for '/acceptance/calendar/' with depth '1' in 0.002 seconds gzip 649 bytes (getetag): 207 Multi-Status
[2026-10-05 17:07:04 +0800] [26/Thread-65 (process_request_thread)] [DEBUG] Response content (XML): suppressed by config/option [logging] response_content_on_debug
[2026-10-05 17:07:04 +0800] [26/Thread-65 (process_request_thread)] [DEBUG] Response header: suppressed by config/option [logging] response_header_on_debug
[2026-10-05 17:07:04 +0800] [26/Thread-65 (process_request_thread)] [INFO] REPORT response status for '/acceptance/calendar/' with depth '1' in 0.005 seconds gzip 346 bytes (getetag sync-collection): 207 Multi-Status
[2026-10-05 17:07:05 +0800] [26/Thread-67 (process_request_thread)] [INFO] GET request for '/acceptance/calendar/seed-c.ics' received from 127.0.0.1 using 'Python-urllib/3.12'
[2026-10-05 17:07:05 +0800] [26/Thread-67 (process_request_thread)] [DEBUG] Request header: suppressed by config/option [logging] request_header_on_debug
[2026-10-05 17:07:05 +0800] [26/Thread-67 (process_request_thread)] [DEBUG] Sanitized path: '/acceptance/calendar/seed-c.ics'
[2026-10-05 17:07:05 +0800] [26/Thread-67 (process_request_thread)] [INFO] Successful login: 'acceptance' (none)
[2026-10-05 17:07:05 +0800] [26/Thread-67 (process_request_thread)] [DEBUG] logging of rules which doesn't match suppressed by config/option [logging] rights_rule_doesnt_match_on_debug
[2026-10-05 17:07:05 +0800] [26/Thread-67 (process_request_thread)] [DEBUG] Rule 'acceptance':'acceptance/calendar/seed-c.ics' matches '.*':'.*' from section 'all' permission 'RrWw'
[2026-10-05 17:07:05 +0800] [26/Thread-67 (process_request_thread)] [DEBUG] logging of rules which doesn't match suppressed by config/option [logging] rights_rule_doesnt_match_on_debug
[2026-10-05 17:07:05 +0800] [26/Thread-67 (process_request_thread)] [DEBUG] Rule 'acceptance':'acceptance/calendar' matches '.*':'.*' from section 'all' permission 'RrWw'
[2026-10-05 17:07:05 +0800] [26/Thread-67 (process_request_thread)] [DEBUG] Response content: suppressed by config/option [logging] response_content_on_debug
[2026-10-05 17:07:05 +0800] [26/Thread-67 (process_request_thread)] [DEBUG] Response header: suppressed by config/option [logging] response_header_on_debug
[2026-10-05 17:07:05 +0800] [26/Thread-67 (process_request_thread)] [INFO] GET response status for '/acceptance/calendar/seed-c.ics' in 0.001 seconds plain 596 bytes: 200 OK
[2026-10-05 17:07:05 +0800] [26/Thread-68 (process_request_thread)] [INFO] PUT request for '/acceptance/calendar/recurring.ics' received from 127.0.0.1 using 'Python-urllib/3.12'
[2026-10-05 17:07:05 +0800] [26/Thread-68 (process_request_thread)] [DEBUG] Request header: suppressed by config/option [logging] request_header_on_debug
[2026-10-05 17:07:05 +0800] [26/Thread-68 (process_request_thread)] [DEBUG] Sanitized path: '/acceptance/calendar/recurring.ics'
[2026-10-05 17:07:05 +0800] [26/Thread-68 (process_request_thread)] [INFO] Successful login: 'acceptance' (none)
[2026-10-05 17:07:05 +0800] [26/Thread-68 (process_request_thread)] [DEBUG] logging of rules which doesn't match suppressed by config/option [logging] rights_rule_doesnt_match_on_debug
[2026-10-05 17:07:05 +0800] [26/Thread-68 (process_request_thread)] [DEBUG] Rule 'acceptance':'acceptance/calendar/recurring.ics' matches '.*':'.*' from section 'all' permission 'RrWw'
[2026-10-05 17:07:05 +0800] [26/Thread-68 (process_request_thread)] [DEBUG] Request content: suppressed by config/option [logging] request_content_on_debug
[2026-10-05 17:07:05 +0800] [26/Thread-68 (process_request_thread)] [DEBUG] logging of rules which doesn't match suppressed by config/option [logging] rights_rule_doesnt_match_on_debug
[2026-10-05 17:07:05 +0800] [26/Thread-68 (process_request_thread)] [DEBUG] Rule 'acceptance':'acceptance/calendar' matches '.*':'.*' from section 'all' permission 'RrWw'
[2026-10-05 17:07:05 +0800] [26/Thread-68 (process_request_thread)] [DEBUG] Recurrence rule count in VTODO in object 'recurring': 3 (PASSED/limit: 10000)
[2026-10-05 17:07:05 +0800] [26/Thread-68 (process_request_thread)] [DEBUG] Recurrence rule 'FREQ=DAILY;COUNT=3' entries in VTODO in object 'recurring': 3 (calculated/PASSED/limit: 10000)
[2026-10-05 17:07:05 +0800] [26/Thread-68 (process_request_thread)] [DEBUG] PUT request contains item with UID 'recurring' size 318 below limit 10000000: '/acceptance/calendar/recurring.ics'
[2026-10-05 17:07:05 +0800] [26/Thread-68 (process_request_thread)] [DEBUG] Response header: suppressed by config/option [logging] response_header_on_debug
[2026-10-05 17:07:05 +0800] [26/Thread-68 (process_request_thread)] [INFO] PUT response status for '/acceptance/calendar/recurring.ics' in 0.003 seconds: 201 Created
[2026-10-05 17:07:05 +0800] [26/Thread-69 (process_request_thread)] [INFO] REPORT request for '/acceptance/calendar/' with depth '1' received from 127.0.0.1 using 'Mozilla/5.0 (X11; Linux x86_64; rv:153.0) Gecko/20100101 Thunderbird/153.1.0'
[2026-10-05 17:07:05 +0800] [26/Thread-69 (process_request_thread)] [DEBUG] Request header: suppressed by config/option [logging] request_header_on_debug
[2026-10-05 17:07:05 +0800] [26/Thread-69 (process_request_thread)] [DEBUG] Sanitized path: '/acceptance/calendar/'
[2026-10-05 17:07:05 +0800] [26/Thread-69 (process_request_thread)] [INFO] Successful login: 'acceptance' (none)
[2026-10-05 17:07:05 +0800] [26/Thread-69 (process_request_thread)] [DEBUG] logging of rules which doesn't match suppressed by config/option [logging] rights_rule_doesnt_match_on_debug
[2026-10-05 17:07:05 +0800] [26/Thread-69 (process_request_thread)] [DEBUG] Rule 'acceptance':'acceptance/calendar' matches '.*':'.*' from section 'all' permission 'RrWw'
[2026-10-05 17:07:05 +0800] [26/Thread-69 (process_request_thread)] [DEBUG] Request content (XML): suppressed by config/option [logging] request_content_on_debug
[2026-10-05 17:07:05 +0800] [26/Thread-69 (process_request_thread)] [DEBUG] Client provided sync token: 'http://radicale.org/ns/sync/af9293ed9d40c19ceeea5745c75e0a52ac745a1581ccf0a9dcc4e398d8bf708c'
[2026-10-05 17:07:05 +0800] [26/Thread-69 (process_request_thread)] [DEBUG] Response content (XML): suppressed by config/option [logging] response_content_on_debug
[2026-10-05 17:07:05 +0800] [26/Thread-69 (process_request_thread)] [DEBUG] Response header: suppressed by config/option [logging] response_header_on_debug
[2026-10-05 17:07:05 +0800] [26/Thread-69 (process_request_thread)] [INFO] REPORT response status for '/acceptance/calendar/' with depth '1' in 0.002 seconds gzip 350 bytes (getetag sync-collection): 207 Multi-Status
[2026-10-05 17:07:05 +0800] [26/Thread-70 (process_request_thread)] [INFO] REPORT request for '/acceptance/calendar/' with depth '1' received from 127.0.0.1 using 'Mozilla/5.0 (X11; Linux x86_64; rv:153.0) Gecko/20100101 Thunderbird/153.1.0'
[2026-10-05 17:07:05 +0800] [26/Thread-70 (process_request_thread)] [DEBUG] Request header: suppressed by config/option [logging] request_header_on_debug
[2026-10-05 17:07:05 +0800] [26/Thread-70 (process_request_thread)] [DEBUG] Sanitized path: '/acceptance/calendar/'
[2026-10-05 17:07:05 +0800] [26/Thread-70 (process_request_thread)] [INFO] Successful login: 'acceptance' (none)
[2026-10-05 17:07:05 +0800] [26/Thread-70 (process_request_thread)] [DEBUG] logging of rules which doesn't match suppressed by config/option [logging] rights_rule_doesnt_match_on_debug
[2026-10-05 17:07:05 +0800] [26/Thread-70 (process_request_thread)] [DEBUG] Rule 'acceptance':'acceptance/calendar' matches '.*':'.*' from section 'all' permission 'RrWw'
[2026-10-05 17:07:05 +0800] [26/Thread-70 (process_request_thread)] [DEBUG] Request content (XML): suppressed by config/option [logging] request_content_on_debug
[2026-10-05 17:07:05 +0800] [26/Thread-70 (process_request_thread)] [DEBUG] Response content (XML): suppressed by config/option [logging] response_content_on_debug
[2026-10-05 17:07:05 +0800] [26/Thread-70 (process_request_thread)] [DEBUG] Response header: suppressed by config/option [logging] response_header_on_debug
[2026-10-05 17:07:05 +0800] [26/Thread-70 (process_request_thread)] [INFO] REPORT response status for '/acceptance/calendar/' with depth '1' in 0.001 seconds gzip 458 bytes (getetag): 207 Multi-Status
[2026-10-05 17:07:05 +0800] [26/Thread-71 (process_request_thread)] [INFO] REPORT request for '/acceptance/calendar/' with depth '1' received from 127.0.0.1 using 'Mozilla/5.0 (X11; Linux x86_64; rv:153.0) Gecko/20100101 Thunderbird/153.1.0'
[2026-10-05 17:07:05 +0800] [26/Thread-71 (process_request_thread)] [DEBUG] Request header: suppressed by config/option [logging] request_header_on_debug
[2026-10-05 17:07:05 +0800] [26/Thread-71 (process_request_thread)] [DEBUG] Sanitized path: '/acceptance/calendar/'
[2026-10-05 17:07:05 +0800] [26/Thread-71 (process_request_thread)] [INFO] Successful login: 'acceptance' (none)
[2026-10-05 17:07:05 +0800] [26/Thread-71 (process_request_thread)] [DEBUG] logging of rules which doesn't match suppressed by config/option [logging] rights_rule_doesnt_match_on_debug
[2026-10-05 17:07:05 +0800] [26/Thread-71 (process_request_thread)] [DEBUG] Rule 'acceptance':'acceptance/calendar' matches '.*':'.*' from section 'all' permission 'RrWw'
[2026-10-05 17:07:05 +0800] [26/Thread-71 (process_request_thread)] [DEBUG] Request content (XML): suppressed by config/option [logging] request_content_on_debug
[2026-10-05 17:07:05 +0800] [26/Thread-71 (process_request_thread)] [DEBUG] Response content (XML): suppressed by config/option [logging] response_content_on_debug
[2026-10-05 17:07:05 +0800] [26/Thread-71 (process_request_thread)] [DEBUG] Response header: suppressed by config/option [logging] response_header_on_debug
[2026-10-05 17:07:05 +0800] [26/Thread-71 (process_request_thread)] [INFO] REPORT response status for '/acceptance/calendar/' with depth '1' in 0.002 seconds gzip 458 bytes (getetag): 207 Multi-Status
[2026-10-05 17:07:05 +0800] [26/Thread-72 (process_request_thread)] [INFO] REPORT request for '/acceptance/calendar/' with depth '1' received from 127.0.0.1 using 'Mozilla/5.0 (X11; Linux x86_64; rv:153.0) Gecko/20100101 Thunderbird/153.1.0'
[2026-10-05 17:07:05 +0800] [26/Thread-72 (process_request_thread)] [DEBUG] Request header: suppressed by config/option [logging] request_header_on_debug
[2026-10-05 17:07:05 +0800] [26/Thread-72 (process_request_thread)] [DEBUG] Sanitized path: '/acceptance/calendar/'
[2026-10-05 17:07:05 +0800] [26/Thread-72 (process_request_thread)] [INFO] Successful login: 'acceptance' (none)
[2026-10-05 17:07:05 +0800] [26/Thread-72 (process_request_thread)] [DEBUG] logging of rules which doesn't match suppressed by config/option [logging] rights_rule_doesnt_match_on_debug
[2026-10-05 17:07:05 +0800] [26/Thread-72 (process_request_thread)] [DEBUG] Rule 'acceptance':'acceptance/calendar' matches '.*':'.*' from section 'all' permission 'RrWw'
[2026-10-05 17:07:05 +0800] [26/Thread-72 (process_request_thread)] [DEBUG] Request content (XML): suppressed by config/option [logging] request_content_on_debug
[2026-10-05 17:07:05 +0800] [26/Thread-72 (process_request_thread)] [DEBUG] Client provided sync token: 'http://radicale.org/ns/sync/f4bec5d1b7456743c8f1cb2f956f3c52537671abac31098375197019e4b7d192'
[2026-10-05 17:07:05 +0800] [26/Thread-72 (process_request_thread)] [DEBUG] Response content (XML): suppressed by config/option [logging] response_content_on_debug
[2026-10-05 17:07:05 +0800] [26/Thread-72 (process_request_thread)] [DEBUG] Response header: suppressed by config/option [logging] response_header_on_debug
[2026-10-05 17:07:05 +0800] [26/Thread-72 (process_request_thread)] [INFO] REPORT response status for '/acceptance/calendar/' with depth '1' in 0.001 seconds gzip 175 bytes (getetag sync-collection): 207 Multi-Status
[2026-10-05 17:07:05 +0800] [26/Thread-73 (process_request_thread)] [INFO] PUT request for '/acceptance/calendar/recurring.ics' received from 127.0.0.1 using 'Mozilla/5.0 (X11; Linux x86_64; rv:153.0) Gecko/20100101 Thunderbird/153.1.0'
[2026-10-05 17:07:05 +0800] [26/Thread-73 (process_request_thread)] [DEBUG] Request header: suppressed by config/option [logging] request_header_on_debug
[2026-10-05 17:07:05 +0800] [26/Thread-73 (process_request_thread)] [DEBUG] Sanitized path: '/acceptance/calendar/recurring.ics'
[2026-10-05 17:07:05 +0800] [26/Thread-73 (process_request_thread)] [INFO] Successful login: 'acceptance' (none)
[2026-10-05 17:07:05 +0800] [26/Thread-73 (process_request_thread)] [DEBUG] logging of rules which doesn't match suppressed by config/option [logging] rights_rule_doesnt_match_on_debug
[2026-10-05 17:07:05 +0800] [26/Thread-73 (process_request_thread)] [DEBUG] Rule 'acceptance':'acceptance/calendar/recurring.ics' matches '.*':'.*' from section 'all' permission 'RrWw'
[2026-10-05 17:07:05 +0800] [26/Thread-73 (process_request_thread)] [DEBUG] Request content: suppressed by config/option [logging] request_content_on_debug
[2026-10-05 17:07:05 +0800] [26/Thread-73 (process_request_thread)] [DEBUG] logging of rules which doesn't match suppressed by config/option [logging] rights_rule_doesnt_match_on_debug
[2026-10-05 17:07:05 +0800] [26/Thread-73 (process_request_thread)] [DEBUG] Rule 'acceptance':'acceptance/calendar' matches '.*':'.*' from section 'all' permission 'RrWw'
[2026-10-05 17:07:05 +0800] [26/Thread-73 (process_request_thread)] [DEBUG] Precondition passed on PUT request for '/acceptance/calendar/recurring.ics' (HTTP_IF_MATCH: "d0fae08b57df5c0aca5d79da1544416768252e18f9769055b5809bf89eabe189", item has etag: "d0fae08b57df5c0aca5d79da1544416768252e18f9769055b5809bf89eabe189")
[2026-10-05 17:07:05 +0800] [26/Thread-73 (process_request_thread)] [DEBUG] Recurrence rule count in VTODO in object 'recurring': 3 (PASSED/limit: 10000)
[2026-10-05 17:07:05 +0800] [26/Thread-73 (process_request_thread)] [DEBUG] Recurrence rule 'FREQ=DAILY;COUNT=3' entries in VTODO in object 'recurring': 3 (calculated/PASSED/limit: 10000)
[2026-10-05 17:07:05 +0800] [26/Thread-73 (process_request_thread)] [DEBUG] PUT request contains item with UID 'recurring' size 989 below limit 10000000: '/acceptance/calendar/recurring.ics'
[2026-10-05 17:07:05 +0800] [26/Thread-73 (process_request_thread)] [DEBUG] PUT request updated existing item '/acceptance/calendar/recurring.ics'
[2026-10-05 17:07:05 +0800] [26/Thread-73 (process_request_thread)] [DEBUG] Response header: suppressed by config/option [logging] response_header_on_debug
[2026-10-05 17:07:05 +0800] [26/Thread-73 (process_request_thread)] [INFO] PUT response status for '/acceptance/calendar/recurring.ics' in 0.004 seconds: 204 No Content
[2026-10-05 17:07:05 +0800] [26/Thread-74 (process_request_thread)] [INFO] REPORT request for '/acceptance/calendar/' with depth '1' received from 127.0.0.1 using 'Mozilla/5.0 (X11; Linux x86_64; rv:153.0) Gecko/20100101 Thunderbird/153.1.0'
[2026-10-05 17:07:05 +0800] [26/Thread-74 (process_request_thread)] [DEBUG] Request header: suppressed by config/option [logging] request_header_on_debug
[2026-10-05 17:07:05 +0800] [26/Thread-74 (process_request_thread)] [DEBUG] Sanitized path: '/acceptance/calendar/'
[2026-10-05 17:07:05 +0800] [26/Thread-74 (process_request_thread)] [INFO] Successful login: 'acceptance' (none)
[2026-10-05 17:07:05 +0800] [26/Thread-74 (process_request_thread)] [DEBUG] logging of rules which doesn't match suppressed by config/option [logging] rights_rule_doesnt_match_on_debug
[2026-10-05 17:07:05 +0800] [26/Thread-74 (process_request_thread)] [DEBUG] Rule 'acceptance':'acceptance/calendar' matches '.*':'.*' from section 'all' permission 'RrWw'
[2026-10-05 17:07:05 +0800] [26/Thread-74 (process_request_thread)] [DEBUG] Request content (XML): suppressed by config/option [logging] request_content_on_debug
[2026-10-05 17:07:05 +0800] [26/Thread-74 (process_request_thread)] [DEBUG] Response content (XML): suppressed by config/option [logging] response_content_on_debug
[2026-10-05 17:07:05 +0800] [26/Thread-74 (process_request_thread)] [DEBUG] Response header: suppressed by config/option [logging] response_header_on_debug
[2026-10-05 17:07:05 +0800] [26/Thread-74 (process_request_thread)] [INFO] REPORT response status for '/acceptance/calendar/' with depth '1' in 0.001 seconds gzip 722 bytes (getetag): 207 Multi-Status
[2026-10-05 17:07:05 +0800] [26/Thread-75 (process_request_thread)] [INFO] REPORT request for '/acceptance/calendar/' with depth '1' received from 127.0.0.1 using 'Mozilla/5.0 (X11; Linux x86_64; rv:153.0) Gecko/20100101 Thunderbird/153.1.0'
[2026-10-05 17:07:05 +0800] [26/Thread-75 (process_request_thread)] [DEBUG] Request header: suppressed by config/option [logging] request_header_on_debug
[2026-10-05 17:07:05 +0800] [26/Thread-75 (process_request_thread)] [DEBUG] Sanitized path: '/acceptance/calendar/'
[2026-10-05 17:07:05 +0800] [26/Thread-75 (process_request_thread)] [INFO] Successful login: 'acceptance' (none)
[2026-10-05 17:07:05 +0800] [26/Thread-76 (process_request_thread)] [INFO] REPORT request for '/acceptance/calendar/' with depth '1' received from 127.0.0.1 using 'Mozilla/5.0 (X11; Linux x86_64; rv:153.0) Gecko/20100101 Thunderbird/153.1.0'
[2026-10-05 17:07:05 +0800] [26/Thread-76 (process_request_thread)] [DEBUG] Request header: suppressed by config/option [logging] request_header_on_debug
[2026-10-05 17:07:05 +0800] [26/Thread-76 (process_request_thread)] [DEBUG] Sanitized path: '/acceptance/calendar/'
[2026-10-05 17:07:05 +0800] [26/Thread-76 (process_request_thread)] [INFO] Successful login: 'acceptance' (none)
[2026-10-05 17:07:05 +0800] [26/Thread-75 (process_request_thread)] [DEBUG] logging of rules which doesn't match suppressed by config/option [logging] rights_rule_doesnt_match_on_debug
[2026-10-05 17:07:05 +0800] [26/Thread-75 (process_request_thread)] [DEBUG] Rule 'acceptance':'acceptance/calendar' matches '.*':'.*' from section 'all' permission 'RrWw'
[2026-10-05 17:07:05 +0800] [26/Thread-75 (process_request_thread)] [DEBUG] Request content (XML): suppressed by config/option [logging] request_content_on_debug
[2026-10-05 17:07:05 +0800] [26/Thread-76 (process_request_thread)] [DEBUG] logging of rules which doesn't match suppressed by config/option [logging] rights_rule_doesnt_match_on_debug
[2026-10-05 17:07:05 +0800] [26/Thread-76 (process_request_thread)] [DEBUG] Rule 'acceptance':'acceptance/calendar' matches '.*':'.*' from section 'all' permission 'RrWw'
[2026-10-05 17:07:05 +0800] [26/Thread-76 (process_request_thread)] [DEBUG] Request content (XML): suppressed by config/option [logging] request_content_on_debug
[2026-10-05 17:07:05 +0800] [26/Thread-75 (process_request_thread)] [DEBUG] Client provided sync token: 'http://radicale.org/ns/sync/f4bec5d1b7456743c8f1cb2f956f3c52537671abac31098375197019e4b7d192'
[2026-10-05 17:07:05 +0800] [26/Thread-76 (process_request_thread)] [DEBUG] Response content (XML): suppressed by config/option [logging] response_content_on_debug
[2026-10-05 17:07:05 +0800] [26/Thread-76 (process_request_thread)] [DEBUG] Response header: suppressed by config/option [logging] response_header_on_debug
[2026-10-05 17:07:05 +0800] [26/Thread-76 (process_request_thread)] [INFO] REPORT response status for '/acceptance/calendar/' with depth '1' in 0.004 seconds gzip 722 bytes (getetag): 207 Multi-Status
[2026-10-05 17:07:05 +0800] [26/Thread-75 (process_request_thread)] [DEBUG] Response content (XML): suppressed by config/option [logging] response_content_on_debug
[2026-10-05 17:07:05 +0800] [26/Thread-75 (process_request_thread)] [DEBUG] Response header: suppressed by config/option [logging] response_header_on_debug
[2026-10-05 17:07:05 +0800] [26/Thread-75 (process_request_thread)] [INFO] REPORT response status for '/acceptance/calendar/' with depth '1' in 0.005 seconds gzip 350 bytes (getetag sync-collection): 207 Multi-Status
[2026-10-05 17:07:05 +0800] [26/Thread-77 (process_request_thread)] [INFO] REPORT request for '/acceptance/calendar/' with depth '1' received from 127.0.0.1 using 'Mozilla/5.0 (X11; Linux x86_64; rv:153.0) Gecko/20100101 Thunderbird/153.1.0'
[2026-10-05 17:07:05 +0800] [26/Thread-77 (process_request_thread)] [DEBUG] Request header: suppressed by config/option [logging] request_header_on_debug
[2026-10-05 17:07:05 +0800] [26/Thread-77 (process_request_thread)] [DEBUG] Sanitized path: '/acceptance/calendar/'
[2026-10-05 17:07:05 +0800] [26/Thread-77 (process_request_thread)] [INFO] Successful login: 'acceptance' (none)
[2026-10-05 17:07:05 +0800] [26/Thread-77 (process_request_thread)] [DEBUG] logging of rules which doesn't match suppressed by config/option [logging] rights_rule_doesnt_match_on_debug
[2026-10-05 17:07:05 +0800] [26/Thread-77 (process_request_thread)] [DEBUG] Rule 'acceptance':'acceptance/calendar' matches '.*':'.*' from section 'all' permission 'RrWw'
[2026-10-05 17:07:05 +0800] [26/Thread-77 (process_request_thread)] [DEBUG] Request content (XML): suppressed by config/option [logging] request_content_on_debug
[2026-10-05 17:07:05 +0800] [26/Thread-77 (process_request_thread)] [DEBUG] Client provided sync token: 'http://radicale.org/ns/sync/9a067c8abb7aca949e3e5e20ea516aa150ca8f5fbf7d6689257d73fb3f1bcc90'
[2026-10-05 17:07:05 +0800] [26/Thread-77 (process_request_thread)] [DEBUG] Response content (XML): suppressed by config/option [logging] response_content_on_debug
[2026-10-05 17:07:05 +0800] [26/Thread-77 (process_request_thread)] [DEBUG] Response header: suppressed by config/option [logging] response_header_on_debug
[2026-10-05 17:07:05 +0800] [26/Thread-77 (process_request_thread)] [INFO] REPORT response status for '/acceptance/calendar/' with depth '1' in 0.001 seconds gzip 175 bytes (getetag sync-collection): 207 Multi-Status
[2026-10-05 17:07:05 +0800] [26/Thread-78 (process_request_thread)] [INFO] GET request for '/acceptance/calendar/recurring.ics' received from 127.0.0.1 using 'Python-urllib/3.12'
[2026-10-05 17:07:05 +0800] [26/Thread-78 (process_request_thread)] [DEBUG] Request header: suppressed by config/option [logging] request_header_on_debug
[2026-10-05 17:07:05 +0800] [26/Thread-78 (process_request_thread)] [DEBUG] Sanitized path: '/acceptance/calendar/recurring.ics'
[2026-10-05 17:07:05 +0800] [26/Thread-78 (process_request_thread)] [INFO] Successful login: 'acceptance' (none)
[2026-10-05 17:07:05 +0800] [26/Thread-78 (process_request_thread)] [DEBUG] logging of rules which doesn't match suppressed by config/option [logging] rights_rule_doesnt_match_on_debug
[2026-10-05 17:07:05 +0800] [26/Thread-78 (process_request_thread)] [DEBUG] Rule 'acceptance':'acceptance/calendar/recurring.ics' matches '.*':'.*' from section 'all' permission 'RrWw'
[2026-10-05 17:07:05 +0800] [26/Thread-78 (process_request_thread)] [DEBUG] logging of rules which doesn't match suppressed by config/option [logging] rights_rule_doesnt_match_on_debug
[2026-10-05 17:07:05 +0800] [26/Thread-78 (process_request_thread)] [DEBUG] Rule 'acceptance':'acceptance/calendar' matches '.*':'.*' from section 'all' permission 'RrWw'
[2026-10-05 17:07:05 +0800] [26/Thread-78 (process_request_thread)] [DEBUG] Response content: suppressed by config/option [logging] response_content_on_debug
[2026-10-05 17:07:05 +0800] [26/Thread-78 (process_request_thread)] [DEBUG] Response header: suppressed by config/option [logging] response_header_on_debug
[2026-10-05 17:07:05 +0800] [26/Thread-78 (process_request_thread)] [INFO] GET response status for '/acceptance/calendar/recurring.ics' in 0.001 seconds plain 989 bytes: 200 OK
[2026-10-05 17:07:05 +0800] [26/Thread-79 (process_request_thread)] [INFO] REPORT request for '/acceptance/calendar/' with depth '1' received from 127.0.0.1 using 'Mozilla/5.0 (X11; Linux x86_64; rv:153.0) Gecko/20100101 Thunderbird/153.1.0'
[2026-10-05 17:07:05 +0800] [26/Thread-79 (process_request_thread)] [DEBUG] Request header: suppressed by config/option [logging] request_header_on_debug
[2026-10-05 17:07:05 +0800] [26/Thread-79 (process_request_thread)] [DEBUG] Sanitized path: '/acceptance/calendar/'
[2026-10-05 17:07:05 +0800] [26/Thread-79 (process_request_thread)] [INFO] Successful login: 'acceptance' (none)
[2026-10-05 17:07:05 +0800] [26/Thread-79 (process_request_thread)] [DEBUG] logging of rules which doesn't match suppressed by config/option [logging] rights_rule_doesnt_match_on_debug
[2026-10-05 17:07:05 +0800] [26/Thread-79 (process_request_thread)] [DEBUG] Rule 'acceptance':'acceptance/calendar' matches '.*':'.*' from section 'all' permission 'RrWw'
[2026-10-05 17:07:05 +0800] [26/Thread-79 (process_request_thread)] [DEBUG] Request content (XML): suppressed by config/option [logging] request_content_on_debug
[2026-10-05 17:07:05 +0800] [26/Thread-79 (process_request_thread)] [DEBUG] Response content (XML): suppressed by config/option [logging] response_content_on_debug
[2026-10-05 17:07:05 +0800] [26/Thread-79 (process_request_thread)] [DEBUG] Response header: suppressed by config/option [logging] response_header_on_debug
[2026-10-05 17:07:05 +0800] [26/Thread-79 (process_request_thread)] [INFO] REPORT response status for '/acceptance/calendar/' with depth '1' in 0.002 seconds gzip 722 bytes (getetag): 207 Multi-Status
[2026-10-05 17:07:05 +0800] [26/Thread-80 (process_request_thread)] [INFO] REPORT request for '/acceptance/calendar/' with depth '1' received from 127.0.0.1 using 'Mozilla/5.0 (X11; Linux x86_64; rv:153.0) Gecko/20100101 Thunderbird/153.1.0'
[2026-10-05 17:07:05 +0800] [26/Thread-80 (process_request_thread)] [DEBUG] Request header: suppressed by config/option [logging] request_header_on_debug
[2026-10-05 17:07:05 +0800] [26/Thread-80 (process_request_thread)] [DEBUG] Sanitized path: '/acceptance/calendar/'
[2026-10-05 17:07:05 +0800] [26/Thread-80 (process_request_thread)] [INFO] Successful login: 'acceptance' (none)
[2026-10-05 17:07:05 +0800] [26/Thread-80 (process_request_thread)] [DEBUG] logging of rules which doesn't match suppressed by config/option [logging] rights_rule_doesnt_match_on_debug
[2026-10-05 17:07:05 +0800] [26/Thread-80 (process_request_thread)] [DEBUG] Rule 'acceptance':'acceptance/calendar' matches '.*':'.*' from section 'all' permission 'RrWw'
[2026-10-05 17:07:05 +0800] [26/Thread-80 (process_request_thread)] [DEBUG] Request content (XML): suppressed by config/option [logging] request_content_on_debug
[2026-10-05 17:07:05 +0800] [26/Thread-80 (process_request_thread)] [DEBUG] Client provided sync token: 'http://radicale.org/ns/sync/9a067c8abb7aca949e3e5e20ea516aa150ca8f5fbf7d6689257d73fb3f1bcc90'
[2026-10-05 17:07:05 +0800] [26/Thread-80 (process_request_thread)] [DEBUG] Response content (XML): suppressed by config/option [logging] response_content_on_debug
[2026-10-05 17:07:05 +0800] [26/Thread-80 (process_request_thread)] [DEBUG] Response header: suppressed by config/option [logging] response_header_on_debug
[2026-10-05 17:07:05 +0800] [26/Thread-80 (process_request_thread)] [INFO] REPORT response status for '/acceptance/calendar/' with depth '1' in 0.001 seconds gzip 175 bytes (getetag sync-collection): 207 Multi-Status
[2026-10-05 17:07:05 +0800] [26/Thread-81 (process_request_thread)] [INFO] PUT request for '/acceptance/calendar/recurring.ics' received from 127.0.0.1 using 'Mozilla/5.0 (X11; Linux x86_64; rv:153.0) Gecko/20100101 Thunderbird/153.1.0'
[2026-10-05 17:07:05 +0800] [26/Thread-81 (process_request_thread)] [DEBUG] Request header: suppressed by config/option [logging] request_header_on_debug
[2026-10-05 17:07:05 +0800] [26/Thread-81 (process_request_thread)] [DEBUG] Sanitized path: '/acceptance/calendar/recurring.ics'
[2026-10-05 17:07:05 +0800] [26/Thread-81 (process_request_thread)] [INFO] Successful login: 'acceptance' (none)
[2026-10-05 17:07:05 +0800] [26/Thread-81 (process_request_thread)] [DEBUG] logging of rules which doesn't match suppressed by config/option [logging] rights_rule_doesnt_match_on_debug
[2026-10-05 17:07:05 +0800] [26/Thread-81 (process_request_thread)] [DEBUG] Rule 'acceptance':'acceptance/calendar/recurring.ics' matches '.*':'.*' from section 'all' permission 'RrWw'
[2026-10-05 17:07:05 +0800] [26/Thread-81 (process_request_thread)] [DEBUG] Request content: suppressed by config/option [logging] request_content_on_debug
[2026-10-05 17:07:05 +0800] [26/Thread-81 (process_request_thread)] [DEBUG] logging of rules which doesn't match suppressed by config/option [logging] rights_rule_doesnt_match_on_debug
[2026-10-05 17:07:05 +0800] [26/Thread-81 (process_request_thread)] [DEBUG] Rule 'acceptance':'acceptance/calendar' matches '.*':'.*' from section 'all' permission 'RrWw'
[2026-10-05 17:07:05 +0800] [26/Thread-81 (process_request_thread)] [DEBUG] Precondition passed on PUT request for '/acceptance/calendar/recurring.ics' (HTTP_IF_MATCH: "c288a1955f3646cac001eeb62c14430141176a941d8aefa25409c4730c35c0d9", item has etag: "c288a1955f3646cac001eeb62c14430141176a941d8aefa25409c4730c35c0d9")
[2026-10-05 17:07:05 +0800] [26/Thread-81 (process_request_thread)] [DEBUG] Recurrence rule count in VTODO in object 'recurring': 3 (PASSED/limit: 10000)
[2026-10-05 17:07:05 +0800] [26/Thread-81 (process_request_thread)] [DEBUG] Recurrence rule 'FREQ=DAILY;COUNT=3' entries in VTODO in object 'recurring': 3 (calculated/PASSED/limit: 10000)
[2026-10-05 17:07:05 +0800] [26/Thread-81 (process_request_thread)] [DEBUG] PUT request contains item with UID 'recurring' size 1015 below limit 10000000: '/acceptance/calendar/recurring.ics'
[2026-10-05 17:07:05 +0800] [26/Thread-81 (process_request_thread)] [DEBUG] PUT request updated existing item '/acceptance/calendar/recurring.ics'
[2026-10-05 17:07:05 +0800] [26/Thread-81 (process_request_thread)] [DEBUG] Response header: suppressed by config/option [logging] response_header_on_debug
[2026-10-05 17:07:05 +0800] [26/Thread-81 (process_request_thread)] [INFO] PUT response status for '/acceptance/calendar/recurring.ics' in 0.004 seconds: 204 No Content
[2026-10-05 17:07:05 +0800] [26/Thread-82 (process_request_thread)] [INFO] REPORT request for '/acceptance/calendar/' with depth '1' received from 127.0.0.1 using 'Mozilla/5.0 (X11; Linux x86_64; rv:153.0) Gecko/20100101 Thunderbird/153.1.0'
[2026-10-05 17:07:05 +0800] [26/Thread-82 (process_request_thread)] [DEBUG] Request header: suppressed by config/option [logging] request_header_on_debug
[2026-10-05 17:07:05 +0800] [26/Thread-82 (process_request_thread)] [DEBUG] Sanitized path: '/acceptance/calendar/'
[2026-10-05 17:07:05 +0800] [26/Thread-82 (process_request_thread)] [INFO] Successful login: 'acceptance' (none)
[2026-10-05 17:07:05 +0800] [26/Thread-82 (process_request_thread)] [DEBUG] logging of rules which doesn't match suppressed by config/option [logging] rights_rule_doesnt_match_on_debug
[2026-10-05 17:07:05 +0800] [26/Thread-82 (process_request_thread)] [DEBUG] Rule 'acceptance':'acceptance/calendar' matches '.*':'.*' from section 'all' permission 'RrWw'
[2026-10-05 17:07:05 +0800] [26/Thread-82 (process_request_thread)] [DEBUG] Request content (XML): suppressed by config/option [logging] request_content_on_debug
[2026-10-05 17:07:05 +0800] [26/Thread-82 (process_request_thread)] [DEBUG] Response content (XML): suppressed by config/option [logging] response_content_on_debug
[2026-10-05 17:07:05 +0800] [26/Thread-82 (process_request_thread)] [DEBUG] Response header: suppressed by config/option [logging] response_header_on_debug
[2026-10-05 17:07:05 +0800] [26/Thread-82 (process_request_thread)] [INFO] REPORT response status for '/acceptance/calendar/' with depth '1' in 0.002 seconds gzip 720 bytes (getetag): 207 Multi-Status
[2026-10-05 17:07:05 +0800] [26/Thread-83 (process_request_thread)] [INFO] REPORT request for '/acceptance/calendar/' with depth '1' received from 127.0.0.1 using 'Mozilla/5.0 (X11; Linux x86_64; rv:153.0) Gecko/20100101 Thunderbird/153.1.0'
[2026-10-05 17:07:05 +0800] [26/Thread-83 (process_request_thread)] [DEBUG] Request header: suppressed by config/option [logging] request_header_on_debug
[2026-10-05 17:07:05 +0800] [26/Thread-83 (process_request_thread)] [DEBUG] Sanitized path: '/acceptance/calendar/'
[2026-10-05 17:07:05 +0800] [26/Thread-83 (process_request_thread)] [INFO] Successful login: 'acceptance' (none)
[2026-10-05 17:07:05 +0800] [26/Thread-83 (process_request_thread)] [DEBUG] logging of rules which doesn't match suppressed by config/option [logging] rights_rule_doesnt_match_on_debug
[2026-10-05 17:07:05 +0800] [26/Thread-83 (process_request_thread)] [DEBUG] Rule 'acceptance':'acceptance/calendar' matches '.*':'.*' from section 'all' permission 'RrWw'
[2026-10-05 17:07:05 +0800] [26/Thread-83 (process_request_thread)] [DEBUG] Request content (XML): suppressed by config/option [logging] request_content_on_debug
[2026-10-05 17:07:05 +0800] [26/Thread-84 (process_request_thread)] [INFO] REPORT request for '/acceptance/calendar/' with depth '1' received from 127.0.0.1 using 'Mozilla/5.0 (X11; Linux x86_64; rv:153.0) Gecko/20100101 Thunderbird/153.1.0'
[2026-10-05 17:07:05 +0800] [26/Thread-84 (process_request_thread)] [DEBUG] Request header: suppressed by config/option [logging] request_header_on_debug
[2026-10-05 17:07:05 +0800] [26/Thread-84 (process_request_thread)] [DEBUG] Sanitized path: '/acceptance/calendar/'
[2026-10-05 17:07:05 +0800] [26/Thread-84 (process_request_thread)] [INFO] Successful login: 'acceptance' (none)
[2026-10-05 17:07:05 +0800] [26/Thread-83 (process_request_thread)] [DEBUG] Client provided sync token: 'http://radicale.org/ns/sync/9a067c8abb7aca949e3e5e20ea516aa150ca8f5fbf7d6689257d73fb3f1bcc90'
[2026-10-05 17:07:05 +0800] [26/Thread-84 (process_request_thread)] [DEBUG] logging of rules which doesn't match suppressed by config/option [logging] rights_rule_doesnt_match_on_debug
[2026-10-05 17:07:05 +0800] [26/Thread-84 (process_request_thread)] [DEBUG] Rule 'acceptance':'acceptance/calendar' matches '.*':'.*' from section 'all' permission 'RrWw'
[2026-10-05 17:07:05 +0800] [26/Thread-84 (process_request_thread)] [DEBUG] Request content (XML): suppressed by config/option [logging] request_content_on_debug
[2026-10-05 17:07:05 +0800] [26/Thread-84 (process_request_thread)] [DEBUG] Response content (XML): suppressed by config/option [logging] response_content_on_debug
[2026-10-05 17:07:05 +0800] [26/Thread-84 (process_request_thread)] [DEBUG] Response header: suppressed by config/option [logging] response_header_on_debug
[2026-10-05 17:07:05 +0800] [26/Thread-84 (process_request_thread)] [INFO] REPORT response status for '/acceptance/calendar/' with depth '1' in 0.002 seconds gzip 720 bytes (getetag): 207 Multi-Status
[2026-10-05 17:07:05 +0800] [26/Thread-83 (process_request_thread)] [DEBUG] Response content (XML): suppressed by config/option [logging] response_content_on_debug
[2026-10-05 17:07:05 +0800] [26/Thread-83 (process_request_thread)] [DEBUG] Response header: suppressed by config/option [logging] response_header_on_debug
[2026-10-05 17:07:05 +0800] [26/Thread-83 (process_request_thread)] [INFO] REPORT response status for '/acceptance/calendar/' with depth '1' in 0.004 seconds gzip 348 bytes (getetag sync-collection): 207 Multi-Status
[2026-10-05 17:07:05 +0800] [26/Thread-85 (process_request_thread)] [INFO] REPORT request for '/acceptance/calendar/' with depth '1' received from 127.0.0.1 using 'Mozilla/5.0 (X11; Linux x86_64; rv:153.0) Gecko/20100101 Thunderbird/153.1.0'
[2026-10-05 17:07:05 +0800] [26/Thread-85 (process_request_thread)] [DEBUG] Request header: suppressed by config/option [logging] request_header_on_debug
[2026-10-05 17:07:05 +0800] [26/Thread-85 (process_request_thread)] [DEBUG] Sanitized path: '/acceptance/calendar/'
[2026-10-05 17:07:05 +0800] [26/Thread-85 (process_request_thread)] [INFO] Successful login: 'acceptance' (none)
[2026-10-05 17:07:05 +0800] [26/Thread-85 (process_request_thread)] [DEBUG] logging of rules which doesn't match suppressed by config/option [logging] rights_rule_doesnt_match_on_debug
[2026-10-05 17:07:05 +0800] [26/Thread-85 (process_request_thread)] [DEBUG] Rule 'acceptance':'acceptance/calendar' matches '.*':'.*' from section 'all' permission 'RrWw'
[2026-10-05 17:07:05 +0800] [26/Thread-85 (process_request_thread)] [DEBUG] Request content (XML): suppressed by config/option [logging] request_content_on_debug
[2026-10-05 17:07:05 +0800] [26/Thread-85 (process_request_thread)] [DEBUG] Client provided sync token: 'http://radicale.org/ns/sync/4831bdf42b4ca8d23ecc440735ff9805c77cbb47db7c893143c2cd2cb97ccdc6'
[2026-10-05 17:07:05 +0800] [26/Thread-85 (process_request_thread)] [DEBUG] Response content (XML): suppressed by config/option [logging] response_content_on_debug
[2026-10-05 17:07:05 +0800] [26/Thread-85 (process_request_thread)] [DEBUG] Response header: suppressed by config/option [logging] response_header_on_debug
[2026-10-05 17:07:05 +0800] [26/Thread-85 (process_request_thread)] [INFO] REPORT response status for '/acceptance/calendar/' with depth '1' in 0.001 seconds gzip 175 bytes (getetag sync-collection): 207 Multi-Status
[2026-10-05 17:07:06 +0800] [26/Thread-86 (process_request_thread)] [INFO] GET request for '/acceptance/calendar/recurring.ics' received from 127.0.0.1 using 'Python-urllib/3.12'
[2026-10-05 17:07:06 +0800] [26/Thread-86 (process_request_thread)] [DEBUG] Request header: suppressed by config/option [logging] request_header_on_debug
[2026-10-05 17:07:06 +0800] [26/Thread-86 (process_request_thread)] [DEBUG] Sanitized path: '/acceptance/calendar/recurring.ics'
[2026-10-05 17:07:06 +0800] [26/Thread-86 (process_request_thread)] [INFO] Successful login: 'acceptance' (none)
[2026-10-05 17:07:06 +0800] [26/Thread-86 (process_request_thread)] [DEBUG] logging of rules which doesn't match suppressed by config/option [logging] rights_rule_doesnt_match_on_debug
[2026-10-05 17:07:06 +0800] [26/Thread-86 (process_request_thread)] [DEBUG] Rule 'acceptance':'acceptance/calendar/recurring.ics' matches '.*':'.*' from section 'all' permission 'RrWw'
[2026-10-05 17:07:06 +0800] [26/Thread-86 (process_request_thread)] [DEBUG] logging of rules which doesn't match suppressed by config/option [logging] rights_rule_doesnt_match_on_debug
[2026-10-05 17:07:06 +0800] [26/Thread-86 (process_request_thread)] [DEBUG] Rule 'acceptance':'acceptance/calendar' matches '.*':'.*' from section 'all' permission 'RrWw'
[2026-10-05 17:07:06 +0800] [26/Thread-86 (process_request_thread)] [DEBUG] Response content: suppressed by config/option [logging] response_content_on_debug
[2026-10-05 17:07:06 +0800] [26/Thread-86 (process_request_thread)] [DEBUG] Response header: suppressed by config/option [logging] response_header_on_debug
[2026-10-05 17:07:06 +0800] [26/Thread-86 (process_request_thread)] [INFO] GET response status for '/acceptance/calendar/recurring.ics' in 0.001 seconds plain 1015 bytes: 200 OK
[2026-10-05 17:07:06 +0800] [26/Thread-87 (process_request_thread)] [INFO] REPORT request for '/acceptance/calendar/' with depth '1' received from 127.0.0.1 using 'Mozilla/5.0 (X11; Linux x86_64; rv:153.0) Gecko/20100101 Thunderbird/153.1.0'
[2026-10-05 17:07:06 +0800] [26/Thread-87 (process_request_thread)] [DEBUG] Request header: suppressed by config/option [logging] request_header_on_debug
[2026-10-05 17:07:06 +0800] [26/Thread-87 (process_request_thread)] [DEBUG] Sanitized path: '/acceptance/calendar/'
[2026-10-05 17:07:06 +0800] [26/Thread-87 (process_request_thread)] [INFO] Successful login: 'acceptance' (none)
[2026-10-05 17:07:06 +0800] [26/Thread-87 (process_request_thread)] [DEBUG] logging of rules which doesn't match suppressed by config/option [logging] rights_rule_doesnt_match_on_debug
[2026-10-05 17:07:06 +0800] [26/Thread-87 (process_request_thread)] [DEBUG] Rule 'acceptance':'acceptance/calendar' matches '.*':'.*' from section 'all' permission 'RrWw'
[2026-10-05 17:07:06 +0800] [26/Thread-87 (process_request_thread)] [DEBUG] Request content (XML): suppressed by config/option [logging] request_content_on_debug
[2026-10-05 17:07:06 +0800] [26/Thread-87 (process_request_thread)] [DEBUG] Response content (XML): suppressed by config/option [logging] response_content_on_debug
[2026-10-05 17:07:06 +0800] [26/Thread-87 (process_request_thread)] [DEBUG] Response header: suppressed by config/option [logging] response_header_on_debug
[2026-10-05 17:07:06 +0800] [26/Thread-87 (process_request_thread)] [INFO] REPORT response status for '/acceptance/calendar/' with depth '1' in 0.002 seconds gzip 645 bytes (getetag): 207 Multi-Status
[2026-10-05 17:07:06 +0800] [26/Thread-88 (process_request_thread)] [INFO] REPORT request for '/acceptance/calendar/' with depth '1' received from 127.0.0.1 using 'Mozilla/5.0 (X11; Linux x86_64; rv:153.0) Gecko/20100101 Thunderbird/153.1.0'
[2026-10-05 17:07:06 +0800] [26/Thread-88 (process_request_thread)] [DEBUG] Request header: suppressed by config/option [logging] request_header_on_debug
[2026-10-05 17:07:06 +0800] [26/Thread-88 (process_request_thread)] [DEBUG] Sanitized path: '/acceptance/calendar/'
[2026-10-05 17:07:06 +0800] [26/Thread-88 (process_request_thread)] [INFO] Successful login: 'acceptance' (none)
[2026-10-05 17:07:06 +0800] [26/Thread-88 (process_request_thread)] [DEBUG] logging of rules which doesn't match suppressed by config/option [logging] rights_rule_doesnt_match_on_debug
[2026-10-05 17:07:06 +0800] [26/Thread-88 (process_request_thread)] [DEBUG] Rule 'acceptance':'acceptance/calendar' matches '.*':'.*' from section 'all' permission 'RrWw'
[2026-10-05 17:07:06 +0800] [26/Thread-88 (process_request_thread)] [DEBUG] Request content (XML): suppressed by config/option [logging] request_content_on_debug
[2026-10-05 17:07:06 +0800] [26/Thread-88 (process_request_thread)] [DEBUG] Client provided sync token: 'http://radicale.org/ns/sync/4831bdf42b4ca8d23ecc440735ff9805c77cbb47db7c893143c2cd2cb97ccdc6'
[2026-10-05 17:07:06 +0800] [26/Thread-88 (process_request_thread)] [DEBUG] Response content (XML): suppressed by config/option [logging] response_content_on_debug
[2026-10-05 17:07:06 +0800] [26/Thread-88 (process_request_thread)] [DEBUG] Response header: suppressed by config/option [logging] response_header_on_debug
[2026-10-05 17:07:06 +0800] [26/Thread-88 (process_request_thread)] [INFO] REPORT response status for '/acceptance/calendar/' with depth '1' in 0.001 seconds gzip 175 bytes (getetag sync-collection): 207 Multi-Status
[2026-10-05 17:07:06 +0800] [26/Thread-89 (process_request_thread)] [INFO] PUT request for '/acceptance/calendar/seed-a.ics' received from 127.0.0.1 using 'Mozilla/5.0 (X11; Linux x86_64; rv:153.0) Gecko/20100101 Thunderbird/153.1.0'
[2026-10-05 17:07:06 +0800] [26/Thread-89 (process_request_thread)] [DEBUG] Request header: suppressed by config/option [logging] request_header_on_debug
[2026-10-05 17:07:06 +0800] [26/Thread-89 (process_request_thread)] [DEBUG] Sanitized path: '/acceptance/calendar/seed-a.ics'
[2026-10-05 17:07:06 +0800] [26/Thread-89 (process_request_thread)] [INFO] Successful login: 'acceptance' (none)
[2026-10-05 17:07:06 +0800] [26/Thread-89 (process_request_thread)] [DEBUG] logging of rules which doesn't match suppressed by config/option [logging] rights_rule_doesnt_match_on_debug
[2026-10-05 17:07:06 +0800] [26/Thread-89 (process_request_thread)] [DEBUG] Rule 'acceptance':'acceptance/calendar/seed-a.ics' matches '.*':'.*' from section 'all' permission 'RrWw'
[2026-10-05 17:07:06 +0800] [26/Thread-89 (process_request_thread)] [DEBUG] Request content: suppressed by config/option [logging] request_content_on_debug
[2026-10-05 17:07:06 +0800] [26/Thread-89 (process_request_thread)] [DEBUG] logging of rules which doesn't match suppressed by config/option [logging] rights_rule_doesnt_match_on_debug
[2026-10-05 17:07:06 +0800] [26/Thread-89 (process_request_thread)] [DEBUG] Rule 'acceptance':'acceptance/calendar' matches '.*':'.*' from section 'all' permission 'RrWw'
[2026-10-05 17:07:06 +0800] [26/Thread-89 (process_request_thread)] [DEBUG] Precondition passed on PUT request for '/acceptance/calendar/seed-a.ics' (HTTP_IF_MATCH: "2c61ef6526faad05b05a63f286abaee5c5cb5b238dc1464b442d58f980ff54e3", item has etag: "2c61ef6526faad05b05a63f286abaee5c5cb5b238dc1464b442d58f980ff54e3")
[2026-10-05 17:07:06 +0800] [26/Thread-89 (process_request_thread)] [DEBUG] PUT request contains item with UID 'seed-a' size 853 below limit 10000000: '/acceptance/calendar/seed-a.ics'
[2026-10-05 17:07:06 +0800] [26/Thread-89 (process_request_thread)] [DEBUG] PUT request updated existing item '/acceptance/calendar/seed-a.ics'
[2026-10-05 17:07:06 +0800] [26/Thread-89 (process_request_thread)] [DEBUG] Response header: suppressed by config/option [logging] response_header_on_debug
[2026-10-05 17:07:06 +0800] [26/Thread-89 (process_request_thread)] [INFO] PUT response status for '/acceptance/calendar/seed-a.ics' in 0.003 seconds: 204 No Content
[2026-10-05 17:07:06 +0800] [26/Thread-90 (process_request_thread)] [INFO] REPORT request for '/acceptance/calendar/' with depth '1' received from 127.0.0.1 using 'Mozilla/5.0 (X11; Linux x86_64; rv:153.0) Gecko/20100101 Thunderbird/153.1.0'
[2026-10-05 17:07:06 +0800] [26/Thread-90 (process_request_thread)] [DEBUG] Request header: suppressed by config/option [logging] request_header_on_debug
[2026-10-05 17:07:06 +0800] [26/Thread-90 (process_request_thread)] [DEBUG] Sanitized path: '/acceptance/calendar/'
[2026-10-05 17:07:06 +0800] [26/Thread-90 (process_request_thread)] [INFO] Successful login: 'acceptance' (none)
[2026-10-05 17:07:06 +0800] [26/Thread-90 (process_request_thread)] [DEBUG] logging of rules which doesn't match suppressed by config/option [logging] rights_rule_doesnt_match_on_debug
[2026-10-05 17:07:06 +0800] [26/Thread-90 (process_request_thread)] [DEBUG] Rule 'acceptance':'acceptance/calendar' matches '.*':'.*' from section 'all' permission 'RrWw'
[2026-10-05 17:07:06 +0800] [26/Thread-90 (process_request_thread)] [DEBUG] Request content (XML): suppressed by config/option [logging] request_content_on_debug
[2026-10-05 17:07:06 +0800] [26/Thread-90 (process_request_thread)] [DEBUG] Response content (XML): suppressed by config/option [logging] response_content_on_debug
[2026-10-05 17:07:06 +0800] [26/Thread-90 (process_request_thread)] [DEBUG] Response header: suppressed by config/option [logging] response_header_on_debug
[2026-10-05 17:07:06 +0800] [26/Thread-90 (process_request_thread)] [INFO] REPORT response status for '/acceptance/calendar/' with depth '1' in 0.002 seconds gzip 716 bytes (getetag): 207 Multi-Status
[2026-10-05 17:07:06 +0800] [26/Thread-91 (process_request_thread)] [INFO] REPORT request for '/acceptance/calendar/' with depth '1' received from 127.0.0.1 using 'Mozilla/5.0 (X11; Linux x86_64; rv:153.0) Gecko/20100101 Thunderbird/153.1.0'
[2026-10-05 17:07:06 +0800] [26/Thread-91 (process_request_thread)] [DEBUG] Request header: suppressed by config/option [logging] request_header_on_debug
[2026-10-05 17:07:06 +0800] [26/Thread-91 (process_request_thread)] [DEBUG] Sanitized path: '/acceptance/calendar/'
[2026-10-05 17:07:06 +0800] [26/Thread-91 (process_request_thread)] [INFO] Successful login: 'acceptance' (none)
[2026-10-05 17:07:06 +0800] [26/Thread-92 (process_request_thread)] [INFO] REPORT request for '/acceptance/calendar/' with depth '1' received from 127.0.0.1 using 'Mozilla/5.0 (X11; Linux x86_64; rv:153.0) Gecko/20100101 Thunderbird/153.1.0'
[2026-10-05 17:07:06 +0800] [26/Thread-92 (process_request_thread)] [DEBUG] Request header: suppressed by config/option [logging] request_header_on_debug
[2026-10-05 17:07:06 +0800] [26/Thread-92 (process_request_thread)] [DEBUG] Sanitized path: '/acceptance/calendar/'
[2026-10-05 17:07:06 +0800] [26/Thread-92 (process_request_thread)] [INFO] Successful login: 'acceptance' (none)
[2026-10-05 17:07:06 +0800] [26/Thread-92 (process_request_thread)] [DEBUG] logging of rules which doesn't match suppressed by config/option [logging] rights_rule_doesnt_match_on_debug
[2026-10-05 17:07:06 +0800] [26/Thread-92 (process_request_thread)] [DEBUG] Rule 'acceptance':'acceptance/calendar' matches '.*':'.*' from section 'all' permission 'RrWw'
[2026-10-05 17:07:06 +0800] [26/Thread-92 (process_request_thread)] [DEBUG] Request content (XML): suppressed by config/option [logging] request_content_on_debug
[2026-10-05 17:07:06 +0800] [26/Thread-91 (process_request_thread)] [DEBUG] logging of rules which doesn't match suppressed by config/option [logging] rights_rule_doesnt_match_on_debug
[2026-10-05 17:07:06 +0800] [26/Thread-91 (process_request_thread)] [DEBUG] Rule 'acceptance':'acceptance/calendar' matches '.*':'.*' from section 'all' permission 'RrWw'
[2026-10-05 17:07:06 +0800] [26/Thread-91 (process_request_thread)] [DEBUG] Request content (XML): suppressed by config/option [logging] request_content_on_debug
[2026-10-05 17:07:06 +0800] [26/Thread-91 (process_request_thread)] [DEBUG] Client provided sync token: 'http://radicale.org/ns/sync/4831bdf42b4ca8d23ecc440735ff9805c77cbb47db7c893143c2cd2cb97ccdc6'
[2026-10-05 17:07:06 +0800] [26/Thread-92 (process_request_thread)] [DEBUG] Response content (XML): suppressed by config/option [logging] response_content_on_debug
[2026-10-05 17:07:06 +0800] [26/Thread-92 (process_request_thread)] [DEBUG] Response header: suppressed by config/option [logging] response_header_on_debug
[2026-10-05 17:07:06 +0800] [26/Thread-92 (process_request_thread)] [INFO] REPORT response status for '/acceptance/calendar/' with depth '1' in 0.002 seconds gzip 716 bytes (getetag): 207 Multi-Status
[2026-10-05 17:07:06 +0800] [26/Thread-91 (process_request_thread)] [DEBUG] Response content (XML): suppressed by config/option [logging] response_content_on_debug
[2026-10-05 17:07:06 +0800] [26/Thread-91 (process_request_thread)] [DEBUG] Response header: suppressed by config/option [logging] response_header_on_debug
[2026-10-05 17:07:06 +0800] [26/Thread-91 (process_request_thread)] [INFO] REPORT response status for '/acceptance/calendar/' with depth '1' in 0.004 seconds gzip 348 bytes (getetag sync-collection): 207 Multi-Status
[2026-10-05 17:07:06 +0800] [26/Thread-93 (process_request_thread)] [INFO] REPORT request for '/acceptance/calendar/' with depth '1' received from 127.0.0.1 using 'Mozilla/5.0 (X11; Linux x86_64; rv:153.0) Gecko/20100101 Thunderbird/153.1.0'
[2026-10-05 17:07:06 +0800] [26/Thread-93 (process_request_thread)] [DEBUG] Request header: suppressed by config/option [logging] request_header_on_debug
[2026-10-05 17:07:06 +0800] [26/Thread-93 (process_request_thread)] [DEBUG] Sanitized path: '/acceptance/calendar/'
[2026-10-05 17:07:06 +0800] [26/Thread-93 (process_request_thread)] [INFO] Successful login: 'acceptance' (none)
[2026-10-05 17:07:06 +0800] [26/Thread-93 (process_request_thread)] [DEBUG] logging of rules which doesn't match suppressed by config/option [logging] rights_rule_doesnt_match_on_debug
[2026-10-05 17:07:06 +0800] [26/Thread-93 (process_request_thread)] [DEBUG] Rule 'acceptance':'acceptance/calendar' matches '.*':'.*' from section 'all' permission 'RrWw'
[2026-10-05 17:07:06 +0800] [26/Thread-93 (process_request_thread)] [DEBUG] Request content (XML): suppressed by config/option [logging] request_content_on_debug
[2026-10-05 17:07:06 +0800] [26/Thread-93 (process_request_thread)] [DEBUG] Client provided sync token: 'http://radicale.org/ns/sync/b98c94ea8628f0c29b70c5b73ee4f6dcb04e5cccc9cbafe731443282db250196'
[2026-10-05 17:07:06 +0800] [26/Thread-93 (process_request_thread)] [DEBUG] Response content (XML): suppressed by config/option [logging] response_content_on_debug
[2026-10-05 17:07:06 +0800] [26/Thread-93 (process_request_thread)] [DEBUG] Response header: suppressed by config/option [logging] response_header_on_debug
[2026-10-05 17:07:06 +0800] [26/Thread-93 (process_request_thread)] [INFO] REPORT response status for '/acceptance/calendar/' with depth '1' in 0.002 seconds gzip 177 bytes (getetag sync-collection): 207 Multi-Status
[2026-10-05 17:07:06 +0800] [26/Thread-94 (process_request_thread)] [INFO] GET request for '/acceptance/calendar/seed-a.ics' received from 127.0.0.1 using 'Python-urllib/3.12'
[2026-10-05 17:07:06 +0800] [26/Thread-94 (process_request_thread)] [DEBUG] Request header: suppressed by config/option [logging] request_header_on_debug
[2026-10-05 17:07:06 +0800] [26/Thread-94 (process_request_thread)] [DEBUG] Sanitized path: '/acceptance/calendar/seed-a.ics'
[2026-10-05 17:07:06 +0800] [26/Thread-94 (process_request_thread)] [INFO] Successful login: 'acceptance' (none)
[2026-10-05 17:07:06 +0800] [26/Thread-94 (process_request_thread)] [DEBUG] logging of rules which doesn't match suppressed by config/option [logging] rights_rule_doesnt_match_on_debug
[2026-10-05 17:07:06 +0800] [26/Thread-94 (process_request_thread)] [DEBUG] Rule 'acceptance':'acceptance/calendar/seed-a.ics' matches '.*':'.*' from section 'all' permission 'RrWw'
[2026-10-05 17:07:06 +0800] [26/Thread-94 (process_request_thread)] [DEBUG] logging of rules which doesn't match suppressed by config/option [logging] rights_rule_doesnt_match_on_debug
[2026-10-05 17:07:06 +0800] [26/Thread-94 (process_request_thread)] [DEBUG] Rule 'acceptance':'acceptance/calendar' matches '.*':'.*' from section 'all' permission 'RrWw'
[2026-10-05 17:07:06 +0800] [26/Thread-94 (process_request_thread)] [DEBUG] Response content: suppressed by config/option [logging] response_content_on_debug
[2026-10-05 17:07:06 +0800] [26/Thread-94 (process_request_thread)] [DEBUG] Response header: suppressed by config/option [logging] response_header_on_debug
[2026-10-05 17:07:06 +0800] [26/Thread-94 (process_request_thread)] [INFO] GET response status for '/acceptance/calendar/seed-a.ics' in 0.001 seconds plain 853 bytes: 200 OK
[2026-10-05 17:07:08 +0800] [26/Thread-95 (process_request_thread)] [INFO] REPORT request for '/acceptance/calendar/' with depth '1' received from 127.0.0.1 using 'Mozilla/5.0 (X11; Linux x86_64; rv:153.0) Gecko/20100101 Thunderbird/153.1.0'
[2026-10-05 17:07:08 +0800] [26/Thread-95 (process_request_thread)] [DEBUG] Request header: suppressed by config/option [logging] request_header_on_debug
[2026-10-05 17:07:08 +0800] [26/Thread-95 (process_request_thread)] [DEBUG] Sanitized path: '/acceptance/calendar/'
[2026-10-05 17:07:08 +0800] [26/Thread-95 (process_request_thread)] [DEBUG] logging of rules which doesn't match suppressed by config/option [logging] rights_rule_doesnt_match_on_debug
[2026-10-05 17:07:08 +0800] [26/Thread-95 (process_request_thread)] [DEBUG] Rule '':'acceptance/calendar' matches '.*':'.*' from section 'all' permission 'RrWw'
[2026-10-05 17:07:08 +0800] [26/Thread-95 (process_request_thread)] [DEBUG] Request content (XML): suppressed by config/option [logging] request_content_on_debug
[2026-10-05 17:07:08 +0800] [26/Thread-95 (process_request_thread)] [DEBUG] Response content (XML): suppressed by config/option [logging] response_content_on_debug
[2026-10-05 17:07:08 +0800] [26/Thread-95 (process_request_thread)] [DEBUG] Response header: suppressed by config/option [logging] response_header_on_debug
[2026-10-05 17:07:08 +0800] [26/Thread-95 (process_request_thread)] [INFO] REPORT response status for '/acceptance/calendar/' with depth '1' in 0.001 seconds gzip 716 bytes (getetag): 207 Multi-Status
[2026-10-05 17:07:08 +0800] [26/Thread-96 (process_request_thread)] [INFO] PROPFIND request for '/acceptance/calendar/' with depth '0' received from 127.0.0.1 using 'Mozilla/5.0 (X11; Linux x86_64; rv:153.0) Gecko/20100101 Thunderbird/153.1.0'
[2026-10-05 17:07:08 +0800] [26/Thread-96 (process_request_thread)] [DEBUG] Request header: suppressed by config/option [logging] request_header_on_debug
[2026-10-05 17:07:08 +0800] [26/Thread-96 (process_request_thread)] [DEBUG] Sanitized path: '/acceptance/calendar/'
[2026-10-05 17:07:08 +0800] [26/Thread-96 (process_request_thread)] [DEBUG] logging of rules which doesn't match suppressed by config/option [logging] rights_rule_doesnt_match_on_debug
[2026-10-05 17:07:08 +0800] [26/Thread-96 (process_request_thread)] [DEBUG] Rule '':'acceptance/calendar' matches '.*':'.*' from section 'all' permission 'RrWw'
[2026-10-05 17:07:08 +0800] [26/Thread-96 (process_request_thread)] [DEBUG] Request content (XML): suppressed by config/option [logging] request_content_on_debug
[2026-10-05 17:07:08 +0800] [26/Thread-96 (process_request_thread)] [DEBUG] logging of rules which doesn't match suppressed by config/option [logging] rights_rule_doesnt_match_on_debug
[2026-10-05 17:07:08 +0800] [26/Thread-96 (process_request_thread)] [DEBUG] Rule '':'acceptance/calendar' matches '.*':'.*' from section 'all' permission 'RrWw'
[2026-10-05 17:07:08 +0800] [26/Thread-96 (process_request_thread)] [DEBUG] anonymous user has write access to collection with tag 'acceptance/calendar'
[2026-10-05 17:07:08 +0800] [26/Thread-96 (process_request_thread)] [NOTICE] Access to '/acceptance/calendar/' denied for anonymous user
[2026-10-05 17:07:08 +0800] [26/Thread-96 (process_request_thread)] [DEBUG] Asking client for authentication
[2026-10-05 17:07:08 +0800] [26/Thread-96 (process_request_thread)] [DEBUG] Response content: suppressed by config/option [logging] response_content_on_debug
[2026-10-05 17:07:08 +0800] [26/Thread-96 (process_request_thread)] [DEBUG] Response header: suppressed by config/option [logging] response_header_on_debug
[2026-10-05 17:07:08 +0800] [26/Thread-96 (process_request_thread)] [DEBUG] Response random delay triggered by result code: 401 -> 1.423 seconds
[2026-10-05 17:07:08 +0800] [26/Thread-97 (process_request_thread)] [INFO] PUT request for '/acceptance/calendar/seed-a.ics' received from 127.0.0.1 using 'Mozilla/5.0 (X11; Linux x86_64; rv:153.0) Gecko/20100101 Thunderbird/153.1.0'
[2026-10-05 17:07:08 +0800] [26/Thread-97 (process_request_thread)] [DEBUG] Request header: suppressed by config/option [logging] request_header_on_debug
[2026-10-05 17:07:08 +0800] [26/Thread-97 (process_request_thread)] [DEBUG] Sanitized path: '/acceptance/calendar/seed-a.ics'
[2026-10-05 17:07:08 +0800] [26/Thread-97 (process_request_thread)] [DEBUG] logging of rules which doesn't match suppressed by config/option [logging] rights_rule_doesnt_match_on_debug
[2026-10-05 17:07:08 +0800] [26/Thread-97 (process_request_thread)] [DEBUG] Rule '':'acceptance/calendar/seed-a.ics' matches '.*':'.*' from section 'all' permission 'RrWw'
[2026-10-05 17:07:08 +0800] [26/Thread-97 (process_request_thread)] [DEBUG] Request content: suppressed by config/option [logging] request_content_on_debug
[2026-10-05 17:07:08 +0800] [26/Thread-97 (process_request_thread)] [DEBUG] logging of rules which doesn't match suppressed by config/option [logging] rights_rule_doesnt_match_on_debug
[2026-10-05 17:07:08 +0800] [26/Thread-97 (process_request_thread)] [DEBUG] Rule '':'acceptance/calendar' matches '.*':'.*' from section 'all' permission 'RrWw'
[2026-10-05 17:07:08 +0800] [26/Thread-97 (process_request_thread)] [DEBUG] Precondition passed on PUT request for '/acceptance/calendar/seed-a.ics' (HTTP_IF_MATCH: "8d137d7a64eb293e1c40891530545298cc37f97c03ef31d4b2973d06faa8a15c", item has etag: "8d137d7a64eb293e1c40891530545298cc37f97c03ef31d4b2973d06faa8a15c")
[2026-10-05 17:07:08 +0800] [26/Thread-97 (process_request_thread)] [DEBUG] PUT request contains item with UID 'seed-a' size 879 below limit 10000000: '/acceptance/calendar/seed-a.ics'
[2026-10-05 17:07:08 +0800] [26/Thread-97 (process_request_thread)] [DEBUG] PUT request updated existing item '/acceptance/calendar/seed-a.ics'
[2026-10-05 17:07:08 +0800] [26/Thread-97 (process_request_thread)] [DEBUG] Response header: suppressed by config/option [logging] response_header_on_debug
[2026-10-05 17:07:08 +0800] [26/Thread-97 (process_request_thread)] [INFO] PUT response status for '/acceptance/calendar/seed-a.ics' in 0.003 seconds: 204 No Content
[2026-10-05 17:07:08 +0800] [26/Thread-98 (process_request_thread)] [INFO] REPORT request for '/acceptance/calendar/' with depth '1' received from 127.0.0.1 using 'Mozilla/5.0 (X11; Linux x86_64; rv:153.0) Gecko/20100101 Thunderbird/153.1.0'
[2026-10-05 17:07:08 +0800] [26/Thread-98 (process_request_thread)] [DEBUG] Request header: suppressed by config/option [logging] request_header_on_debug
[2026-10-05 17:07:08 +0800] [26/Thread-98 (process_request_thread)] [DEBUG] Sanitized path: '/acceptance/calendar/'
[2026-10-05 17:07:08 +0800] [26/Thread-98 (process_request_thread)] [DEBUG] logging of rules which doesn't match suppressed by config/option [logging] rights_rule_doesnt_match_on_debug
[2026-10-05 17:07:08 +0800] [26/Thread-98 (process_request_thread)] [DEBUG] Rule '':'acceptance/calendar' matches '.*':'.*' from section 'all' permission 'RrWw'
[2026-10-05 17:07:08 +0800] [26/Thread-98 (process_request_thread)] [DEBUG] Request content (XML): suppressed by config/option [logging] request_content_on_debug
[2026-10-05 17:07:08 +0800] [26/Thread-98 (process_request_thread)] [DEBUG] Response content (XML): suppressed by config/option [logging] response_content_on_debug
[2026-10-05 17:07:08 +0800] [26/Thread-98 (process_request_thread)] [DEBUG] Response header: suppressed by config/option [logging] response_header_on_debug
[2026-10-05 17:07:08 +0800] [26/Thread-98 (process_request_thread)] [INFO] REPORT response status for '/acceptance/calendar/' with depth '1' in 0.001 seconds gzip 712 bytes (getetag): 207 Multi-Status
[2026-10-05 17:07:08 +0800] [26/Thread-99 (process_request_thread)] [INFO] REPORT request for '/acceptance/calendar/' with depth '1' received from 127.0.0.1 using 'Mozilla/5.0 (X11; Linux x86_64; rv:153.0) Gecko/20100101 Thunderbird/153.1.0'
[2026-10-05 17:07:08 +0800] [26/Thread-99 (process_request_thread)] [DEBUG] Request header: suppressed by config/option [logging] request_header_on_debug
[2026-10-05 17:07:08 +0800] [26/Thread-99 (process_request_thread)] [DEBUG] Sanitized path: '/acceptance/calendar/'
[2026-10-05 17:07:08 +0800] [26/Thread-99 (process_request_thread)] [DEBUG] logging of rules which doesn't match suppressed by config/option [logging] rights_rule_doesnt_match_on_debug
[2026-10-05 17:07:08 +0800] [26/Thread-99 (process_request_thread)] [DEBUG] Rule '':'acceptance/calendar' matches '.*':'.*' from section 'all' permission 'RrWw'
[2026-10-05 17:07:08 +0800] [26/Thread-99 (process_request_thread)] [DEBUG] Request content (XML): suppressed by config/option [logging] request_content_on_debug
[2026-10-05 17:07:08 +0800] [26/Thread-99 (process_request_thread)] [DEBUG] Response content (XML): suppressed by config/option [logging] response_content_on_debug
[2026-10-05 17:07:08 +0800] [26/Thread-99 (process_request_thread)] [DEBUG] Response header: suppressed by config/option [logging] response_header_on_debug
[2026-10-05 17:07:08 +0800] [26/Thread-99 (process_request_thread)] [INFO] REPORT response status for '/acceptance/calendar/' with depth '1' in 0.001 seconds gzip 712 bytes (getetag): 207 Multi-Status
[2026-10-05 17:07:08 +0800] [26/Thread-100 (process_request_thread)] [INFO] GET request for '/acceptance/calendar/seed-a.ics' received from 127.0.0.1 using 'Python-urllib/3.12'
[2026-10-05 17:07:08 +0800] [26/Thread-100 (process_request_thread)] [DEBUG] Request header: suppressed by config/option [logging] request_header_on_debug
[2026-10-05 17:07:08 +0800] [26/Thread-100 (process_request_thread)] [DEBUG] Sanitized path: '/acceptance/calendar/seed-a.ics'
[2026-10-05 17:07:08 +0800] [26/Thread-100 (process_request_thread)] [INFO] Successful login: 'acceptance' (none)
[2026-10-05 17:07:08 +0800] [26/Thread-100 (process_request_thread)] [DEBUG] logging of rules which doesn't match suppressed by config/option [logging] rights_rule_doesnt_match_on_debug
[2026-10-05 17:07:08 +0800] [26/Thread-100 (process_request_thread)] [DEBUG] Rule 'acceptance':'acceptance/calendar/seed-a.ics' matches '.*':'.*' from section 'all' permission 'RrWw'
[2026-10-05 17:07:08 +0800] [26/Thread-100 (process_request_thread)] [DEBUG] logging of rules which doesn't match suppressed by config/option [logging] rights_rule_doesnt_match_on_debug
[2026-10-05 17:07:08 +0800] [26/Thread-100 (process_request_thread)] [DEBUG] Rule 'acceptance':'acceptance/calendar' matches '.*':'.*' from section 'all' permission 'RrWw'
[2026-10-05 17:07:08 +0800] [26/Thread-100 (process_request_thread)] [DEBUG] Response content: suppressed by config/option [logging] response_content_on_debug
[2026-10-05 17:07:08 +0800] [26/Thread-100 (process_request_thread)] [DEBUG] Response header: suppressed by config/option [logging] response_header_on_debug
[2026-10-05 17:07:08 +0800] [26/Thread-100 (process_request_thread)] [INFO] GET response status for '/acceptance/calendar/seed-a.ics' in 0.001 seconds plain 879 bytes: 200 OK
[2026-10-05 17:07:08 +0800] [26/Thread-101 (process_request_thread)] [INFO] GET request for '/acceptance/calendar/seed-a.ics' received from 127.0.0.1 using 'Python-urllib/3.12'
[2026-10-05 17:07:08 +0800] [26/Thread-101 (process_request_thread)] [DEBUG] Request header: suppressed by config/option [logging] request_header_on_debug
[2026-10-05 17:07:08 +0800] [26/Thread-101 (process_request_thread)] [DEBUG] Sanitized path: '/acceptance/calendar/seed-a.ics'
[2026-10-05 17:07:08 +0800] [26/Thread-101 (process_request_thread)] [INFO] Successful login: 'acceptance' (none)
[2026-10-05 17:07:08 +0800] [26/Thread-101 (process_request_thread)] [DEBUG] logging of rules which doesn't match suppressed by config/option [logging] rights_rule_doesnt_match_on_debug
[2026-10-05 17:07:08 +0800] [26/Thread-101 (process_request_thread)] [DEBUG] Rule 'acceptance':'acceptance/calendar/seed-a.ics' matches '.*':'.*' from section 'all' permission 'RrWw'
[2026-10-05 17:07:08 +0800] [26/Thread-101 (process_request_thread)] [DEBUG] logging of rules which doesn't match suppressed by config/option [logging] rights_rule_doesnt_match_on_debug
[2026-10-05 17:07:08 +0800] [26/Thread-101 (process_request_thread)] [DEBUG] Rule 'acceptance':'acceptance/calendar' matches '.*':'.*' from section 'all' permission 'RrWw'
[2026-10-05 17:07:08 +0800] [26/Thread-101 (process_request_thread)] [DEBUG] Response content: suppressed by config/option [logging] response_content_on_debug
[2026-10-05 17:07:08 +0800] [26/Thread-101 (process_request_thread)] [DEBUG] Response header: suppressed by config/option [logging] response_header_on_debug
[2026-10-05 17:07:08 +0800] [26/Thread-101 (process_request_thread)] [INFO] GET response status for '/acceptance/calendar/seed-a.ics' in 0.001 seconds plain 879 bytes: 200 OK
[2026-10-05 17:07:08 +0800] [26/Thread-102 (process_request_thread)] [INFO] DELETE request for '/acceptance/calendar/' received from 127.0.0.1 using 'Python-urllib/3.12'
[2026-10-05 17:07:08 +0800] [26/Thread-102 (process_request_thread)] [DEBUG] Request header: suppressed by config/option [logging] request_header_on_debug
[2026-10-05 17:07:08 +0800] [26/Thread-102 (process_request_thread)] [DEBUG] Sanitized path: '/acceptance/calendar/'
[2026-10-05 17:07:08 +0800] [26/Thread-102 (process_request_thread)] [INFO] Successful login: 'acceptance' (none)
[2026-10-05 17:07:08 +0800] [26/Thread-102 (process_request_thread)] [DEBUG] logging of rules which doesn't match suppressed by config/option [logging] rights_rule_doesnt_match_on_debug
[2026-10-05 17:07:08 +0800] [26/Thread-102 (process_request_thread)] [DEBUG] Rule 'acceptance':'acceptance/calendar' matches '.*':'.*' from section 'all' permission 'RrWw'
[2026-10-05 17:07:08 +0800] [26/Thread-102 (process_request_thread)] [DEBUG] logging of rules which doesn't match suppressed by config/option [logging] rights_rule_doesnt_match_on_debug
[2026-10-05 17:07:08 +0800] [26/Thread-102 (process_request_thread)] [DEBUG] Rule 'acceptance':'acceptance' matches '.*':'.*' from section 'all' permission 'RrWw'
[2026-10-05 17:07:08 +0800] [26/Thread-102 (process_request_thread)] [DEBUG] Response content (XML): suppressed by config/option [logging] response_content_on_debug
[2026-10-05 17:07:08 +0800] [26/Thread-102 (process_request_thread)] [DEBUG] Response header: suppressed by config/option [logging] response_header_on_debug
[2026-10-05 17:07:08 +0800] [26/Thread-102 (process_request_thread)] [INFO] DELETE response status for '/acceptance/calendar/' in 0.002 seconds plain 166 bytes: 200 OK
[2026-10-05 17:07:08 +0800] [26/Thread-103 (process_request_thread)] [INFO] GET request for '/acceptance/calendar/' received from 127.0.0.1 using 'Python-urllib/3.12'
[2026-10-05 17:07:08 +0800] [26/Thread-103 (process_request_thread)] [DEBUG] Request header: suppressed by config/option [logging] request_header_on_debug
[2026-10-05 17:07:08 +0800] [26/Thread-103 (process_request_thread)] [DEBUG] Sanitized path: '/acceptance/calendar/'
[2026-10-05 17:07:08 +0800] [26/Thread-103 (process_request_thread)] [INFO] Successful login: 'acceptance' (none)
[2026-10-05 17:07:08 +0800] [26/Thread-103 (process_request_thread)] [DEBUG] logging of rules which doesn't match suppressed by config/option [logging] rights_rule_doesnt_match_on_debug
[2026-10-05 17:07:08 +0800] [26/Thread-103 (process_request_thread)] [DEBUG] Rule 'acceptance':'acceptance/calendar' matches '.*':'.*' from section 'all' permission 'RrWw'
[2026-10-05 17:07:08 +0800] [26/Thread-103 (process_request_thread)] [DEBUG] Response content: suppressed by config/option [logging] response_content_on_debug
[2026-10-05 17:07:08 +0800] [26/Thread-103 (process_request_thread)] [DEBUG] Response header: suppressed by config/option [logging] response_header_on_debug
[2026-10-05 17:07:08 +0800] [26/Thread-103 (process_request_thread)] [NOTICE] GET response status for '/acceptance/calendar/' in 0.001 seconds plain 42 bytes: 404 Not Found
[2026-10-05 17:07:08 +0800] [26] [INFO] Stopping Radicale
[2026-10-05 17:07:09 +0800] [26/Thread-96 (process_request_thread)] [NOTICE] PROPFIND response status for '/acceptance/calendar/' with depth '0' in 1.424 seconds gzip 61 bytes: 401 Unauthorized
