[2026-10-05 17:07:46 +0800] [1133] [INFO] Logging level set to: 'INFO'
[2026-10-05 17:07:46 +0800] [1133] [INFO] Logging of backtrace is disabled in this loglevel
[2026-10-05 17:07:46 +0800] [1133] [DEBUG] Logging level set to: 'DEBUG'
[2026-10-05 17:07:46 +0800] [1133] [INFO] Loaded default config
[2026-10-05 17:07:46 +0800] [1133] [INFO] Loaded config file '/tmp/caldav-assistant-041-6thm1d7i/radicale.conf'
[2026-10-05 17:07:46 +0800] [1133] [INFO] Starting Radicale (python=3.12.14 radicale=3.8.1 vobject=0.9.9 passlib=1.9.3 defusedxml=0.7.1 bcrypt=n/a argon2-cffi=n/a pika=1.4.4 ldap=n/a ldap3=n/a pam=n/a) as user=root(0) groups=root(0) on Linux-6.18.44-x86_64-with-glibc2.39
[2026-10-05 17:07:46 +0800] [1133] [WARNING] No user authentication is selected: '[auth] type=none' (INSECURE)
[2026-10-05 17:07:46 +0800] [1133] [INFO] auth type is 'radicale.auth.none'
[2026-10-05 17:07:46 +0800] [1133] [INFO] auth.strip_domain: False
[2026-10-05 17:07:46 +0800] [1133] [INFO] auth.lc_username: False
[2026-10-05 17:07:46 +0800] [1133] [INFO] auth.uc_username: False
[2026-10-05 17:07:46 +0800] [1133] [INFO] auth.urldecode_username: False
[2026-10-05 17:07:46 +0800] [1133] [INFO] auth.delay: 1.000000 seconds
[2026-10-05 17:07:46 +0800] [1133] [INFO] auth.cache_logins: False
[2026-10-05 17:07:46 +0800] [1133] [INFO] No user groups lookup method is selected
[2026-10-05 17:07:46 +0800] [1133] [INFO] group type is 'radicale.group.none'
[2026-10-05 17:07:46 +0800] [1133] [DEBUG] storage cache version: "b'radicale=3.3.1;vobject=0.9.9;'"
[2026-10-05 17:07:46 +0800] [1133] [INFO] storage type is 'radicale.storage.multifilesystem'
[2026-10-05 17:07:46 +0800] [1133] [DEBUG] Lock file (StoragePartLock): '/tmp/caldav-assistant-041-6thm1d7i/data/.Radicale.lock'
[2026-10-05 17:07:46 +0800] [1133] [INFO] Storage folder umask (from system): '0022'
[2026-10-05 17:07:46 +0800] [1133] [INFO] Storage location: '/tmp/caldav-assistant-041-6thm1d7i/data'
[2026-10-05 17:07:46 +0800] [1133] [WARNING] Storage location: '/tmp/caldav-assistant-041-6thm1d7i/data' does not exist, creating now
[2026-10-05 17:07:46 +0800] [1133] [INFO] Storage location permissions: path='/tmp/caldav-assistant-041-6thm1d7i/data' owner=root(0) group=root(0) mode=40755
[2026-10-05 17:07:46 +0800] [1133] [INFO] Storage location subfolder: '/tmp/caldav-assistant-041-6thm1d7i/data/collection-root'
[2026-10-05 17:07:46 +0800] [1133] [WARNING] Storage location subfolder: '/tmp/caldav-assistant-041-6thm1d7i/data/collection-root' does not exist, creating now
[2026-10-05 17:07:46 +0800] [1133] [INFO] Storage location subfolder permissions: path='/tmp/caldav-assistant-041-6thm1d7i/data/collection-root' owner=root(0) group=root(0) mode=40755
[2026-10-05 17:07:46 +0800] [1133] [INFO] Storage location subfolder softlink support: True
[2026-10-05 17:07:46 +0800] [1133] [INFO] Storage location subfolder is collision free: True (case-sensitive=True no-short-filename=True)
[2026-10-05 17:07:46 +0800] [1133] [INFO] Storage location subfolder supports unicode: True
[2026-10-05 17:07:46 +0800] [1133] [INFO] Storage location subfolder supports trailing whitespace: True
[2026-10-05 17:07:46 +0800] [1133] [INFO] Storage location subfolder supports problematic chars: True
[2026-10-05 17:07:46 +0800] [1133] [INFO] Storage cache subfolder usage for 'item': False
[2026-10-05 17:07:46 +0800] [1133] [INFO] Storage cache subfolder usage for 'history': False
[2026-10-05 17:07:46 +0800] [1133] [INFO] Storage cache subfolder usage for 'sync-token': False
[2026-10-05 17:07:46 +0800] [1133] [INFO] Storage cache use mtime and size for 'item': False
[2026-10-05 17:07:46 +0800] [1133] [DEBUG] Storage item mtime resolution test with file: '/tmp/caldav-assistant-041-6thm1d7i/data/collection-root/.Radicale.mtime_test'
[2026-10-05 17:07:46 +0800] [1133] [DEBUG] Storage item mtime resoultion test set: 999999999999 ns
[2026-10-05 17:07:46 +0800] [1133] [DEBUG] Storage item mtime resoultion test get: 999999999999 ns
[2026-10-05 17:07:46 +0800] [1133] [INFO] Storage item mtime resolution test result: 1 ns
[2026-10-05 17:07:46 +0800] [1133] [INFO] Storage cache using mtime and size for 'item' may be an option in case of performance issues
[2026-10-05 17:07:46 +0800] [1133] [DEBUG] Storage cache action logging: False
[2026-10-05 17:07:46 +0800] [1133] [INFO] Group collections folder: 'GROUPS'
[2026-10-05 17:07:46 +0800] [1133] [INFO] rights type is 'radicale.rights.from_file'
[2026-10-05 17:07:46 +0800] [1133] [DEBUG] Read rights file
[2026-10-05 17:07:46 +0800] [1133] [INFO] web type is 'radicale.web.internal'
[2026-10-05 17:07:46 +0800] [1133] [INFO] sharing type is 'radicale.sharing.none'
[2026-10-05 17:07:46 +0800] [1133] [INFO] rights type is 'radicale.rights.from_file'
[2026-10-05 17:07:46 +0800] [1133] [DEBUG] Read rights file
[2026-10-05 17:07:46 +0800] [1133] [DEBUG] storage cache version: "b'radicale=3.3.1;vobject=0.9.9;'"
[2026-10-05 17:07:46 +0800] [1133] [INFO] storage type is 'radicale.storage.multifilesystem'
[2026-10-05 17:07:46 +0800] [1133] [DEBUG] Lock file (StoragePartLock): '/tmp/caldav-assistant-041-6thm1d7i/data/.Radicale.lock'
[2026-10-05 17:07:46 +0800] [1133] [INFO] Storage folder umask (from system): '0022'
[2026-10-05 17:07:46 +0800] [1133] [INFO] Storage location: '/tmp/caldav-assistant-041-6thm1d7i/data'
[2026-10-05 17:07:46 +0800] [1133] [INFO] Storage location permissions: path='/tmp/caldav-assistant-041-6thm1d7i/data' owner=root(0) group=root(0) mode=40755
[2026-10-05 17:07:46 +0800] [1133] [INFO] Storage location subfolder: '/tmp/caldav-assistant-041-6thm1d7i/data/collection-root'
[2026-10-05 17:07:46 +0800] [1133] [INFO] Storage location subfolder permissions: path='/tmp/caldav-assistant-041-6thm1d7i/data/collection-root' owner=root(0) group=root(0) mode=40755
[2026-10-05 17:07:46 +0800] [1133] [INFO] Storage location subfolder softlink support: True
[2026-10-05 17:07:46 +0800] [1133] [INFO] Storage location subfolder is collision free: True (case-sensitive=True no-short-filename=True)
[2026-10-05 17:07:46 +0800] [1133] [INFO] Storage location subfolder supports unicode: True
[2026-10-05 17:07:46 +0800] [1133] [INFO] Storage location subfolder supports trailing whitespace: True
[2026-10-05 17:07:46 +0800] [1133] [INFO] Storage location subfolder supports problematic chars: True
[2026-10-05 17:07:46 +0800] [1133] [INFO] Storage cache subfolder usage for 'item': False
[2026-10-05 17:07:46 +0800] [1133] [INFO] Storage cache subfolder usage for 'history': False
[2026-10-05 17:07:46 +0800] [1133] [INFO] Storage cache subfolder usage for 'sync-token': False
[2026-10-05 17:07:46 +0800] [1133] [INFO] Storage cache use mtime and size for 'item': False
[2026-10-05 17:07:46 +0800] [1133] [DEBUG] Storage item mtime resolution test with file: '/tmp/caldav-assistant-041-6thm1d7i/data/collection-root/.Radicale.mtime_test'
[2026-10-05 17:07:46 +0800] [1133] [DEBUG] Storage item mtime resoultion test set: 999999999999 ns
[2026-10-05 17:07:46 +0800] [1133] [DEBUG] Storage item mtime resoultion test get: 999999999999 ns
[2026-10-05 17:07:46 +0800] [1133] [INFO] Storage item mtime resolution test result: 1 ns
[2026-10-05 17:07:46 +0800] [1133] [INFO] Storage cache using mtime and size for 'item' may be an option in case of performance issues
[2026-10-05 17:07:46 +0800] [1133] [DEBUG] Storage cache action logging: False
[2026-10-05 17:07:46 +0800] [1133] [INFO] Group collections folder: 'GROUPS'
[2026-10-05 17:07:46 +0800] [1133] [INFO] No user groups lookup method is selected
[2026-10-05 17:07:46 +0800] [1133] [INFO] group type is 'radicale.group.none'
[2026-10-05 17:07:46 +0800] [1133] [INFO] sharing.collection_by_map  : False
[2026-10-05 17:07:46 +0800] [1133] [INFO] sharing.collection_by_token: False
[2026-10-05 17:07:46 +0800] [1133] [INFO] sharing.permit_create_token: False
[2026-10-05 17:07:46 +0800] [1133] [INFO] sharing.permit_create_map  : False
[2026-10-05 17:07:46 +0800] [1133] [INFO] sharing.default_permissions_create_token: 'rp'
[2026-10-05 17:07:46 +0800] [1133] [INFO] sharing.default_permissions_create_map  : 'r'
[2026-10-05 17:07:46 +0800] [1133] [INFO] sharing.permit_properties_overlay: False
[2026-10-05 17:07:46 +0800] [1133] [INFO] sharing.enforce_properties_overlay: True
[2026-10-05 17:07:46 +0800] [1133] [INFO] sharing.conversion_bday_summary_template: '[{n:f} {n:g}|{fn}|{nickname}] ({year}) (BDAY)'
[2026-10-05 17:07:46 +0800] [1133] [INFO] sharing.conversion_bday_description_template: 'BDAY={year}-{month}-{day}'
[2026-10-05 17:07:46 +0800] [1133] [INFO] sharing.conversion_bday_alarm_trigger_template: ''
[2026-10-05 17:07:46 +0800] [1133] [INFO] sharing.conversion_bday_categories: 'Birthday'
[2026-10-05 17:07:46 +0800] [1133] [INFO] sharing.conversion_bday_age_max: 99
[2026-10-05 17:07:46 +0800] [1133] [INFO] sharing.database_type: none
[2026-10-05 17:07:46 +0800] [1133] [INFO] sharing disabled as no feature is enabled
[2026-10-05 17:07:46 +0800] [1133] [INFO] hook type is 'radicale.hook.none'
[2026-10-05 17:07:46 +0800] [1133] [INFO] delay_on_error set to: 1.000 seconds
[2026-10-05 17:07:46 +0800] [1133] [INFO] max_content_length set to: 100000000 bytes (95.4 Mbytes)
[2026-10-05 17:07:46 +0800] [1133] [INFO] max_resource_size set to: 10000000 bytes (9.5 Mbytes)
[2026-10-05 17:07:46 +0800] [1133] [INFO] max_vevent_rrule_occurrence set to: 10000
[2026-10-05 17:07:46 +0800] [1133] [INFO] log bad put request content: False
[2026-10-05 17:07:46 +0800] [1133] [DEBUG] log request  header  on debug: False
[2026-10-05 17:07:46 +0800] [1133] [DEBUG] log request  content on debug: False
[2026-10-05 17:07:46 +0800] [1133] [DEBUG] log response header  on debug: False
[2026-10-05 17:07:46 +0800] [1133] [DEBUG] log response content on debug: False
[2026-10-05 17:07:46 +0800] [1133] [NOTICE] log request  header  on notice condition: {}
[2026-10-05 17:07:46 +0800] [1133] [NOTICE] log request  content on notice condition: {}
[2026-10-05 17:07:46 +0800] [1133] [NOTICE] log response header  on notice condition: {}
[2026-10-05 17:07:46 +0800] [1133] [NOTICE] log response content on notice condition: {}
[2026-10-05 17:07:46 +0800] [1133] [DEBUG] log limit for content: 3000
[2026-10-05 17:07:46 +0800] [1133] [INFO] Default script name to strip from URI if called by reverse proxy is taken from HTTP_X_SCRIPT_NAME or SCRIPT_NAME
[2026-10-05 17:07:46 +0800] [1133] [INFO] permit delete of collection: True
[2026-10-05 17:07:46 +0800] [1133] [INFO] permit overwrite of collection: True
[2026-10-05 17:07:46 +0800] [1133] [INFO] strict preconditions check: False
[2026-10-05 17:07:46 +0800] [1133] [INFO] validate user value: 'minimal'
[2026-10-05 17:07:46 +0800] [1133] [INFO] validate path value: 'minimal'
[2026-10-05 17:07:46 +0800] [1133] [INFO] profiling: 'none'
[2026-10-05 17:07:46 +0800] [1133] [DEBUG] getaddrinfo of '127.0.0.1:15232': [(<AddressFamily.AF_INET: 2>, <SocketKind.SOCK_STREAM: 1>, 6, '', ('127.0.0.1', 15232))]
[2026-10-05 17:07:46 +0800] [1133] [DEBUG] try to create server socket on '127.0.0.1:15232'
[2026-10-05 17:07:46 +0800] [1133] [INFO] Listening on '127.0.0.1:15232'
[2026-10-05 17:07:46 +0800] [1133] [INFO] Maximum parallel connections: 8
[2026-10-05 17:07:46 +0800] [1133] [INFO] Radicale server ready
[2026-10-05 17:07:46 +0800] [1133/Thread-1 (process_request_thread)] [INFO] GET request for '/' received from 127.0.0.1 using 'Python-urllib/3.12'
[2026-10-05 17:07:46 +0800] [1133/Thread-1 (process_request_thread)] [DEBUG] Request header: suppressed by config/option [logging] request_header_on_debug
[2026-10-05 17:07:46 +0800] [1133/Thread-1 (process_request_thread)] [DEBUG] Sanitized path: '/'
[2026-10-05 17:07:46 +0800] [1133/Thread-1 (process_request_thread)] [INFO] Successful login: 'acceptance' (none)
[2026-10-05 17:07:46 +0800] [1133/Thread-1 (process_request_thread)] [DEBUG] logging of rules which doesn't match suppressed by config/option [logging] rights_rule_doesnt_match_on_debug
[2026-10-05 17:07:46 +0800] [1133/Thread-1 (process_request_thread)] [DEBUG] Rule 'acceptance':'acceptance' matches '.*':'.*' from section 'all' permission 'RrWw'
[2026-10-05 17:07:46 +0800] [1133/Thread-1 (process_request_thread)] [DEBUG] Create collection: '/tmp/caldav-assistant-041-6thm1d7i/data/collection-root/acceptance'
[2026-10-05 17:07:46 +0800] [1133/Thread-1 (process_request_thread)] [DEBUG] Response content: suppressed by config/option [logging] response_content_on_debug
[2026-10-05 17:07:46 +0800] [1133/Thread-1 (process_request_thread)] [DEBUG] Response header: suppressed by config/option [logging] response_header_on_debug
[2026-10-05 17:07:46 +0800] [1133/Thread-1 (process_request_thread)] [INFO] GET response status for '/' in 0.001 seconds plain 19 bytes: 302 Found
[2026-10-05 17:07:46 +0800] [1133/Thread-2 (process_request_thread)] [INFO] GET request for '/.web' received from 127.0.0.1 using 'Python-urllib/3.12'
[2026-10-05 17:07:46 +0800] [1133/Thread-2 (process_request_thread)] [DEBUG] Request header: suppressed by config/option [logging] request_header_on_debug
[2026-10-05 17:07:46 +0800] [1133/Thread-2 (process_request_thread)] [DEBUG] Sanitized path: '/.web'
[2026-10-05 17:07:46 +0800] [1133/Thread-2 (process_request_thread)] [INFO] Successful login: 'acceptance' (none)
[2026-10-05 17:07:46 +0800] [1133/Thread-2 (process_request_thread)] [DEBUG] Response content: suppressed by config/option [logging] response_content_on_debug
[2026-10-05 17:07:46 +0800] [1133/Thread-2 (process_request_thread)] [DEBUG] Response header: suppressed by config/option [logging] response_header_on_debug
[2026-10-05 17:07:46 +0800] [1133/Thread-2 (process_request_thread)] [INFO] GET response status for '/.web' in 0.001 seconds plain 20 bytes: 302 Found
[2026-10-05 17:07:46 +0800] [1133/Thread-3 (process_request_thread)] [INFO] GET request for '/.web/' received from 127.0.0.1 using 'Python-urllib/3.12'
[2026-10-05 17:07:46 +0800] [1133/Thread-3 (process_request_thread)] [DEBUG] Request header: suppressed by config/option [logging] request_header_on_debug
[2026-10-05 17:07:46 +0800] [1133/Thread-3 (process_request_thread)] [DEBUG] Sanitized path: '/.web/'
[2026-10-05 17:07:46 +0800] [1133/Thread-3 (process_request_thread)] [INFO] Successful login: 'acceptance' (none)
[2026-10-05 17:07:46 +0800] [1133/Thread-3 (process_request_thread)] [DEBUG] Response header: suppressed by config/option [logging] response_header_on_debug
[2026-10-05 17:07:46 +0800] [1133/Thread-3 (process_request_thread)] [INFO] GET response status for '/.web/' in 0.000 seconds plain 19380 bytes: 200 OK
[2026-10-05 17:07:46 +0800] [1133/Thread-4 (process_request_thread)] [INFO] MKCALENDAR request for '/acceptance/calendar/' received from 127.0.0.1 using 'Python-urllib/3.12'
[2026-10-05 17:07:46 +0800] [1133/Thread-4 (process_request_thread)] [DEBUG] Request header: suppressed by config/option [logging] request_header_on_debug
[2026-10-05 17:07:46 +0800] [1133/Thread-4 (process_request_thread)] [DEBUG] Sanitized path: '/acceptance/calendar/'
[2026-10-05 17:07:46 +0800] [1133/Thread-4 (process_request_thread)] [INFO] Successful login: 'acceptance' (none)
[2026-10-05 17:07:46 +0800] [1133/Thread-4 (process_request_thread)] [DEBUG] logging of rules which doesn't match suppressed by config/option [logging] rights_rule_doesnt_match_on_debug
[2026-10-05 17:07:46 +0800] [1133/Thread-4 (process_request_thread)] [DEBUG] Rule 'acceptance':'acceptance/calendar' matches '.*':'.*' from section 'all' permission 'RrWw'
[2026-10-05 17:07:46 +0800] [1133/Thread-4 (process_request_thread)] [DEBUG] Request content (XML): suppressed by config/option [logging] request_content_on_debug
[2026-10-05 17:07:46 +0800] [1133/Thread-4 (process_request_thread)] [DEBUG] Create collection: '/tmp/caldav-assistant-041-6thm1d7i/data/collection-root/acceptance/calendar'
[2026-10-05 17:07:46 +0800] [1133/Thread-4 (process_request_thread)] [DEBUG] Response header: suppressed by config/option [logging] response_header_on_debug
[2026-10-05 17:07:46 +0800] [1133/Thread-4 (process_request_thread)] [NOTICE] MKCALENDAR response status for '/acceptance/calendar/' in 0.002 seconds: 201 Created
[2026-10-05 17:07:46 +0800] [1133/Thread-5 (process_request_thread)] [INFO] PUT request for '/acceptance/calendar/seed-a.ics' received from 127.0.0.1 using 'Python-urllib/3.12'
[2026-10-05 17:07:46 +0800] [1133/Thread-5 (process_request_thread)] [DEBUG] Request header: suppressed by config/option [logging] request_header_on_debug
[2026-10-05 17:07:46 +0800] [1133/Thread-5 (process_request_thread)] [DEBUG] Sanitized path: '/acceptance/calendar/seed-a.ics'
[2026-10-05 17:07:46 +0800] [1133/Thread-5 (process_request_thread)] [INFO] Successful login: 'acceptance' (none)
[2026-10-05 17:07:46 +0800] [1133/Thread-5 (process_request_thread)] [DEBUG] logging of rules which doesn't match suppressed by config/option [logging] rights_rule_doesnt_match_on_debug
[2026-10-05 17:07:46 +0800] [1133/Thread-5 (process_request_thread)] [DEBUG] Rule 'acceptance':'acceptance/calendar/seed-a.ics' matches '.*':'.*' from section 'all' permission 'RrWw'
[2026-10-05 17:07:46 +0800] [1133/Thread-5 (process_request_thread)] [DEBUG] Request content: suppressed by config/option [logging] request_content_on_debug
[2026-10-05 17:07:46 +0800] [1133/Thread-5 (process_request_thread)] [DEBUG] logging of rules which doesn't match suppressed by config/option [logging] rights_rule_doesnt_match_on_debug
[2026-10-05 17:07:46 +0800] [1133/Thread-5 (process_request_thread)] [DEBUG] Rule 'acceptance':'acceptance/calendar' matches '.*':'.*' from section 'all' permission 'RrWw'
[2026-10-05 17:07:46 +0800] [1133/Thread-5 (process_request_thread)] [DEBUG] PUT request contains item with UID 'seed-a' size 229 below limit 10000000: '/acceptance/calendar/seed-a.ics'
[2026-10-05 17:07:46 +0800] [1133/Thread-5 (process_request_thread)] [DEBUG] Response header: suppressed by config/option [logging] response_header_on_debug
[2026-10-05 17:07:46 +0800] [1133/Thread-5 (process_request_thread)] [INFO] PUT response status for '/acceptance/calendar/seed-a.ics' in 0.003 seconds: 201 Created
[2026-10-05 17:07:46 +0800] [1133/Thread-6 (process_request_thread)] [INFO] PUT request for '/acceptance/calendar/seed-b.ics' received from 127.0.0.1 using 'Python-urllib/3.12'
[2026-10-05 17:07:46 +0800] [1133/Thread-6 (process_request_thread)] [DEBUG] Request header: suppressed by config/option [logging] request_header_on_debug
[2026-10-05 17:07:46 +0800] [1133/Thread-6 (process_request_thread)] [DEBUG] Sanitized path: '/acceptance/calendar/seed-b.ics'
[2026-10-05 17:07:46 +0800] [1133/Thread-6 (process_request_thread)] [INFO] Successful login: 'acceptance' (none)
[2026-10-05 17:07:46 +0800] [1133/Thread-6 (process_request_thread)] [DEBUG] logging of rules which doesn't match suppressed by config/option [logging] rights_rule_doesnt_match_on_debug
[2026-10-05 17:07:46 +0800] [1133/Thread-6 (process_request_thread)] [DEBUG] Rule 'acceptance':'acceptance/calendar/seed-b.ics' matches '.*':'.*' from section 'all' permission 'RrWw'
[2026-10-05 17:07:46 +0800] [1133/Thread-6 (process_request_thread)] [DEBUG] Request content: suppressed by config/option [logging] request_content_on_debug
[2026-10-05 17:07:46 +0800] [1133/Thread-6 (process_request_thread)] [DEBUG] logging of rules which doesn't match suppressed by config/option [logging] rights_rule_doesnt_match_on_debug
[2026-10-05 17:07:46 +0800] [1133/Thread-6 (process_request_thread)] [DEBUG] Rule 'acceptance':'acceptance/calendar' matches '.*':'.*' from section 'all' permission 'RrWw'
[2026-10-05 17:07:46 +0800] [1133/Thread-6 (process_request_thread)] [DEBUG] PUT request contains item with UID 'seed-b' size 229 below limit 10000000: '/acceptance/calendar/seed-b.ics'
[2026-10-05 17:07:46 +0800] [1133/Thread-6 (process_request_thread)] [DEBUG] Response header: suppressed by config/option [logging] response_header_on_debug
[2026-10-05 17:07:46 +0800] [1133/Thread-6 (process_request_thread)] [INFO] PUT response status for '/acceptance/calendar/seed-b.ics' in 0.002 seconds: 201 Created
[2026-10-05 17:07:46 +0800] [1133/Thread-7 (process_request_thread)] [INFO] PUT request for '/acceptance/calendar/seed-c.ics' received from 127.0.0.1 using 'Python-urllib/3.12'
[2026-10-05 17:07:46 +0800] [1133/Thread-7 (process_request_thread)] [DEBUG] Request header: suppressed by config/option [logging] request_header_on_debug
[2026-10-05 17:07:46 +0800] [1133/Thread-7 (process_request_thread)] [DEBUG] Sanitized path: '/acceptance/calendar/seed-c.ics'
[2026-10-05 17:07:46 +0800] [1133/Thread-7 (process_request_thread)] [INFO] Successful login: 'acceptance' (none)
[2026-10-05 17:07:46 +0800] [1133/Thread-7 (process_request_thread)] [DEBUG] logging of rules which doesn't match suppressed by config/option [logging] rights_rule_doesnt_match_on_debug
[2026-10-05 17:07:46 +0800] [1133/Thread-7 (process_request_thread)] [DEBUG] Rule 'acceptance':'acceptance/calendar/seed-c.ics' matches '.*':'.*' from section 'all' permission 'RrWw'
[2026-10-05 17:07:46 +0800] [1133/Thread-7 (process_request_thread)] [DEBUG] Request content: suppressed by config/option [logging] request_content_on_debug
[2026-10-05 17:07:46 +0800] [1133/Thread-7 (process_request_thread)] [DEBUG] logging of rules which doesn't match suppressed by config/option [logging] rights_rule_doesnt_match_on_debug
[2026-10-05 17:07:46 +0800] [1133/Thread-7 (process_request_thread)] [DEBUG] Rule 'acceptance':'acceptance/calendar' matches '.*':'.*' from section 'all' permission 'RrWw'
[2026-10-05 17:07:46 +0800] [1133/Thread-7 (process_request_thread)] [DEBUG] PUT request contains item with UID 'seed-c' size 229 below limit 10000000: '/acceptance/calendar/seed-c.ics'
[2026-10-05 17:07:46 +0800] [1133/Thread-7 (process_request_thread)] [DEBUG] Response header: suppressed by config/option [logging] response_header_on_debug
[2026-10-05 17:07:46 +0800] [1133/Thread-7 (process_request_thread)] [INFO] PUT response status for '/acceptance/calendar/seed-c.ics' in 0.002 seconds: 201 Created
[2026-10-05 17:08:02 +0800] [1133/Thread-8 (process_request_thread)] [INFO] PROPFIND request for '/acceptance/calendar/' with depth '0' received from 127.0.0.1 using 'Mozilla/5.0 (X11; Linux x86_64; rv:153.0) Gecko/20100101 Thunderbird/153.1.0'
[2026-10-05 17:08:02 +0800] [1133/Thread-8 (process_request_thread)] [DEBUG] Request header: suppressed by config/option [logging] request_header_on_debug
[2026-10-05 17:08:02 +0800] [1133/Thread-8 (process_request_thread)] [DEBUG] Sanitized path: '/acceptance/calendar/'
[2026-10-05 17:08:02 +0800] [1133/Thread-8 (process_request_thread)] [DEBUG] logging of rules which doesn't match suppressed by config/option [logging] rights_rule_doesnt_match_on_debug
[2026-10-05 17:08:02 +0800] [1133/Thread-8 (process_request_thread)] [DEBUG] Rule '':'acceptance/calendar' matches '.*':'.*' from section 'all' permission 'RrWw'
[2026-10-05 17:08:02 +0800] [1133/Thread-8 (process_request_thread)] [DEBUG] Request content (XML): suppressed by config/option [logging] request_content_on_debug
[2026-10-05 17:08:02 +0800] [1133/Thread-8 (process_request_thread)] [DEBUG] logging of rules which doesn't match suppressed by config/option [logging] rights_rule_doesnt_match_on_debug
[2026-10-05 17:08:02 +0800] [1133/Thread-8 (process_request_thread)] [DEBUG] Rule '':'acceptance/calendar' matches '.*':'.*' from section 'all' permission 'RrWw'
[2026-10-05 17:08:02 +0800] [1133/Thread-8 (process_request_thread)] [DEBUG] anonymous user has write access to collection with tag 'acceptance/calendar'
[2026-10-05 17:08:02 +0800] [1133/Thread-8 (process_request_thread)] [NOTICE] Access to '/acceptance/calendar/' denied for anonymous user
[2026-10-05 17:08:02 +0800] [1133/Thread-8 (process_request_thread)] [DEBUG] Asking client for authentication
[2026-10-05 17:08:02 +0800] [1133/Thread-8 (process_request_thread)] [DEBUG] Response content: suppressed by config/option [logging] response_content_on_debug
[2026-10-05 17:08:02 +0800] [1133/Thread-8 (process_request_thread)] [DEBUG] Response header: suppressed by config/option [logging] response_header_on_debug
[2026-10-05 17:08:02 +0800] [1133/Thread-8 (process_request_thread)] [DEBUG] Response random delay triggered by result code: 401 -> 0.951 seconds
[2026-10-05 17:08:03 +0800] [1133/Thread-8 (process_request_thread)] [NOTICE] PROPFIND response status for '/acceptance/calendar/' with depth '0' in 0.952 seconds gzip 61 bytes: 401 Unauthorized
[2026-10-05 17:08:03 +0800] [1133/Thread-9 (process_request_thread)] [INFO] PROPFIND request for '/acceptance/calendar/' with depth '0' received from 127.0.0.1 using 'Mozilla/5.0 (X11; Linux x86_64; rv:153.0) Gecko/20100101 Thunderbird/153.1.0'
[2026-10-05 17:08:03 +0800] [1133/Thread-9 (process_request_thread)] [DEBUG] Request header: suppressed by config/option [logging] request_header_on_debug
[2026-10-05 17:08:03 +0800] [1133/Thread-9 (process_request_thread)] [DEBUG] Sanitized path: '/acceptance/calendar/'
[2026-10-05 17:08:03 +0800] [1133/Thread-9 (process_request_thread)] [INFO] Successful login: 'acceptance' (none)
[2026-10-05 17:08:03 +0800] [1133/Thread-9 (process_request_thread)] [DEBUG] logging of rules which doesn't match suppressed by config/option [logging] rights_rule_doesnt_match_on_debug
[2026-10-05 17:08:03 +0800] [1133/Thread-9 (process_request_thread)] [DEBUG] Rule 'acceptance':'acceptance/calendar' matches '.*':'.*' from section 'all' permission 'RrWw'
[2026-10-05 17:08:03 +0800] [1133/Thread-9 (process_request_thread)] [DEBUG] Request content (XML): suppressed by config/option [logging] request_content_on_debug
[2026-10-05 17:08:03 +0800] [1133/Thread-9 (process_request_thread)] [DEBUG] logging of rules which doesn't match suppressed by config/option [logging] rights_rule_doesnt_match_on_debug
[2026-10-05 17:08:03 +0800] [1133/Thread-9 (process_request_thread)] [DEBUG] Rule 'acceptance':'acceptance/calendar' matches '.*':'.*' from section 'all' permission 'RrWw'
[2026-10-05 17:08:03 +0800] [1133/Thread-9 (process_request_thread)] [DEBUG] 'acceptance' has write access to collection with tag 'acceptance/calendar'
[2026-10-05 17:08:03 +0800] [1133/Thread-9 (process_request_thread)] [DEBUG] Response content (XML): suppressed by config/option [logging] response_content_on_debug
[2026-10-05 17:08:03 +0800] [1133/Thread-9 (process_request_thread)] [DEBUG] Response header: suppressed by config/option [logging] response_header_on_debug
[2026-10-05 17:08:03 +0800] [1133/Thread-9 (process_request_thread)] [INFO] PROPFIND response status for '/acceptance/calendar/' with depth '0' in 0.002 seconds gzip 514 bytes (getctag): 207 Multi-Status
[2026-10-05 17:08:03 +0800] [1133/Thread-10 (process_request_thread)] [INFO] OPTIONS request for '/acceptance/' received from 127.0.0.1 using 'Mozilla/5.0 (X11; Linux x86_64; rv:153.0) Gecko/20100101 Thunderbird/153.1.0'
[2026-10-05 17:08:03 +0800] [1133/Thread-10 (process_request_thread)] [DEBUG] Request header: suppressed by config/option [logging] request_header_on_debug
[2026-10-05 17:08:03 +0800] [1133/Thread-10 (process_request_thread)] [DEBUG] Sanitized path: '/acceptance/'
[2026-10-05 17:08:03 +0800] [1133/Thread-10 (process_request_thread)] [DEBUG] Response header: suppressed by config/option [logging] response_header_on_debug
[2026-10-05 17:08:03 +0800] [1133/Thread-10 (process_request_thread)] [INFO] OPTIONS response status for '/acceptance/' in 0.000 seconds: 200 OK
[2026-10-05 17:08:03 +0800] [1133/Thread-11 (process_request_thread)] [INFO] REPORT request for '/acceptance/calendar/' with depth '1' received from 127.0.0.1 using 'Mozilla/5.0 (X11; Linux x86_64; rv:153.0) Gecko/20100101 Thunderbird/153.1.0'
[2026-10-05 17:08:03 +0800] [1133/Thread-11 (process_request_thread)] [DEBUG] Request header: suppressed by config/option [logging] request_header_on_debug
[2026-10-05 17:08:03 +0800] [1133/Thread-11 (process_request_thread)] [DEBUG] Sanitized path: '/acceptance/calendar/'
[2026-10-05 17:08:03 +0800] [1133/Thread-11 (process_request_thread)] [INFO] Successful login: 'acceptance' (none)
[2026-10-05 17:08:03 +0800] [1133/Thread-11 (process_request_thread)] [DEBUG] logging of rules which doesn't match suppressed by config/option [logging] rights_rule_doesnt_match_on_debug
[2026-10-05 17:08:03 +0800] [1133/Thread-11 (process_request_thread)] [DEBUG] Rule 'acceptance':'acceptance/calendar' matches '.*':'.*' from section 'all' permission 'RrWw'
[2026-10-05 17:08:03 +0800] [1133/Thread-11 (process_request_thread)] [DEBUG] Request content (XML): suppressed by config/option [logging] request_content_on_debug
[2026-10-05 17:08:03 +0800] [1133/Thread-11 (process_request_thread)] [DEBUG] Client provided sync token: ''
[2026-10-05 17:08:03 +0800] [1133/Thread-11 (process_request_thread)] [DEBUG] Response content (XML): suppressed by config/option [logging] response_content_on_debug
[2026-10-05 17:08:03 +0800] [1133/Thread-11 (process_request_thread)] [DEBUG] Response header: suppressed by config/option [logging] response_header_on_debug
[2026-10-05 17:08:03 +0800] [1133/Thread-11 (process_request_thread)] [INFO] REPORT response status for '/acceptance/calendar/' with depth '1' in 0.002 seconds gzip 449 bytes (sync-token getetag sync-collection): 207 Multi-Status
[2026-10-05 17:08:03 +0800] [1133/Thread-12 (process_request_thread)] [INFO] REPORT request for '/acceptance/calendar/' with depth '1' received from 127.0.0.1 using 'Mozilla/5.0 (X11; Linux x86_64; rv:153.0) Gecko/20100101 Thunderbird/153.1.0'
[2026-10-05 17:08:03 +0800] [1133/Thread-12 (process_request_thread)] [DEBUG] Request header: suppressed by config/option [logging] request_header_on_debug
[2026-10-05 17:08:03 +0800] [1133/Thread-12 (process_request_thread)] [DEBUG] Sanitized path: '/acceptance/calendar/'
[2026-10-05 17:08:03 +0800] [1133/Thread-12 (process_request_thread)] [INFO] Successful login: 'acceptance' (none)
[2026-10-05 17:08:03 +0800] [1133/Thread-12 (process_request_thread)] [DEBUG] logging of rules which doesn't match suppressed by config/option [logging] rights_rule_doesnt_match_on_debug
[2026-10-05 17:08:03 +0800] [1133/Thread-12 (process_request_thread)] [DEBUG] Rule 'acceptance':'acceptance/calendar' matches '.*':'.*' from section 'all' permission 'RrWw'
[2026-10-05 17:08:03 +0800] [1133/Thread-12 (process_request_thread)] [DEBUG] Request content (XML): suppressed by config/option [logging] request_content_on_debug
[2026-10-05 17:08:03 +0800] [1133/Thread-12 (process_request_thread)] [DEBUG] Response content (XML): suppressed by config/option [logging] response_content_on_debug
[2026-10-05 17:08:03 +0800] [1133/Thread-12 (process_request_thread)] [DEBUG] Response header: suppressed by config/option [logging] response_header_on_debug
[2026-10-05 17:08:03 +0800] [1133/Thread-12 (process_request_thread)] [INFO] REPORT response status for '/acceptance/calendar/' with depth '1' in 0.002 seconds gzip 549 bytes (getetag): 207 Multi-Status
[2026-10-05 17:08:04 +0800] [1133/Thread-13 (process_request_thread)] [INFO] GET request for '/acceptance/calendar/seed-a.ics' received from 127.0.0.1 using 'Python-urllib/3.12'
[2026-10-05 17:08:04 +0800] [1133/Thread-13 (process_request_thread)] [DEBUG] Request header: suppressed by config/option [logging] request_header_on_debug
[2026-10-05 17:08:04 +0800] [1133/Thread-13 (process_request_thread)] [DEBUG] Sanitized path: '/acceptance/calendar/seed-a.ics'
[2026-10-05 17:08:04 +0800] [1133/Thread-13 (process_request_thread)] [INFO] Successful login: 'acceptance' (none)
[2026-10-05 17:08:04 +0800] [1133/Thread-13 (process_request_thread)] [DEBUG] logging of rules which doesn't match suppressed by config/option [logging] rights_rule_doesnt_match_on_debug
[2026-10-05 17:08:04 +0800] [1133/Thread-13 (process_request_thread)] [DEBUG] Rule 'acceptance':'acceptance/calendar/seed-a.ics' matches '.*':'.*' from section 'all' permission 'RrWw'
[2026-10-05 17:08:04 +0800] [1133/Thread-13 (process_request_thread)] [DEBUG] logging of rules which doesn't match suppressed by config/option [logging] rights_rule_doesnt_match_on_debug
[2026-10-05 17:08:04 +0800] [1133/Thread-13 (process_request_thread)] [DEBUG] Rule 'acceptance':'acceptance/calendar' matches '.*':'.*' from section 'all' permission 'RrWw'
[2026-10-05 17:08:04 +0800] [1133/Thread-13 (process_request_thread)] [DEBUG] Response content: suppressed by config/option [logging] response_content_on_debug
[2026-10-05 17:08:04 +0800] [1133/Thread-13 (process_request_thread)] [DEBUG] Response header: suppressed by config/option [logging] response_header_on_debug
[2026-10-05 17:08:04 +0800] [1133/Thread-13 (process_request_thread)] [INFO] GET response status for '/acceptance/calendar/seed-a.ics' in 0.001 seconds plain 229 bytes: 200 OK
[2026-10-05 17:08:04 +0800] [1133/Thread-14 (process_request_thread)] [INFO] GET request for '/acceptance/calendar/seed-b.ics' received from 127.0.0.1 using 'Python-urllib/3.12'
[2026-10-05 17:08:04 +0800] [1133/Thread-14 (process_request_thread)] [DEBUG] Request header: suppressed by config/option [logging] request_header_on_debug
[2026-10-05 17:08:04 +0800] [1133/Thread-14 (process_request_thread)] [DEBUG] Sanitized path: '/acceptance/calendar/seed-b.ics'
[2026-10-05 17:08:04 +0800] [1133/Thread-14 (process_request_thread)] [INFO] Successful login: 'acceptance' (none)
[2026-10-05 17:08:04 +0800] [1133/Thread-14 (process_request_thread)] [DEBUG] logging of rules which doesn't match suppressed by config/option [logging] rights_rule_doesnt_match_on_debug
[2026-10-05 17:08:04 +0800] [1133/Thread-14 (process_request_thread)] [DEBUG] Rule 'acceptance':'acceptance/calendar/seed-b.ics' matches '.*':'.*' from section 'all' permission 'RrWw'
[2026-10-05 17:08:04 +0800] [1133/Thread-14 (process_request_thread)] [DEBUG] logging of rules which doesn't match suppressed by config/option [logging] rights_rule_doesnt_match_on_debug
[2026-10-05 17:08:04 +0800] [1133/Thread-14 (process_request_thread)] [DEBUG] Rule 'acceptance':'acceptance/calendar' matches '.*':'.*' from section 'all' permission 'RrWw'
[2026-10-05 17:08:04 +0800] [1133/Thread-14 (process_request_thread)] [DEBUG] Response content: suppressed by config/option [logging] response_content_on_debug
[2026-10-05 17:08:04 +0800] [1133/Thread-14 (process_request_thread)] [DEBUG] Response header: suppressed by config/option [logging] response_header_on_debug
[2026-10-05 17:08:04 +0800] [1133/Thread-14 (process_request_thread)] [INFO] GET response status for '/acceptance/calendar/seed-b.ics' in 0.001 seconds plain 229 bytes: 200 OK
[2026-10-05 17:08:04 +0800] [1133/Thread-15 (process_request_thread)] [INFO] GET request for '/acceptance/calendar/seed-a.ics' received from 127.0.0.1 using 'Python-urllib/3.12'
[2026-10-05 17:08:04 +0800] [1133/Thread-15 (process_request_thread)] [DEBUG] Request header: suppressed by config/option [logging] request_header_on_debug
[2026-10-05 17:08:04 +0800] [1133/Thread-15 (process_request_thread)] [DEBUG] Sanitized path: '/acceptance/calendar/seed-a.ics'
[2026-10-05 17:08:04 +0800] [1133/Thread-15 (process_request_thread)] [INFO] Successful login: 'acceptance' (none)
[2026-10-05 17:08:04 +0800] [1133/Thread-15 (process_request_thread)] [DEBUG] logging of rules which doesn't match suppressed by config/option [logging] rights_rule_doesnt_match_on_debug
[2026-10-05 17:08:04 +0800] [1133/Thread-15 (process_request_thread)] [DEBUG] Rule 'acceptance':'acceptance/calendar/seed-a.ics' matches '.*':'.*' from section 'all' permission 'RrWw'
[2026-10-05 17:08:04 +0800] [1133/Thread-15 (process_request_thread)] [DEBUG] logging of rules which doesn't match suppressed by config/option [logging] rights_rule_doesnt_match_on_debug
[2026-10-05 17:08:04 +0800] [1133/Thread-15 (process_request_thread)] [DEBUG] Rule 'acceptance':'acceptance/calendar' matches '.*':'.*' from section 'all' permission 'RrWw'
[2026-10-05 17:08:04 +0800] [1133/Thread-15 (process_request_thread)] [DEBUG] Response content: suppressed by config/option [logging] response_content_on_debug
[2026-10-05 17:08:04 +0800] [1133/Thread-15 (process_request_thread)] [DEBUG] Response header: suppressed by config/option [logging] response_header_on_debug
[2026-10-05 17:08:04 +0800] [1133/Thread-15 (process_request_thread)] [INFO] GET response status for '/acceptance/calendar/seed-a.ics' in 0.001 seconds plain 229 bytes: 200 OK
[2026-10-05 17:08:04 +0800] [1133/Thread-16 (process_request_thread)] [INFO] GET request for '/acceptance/calendar/seed-b.ics' received from 127.0.0.1 using 'Python-urllib/3.12'
[2026-10-05 17:08:04 +0800] [1133/Thread-16 (process_request_thread)] [DEBUG] Request header: suppressed by config/option [logging] request_header_on_debug
[2026-10-05 17:08:04 +0800] [1133/Thread-16 (process_request_thread)] [DEBUG] Sanitized path: '/acceptance/calendar/seed-b.ics'
[2026-10-05 17:08:04 +0800] [1133/Thread-16 (process_request_thread)] [INFO] Successful login: 'acceptance' (none)
[2026-10-05 17:08:04 +0800] [1133/Thread-16 (process_request_thread)] [DEBUG] logging of rules which doesn't match suppressed by config/option [logging] rights_rule_doesnt_match_on_debug
[2026-10-05 17:08:04 +0800] [1133/Thread-16 (process_request_thread)] [DEBUG] Rule 'acceptance':'acceptance/calendar/seed-b.ics' matches '.*':'.*' from section 'all' permission 'RrWw'
[2026-10-05 17:08:04 +0800] [1133/Thread-16 (process_request_thread)] [DEBUG] logging of rules which doesn't match suppressed by config/option [logging] rights_rule_doesnt_match_on_debug
[2026-10-05 17:08:04 +0800] [1133/Thread-16 (process_request_thread)] [DEBUG] Rule 'acceptance':'acceptance/calendar' matches '.*':'.*' from section 'all' permission 'RrWw'
[2026-10-05 17:08:04 +0800] [1133/Thread-16 (process_request_thread)] [DEBUG] Response content: suppressed by config/option [logging] response_content_on_debug
[2026-10-05 17:08:04 +0800] [1133/Thread-16 (process_request_thread)] [DEBUG] Response header: suppressed by config/option [logging] response_header_on_debug
[2026-10-05 17:08:04 +0800] [1133/Thread-16 (process_request_thread)] [INFO] GET response status for '/acceptance/calendar/seed-b.ics' in 0.001 seconds plain 229 bytes: 200 OK
[2026-10-05 17:08:04 +0800] [1133/Thread-17 (process_request_thread)] [INFO] GET request for '/acceptance/calendar/seed-a.ics' received from 127.0.0.1 using 'Python-urllib/3.12'
[2026-10-05 17:08:04 +0800] [1133/Thread-17 (process_request_thread)] [DEBUG] Request header: suppressed by config/option [logging] request_header_on_debug
[2026-10-05 17:08:04 +0800] [1133/Thread-17 (process_request_thread)] [DEBUG] Sanitized path: '/acceptance/calendar/seed-a.ics'
[2026-10-05 17:08:04 +0800] [1133/Thread-17 (process_request_thread)] [INFO] Successful login: 'acceptance' (none)
[2026-10-05 17:08:04 +0800] [1133/Thread-17 (process_request_thread)] [DEBUG] logging of rules which doesn't match suppressed by config/option [logging] rights_rule_doesnt_match_on_debug
[2026-10-05 17:08:04 +0800] [1133/Thread-17 (process_request_thread)] [DEBUG] Rule 'acceptance':'acceptance/calendar/seed-a.ics' matches '.*':'.*' from section 'all' permission 'RrWw'
[2026-10-05 17:08:04 +0800] [1133/Thread-17 (process_request_thread)] [DEBUG] logging of rules which doesn't match suppressed by config/option [logging] rights_rule_doesnt_match_on_debug
[2026-10-05 17:08:04 +0800] [1133/Thread-17 (process_request_thread)] [DEBUG] Rule 'acceptance':'acceptance/calendar' matches '.*':'.*' from section 'all' permission 'RrWw'
[2026-10-05 17:08:04 +0800] [1133/Thread-17 (process_request_thread)] [DEBUG] Response content: suppressed by config/option [logging] response_content_on_debug
[2026-10-05 17:08:04 +0800] [1133/Thread-17 (process_request_thread)] [DEBUG] Response header: suppressed by config/option [logging] response_header_on_debug
[2026-10-05 17:08:04 +0800] [1133/Thread-17 (process_request_thread)] [INFO] GET response status for '/acceptance/calendar/seed-a.ics' in 0.001 seconds plain 229 bytes: 200 OK
[2026-10-05 17:08:04 +0800] [1133/Thread-18 (process_request_thread)] [INFO] GET request for '/acceptance/calendar/seed-b.ics' received from 127.0.0.1 using 'Python-urllib/3.12'
[2026-10-05 17:08:04 +0800] [1133/Thread-18 (process_request_thread)] [DEBUG] Request header: suppressed by config/option [logging] request_header_on_debug
[2026-10-05 17:08:04 +0800] [1133/Thread-18 (process_request_thread)] [DEBUG] Sanitized path: '/acceptance/calendar/seed-b.ics'
[2026-10-05 17:08:04 +0800] [1133/Thread-18 (process_request_thread)] [INFO] Successful login: 'acceptance' (none)
[2026-10-05 17:08:04 +0800] [1133/Thread-18 (process_request_thread)] [DEBUG] logging of rules which doesn't match suppressed by config/option [logging] rights_rule_doesnt_match_on_debug
[2026-10-05 17:08:04 +0800] [1133/Thread-18 (process_request_thread)] [DEBUG] Rule 'acceptance':'acceptance/calendar/seed-b.ics' matches '.*':'.*' from section 'all' permission 'RrWw'
[2026-10-05 17:08:04 +0800] [1133/Thread-18 (process_request_thread)] [DEBUG] logging of rules which doesn't match suppressed by config/option [logging] rights_rule_doesnt_match_on_debug
[2026-10-05 17:08:04 +0800] [1133/Thread-18 (process_request_thread)] [DEBUG] Rule 'acceptance':'acceptance/calendar' matches '.*':'.*' from section 'all' permission 'RrWw'
[2026-10-05 17:08:04 +0800] [1133/Thread-18 (process_request_thread)] [DEBUG] Response content: suppressed by config/option [logging] response_content_on_debug
[2026-10-05 17:08:04 +0800] [1133/Thread-18 (process_request_thread)] [DEBUG] Response header: suppressed by config/option [logging] response_header_on_debug
[2026-10-05 17:08:04 +0800] [1133/Thread-18 (process_request_thread)] [INFO] GET response status for '/acceptance/calendar/seed-b.ics' in 0.001 seconds plain 229 bytes: 200 OK
[2026-10-05 17:08:04 +0800] [1133/Thread-19 (process_request_thread)] [INFO] GET request for '/acceptance/calendar/seed-a.ics' received from 127.0.0.1 using 'Python-urllib/3.12'
[2026-10-05 17:08:04 +0800] [1133/Thread-19 (process_request_thread)] [DEBUG] Request header: suppressed by config/option [logging] request_header_on_debug
[2026-10-05 17:08:04 +0800] [1133/Thread-19 (process_request_thread)] [DEBUG] Sanitized path: '/acceptance/calendar/seed-a.ics'
[2026-10-05 17:08:04 +0800] [1133/Thread-19 (process_request_thread)] [INFO] Successful login: 'acceptance' (none)
[2026-10-05 17:08:04 +0800] [1133/Thread-19 (process_request_thread)] [DEBUG] logging of rules which doesn't match suppressed by config/option [logging] rights_rule_doesnt_match_on_debug
[2026-10-05 17:08:04 +0800] [1133/Thread-19 (process_request_thread)] [DEBUG] Rule 'acceptance':'acceptance/calendar/seed-a.ics' matches '.*':'.*' from section 'all' permission 'RrWw'
[2026-10-05 17:08:04 +0800] [1133/Thread-19 (process_request_thread)] [DEBUG] logging of rules which doesn't match suppressed by config/option [logging] rights_rule_doesnt_match_on_debug
[2026-10-05 17:08:04 +0800] [1133/Thread-19 (process_request_thread)] [DEBUG] Rule 'acceptance':'acceptance/calendar' matches '.*':'.*' from section 'all' permission 'RrWw'
[2026-10-05 17:08:04 +0800] [1133/Thread-19 (process_request_thread)] [DEBUG] Response content: suppressed by config/option [logging] response_content_on_debug
[2026-10-05 17:08:04 +0800] [1133/Thread-19 (process_request_thread)] [DEBUG] Response header: suppressed by config/option [logging] response_header_on_debug
[2026-10-05 17:08:04 +0800] [1133/Thread-19 (process_request_thread)] [INFO] GET response status for '/acceptance/calendar/seed-a.ics' in 0.001 seconds plain 229 bytes: 200 OK
[2026-10-05 17:08:04 +0800] [1133/Thread-20 (process_request_thread)] [INFO] PUT request for '/acceptance/calendar/seed-a.ics' received from 127.0.0.1 using 'Python-urllib/3.12'
[2026-10-05 17:08:04 +0800] [1133/Thread-20 (process_request_thread)] [DEBUG] Request header: suppressed by config/option [logging] request_header_on_debug
[2026-10-05 17:08:04 +0800] [1133/Thread-20 (process_request_thread)] [DEBUG] Sanitized path: '/acceptance/calendar/seed-a.ics'
[2026-10-05 17:08:04 +0800] [1133/Thread-20 (process_request_thread)] [INFO] Successful login: 'acceptance' (none)
[2026-10-05 17:08:04 +0800] [1133/Thread-20 (process_request_thread)] [DEBUG] logging of rules which doesn't match suppressed by config/option [logging] rights_rule_doesnt_match_on_debug
[2026-10-05 17:08:04 +0800] [1133/Thread-20 (process_request_thread)] [DEBUG] Rule 'acceptance':'acceptance/calendar/seed-a.ics' matches '.*':'.*' from section 'all' permission 'RrWw'
[2026-10-05 17:08:04 +0800] [1133/Thread-20 (process_request_thread)] [DEBUG] Request content: suppressed by config/option [logging] request_content_on_debug
[2026-10-05 17:08:04 +0800] [1133/Thread-20 (process_request_thread)] [DEBUG] logging of rules which doesn't match suppressed by config/option [logging] rights_rule_doesnt_match_on_debug
[2026-10-05 17:08:04 +0800] [1133/Thread-20 (process_request_thread)] [DEBUG] Rule 'acceptance':'acceptance/calendar' matches '.*':'.*' from section 'all' permission 'RrWw'
[2026-10-05 17:08:04 +0800] [1133/Thread-20 (process_request_thread)] [DEBUG] PUT request contains item with UID 'seed-a' size 229 below limit 10000000: '/acceptance/calendar/seed-a.ics'
[2026-10-05 17:08:04 +0800] [1133/Thread-20 (process_request_thread)] [DEBUG] PUT request updated existing item '/acceptance/calendar/seed-a.ics'
[2026-10-05 17:08:04 +0800] [1133/Thread-20 (process_request_thread)] [DEBUG] Response header: suppressed by config/option [logging] response_header_on_debug
[2026-10-05 17:08:04 +0800] [1133/Thread-20 (process_request_thread)] [INFO] PUT response status for '/acceptance/calendar/seed-a.ics' in 0.003 seconds: 204 No Content
[2026-10-05 17:08:04 +0800] [1133/Thread-21 (process_request_thread)] [INFO] REPORT request for '/acceptance/calendar/' with depth '1' received from 127.0.0.1 using 'Mozilla/5.0 (X11; Linux x86_64; rv:153.0) Gecko/20100101 Thunderbird/153.1.0'
[2026-10-05 17:08:04 +0800] [1133/Thread-21 (process_request_thread)] [DEBUG] Request header: suppressed by config/option [logging] request_header_on_debug
[2026-10-05 17:08:04 +0800] [1133/Thread-21 (process_request_thread)] [DEBUG] Sanitized path: '/acceptance/calendar/'
[2026-10-05 17:08:04 +0800] [1133/Thread-21 (process_request_thread)] [INFO] Successful login: 'acceptance' (none)
[2026-10-05 17:08:04 +0800] [1133/Thread-21 (process_request_thread)] [DEBUG] logging of rules which doesn't match suppressed by config/option [logging] rights_rule_doesnt_match_on_debug
[2026-10-05 17:08:04 +0800] [1133/Thread-21 (process_request_thread)] [DEBUG] Rule 'acceptance':'acceptance/calendar' matches '.*':'.*' from section 'all' permission 'RrWw'
[2026-10-05 17:08:04 +0800] [1133/Thread-21 (process_request_thread)] [DEBUG] Request content (XML): suppressed by config/option [logging] request_content_on_debug
[2026-10-05 17:08:04 +0800] [1133/Thread-21 (process_request_thread)] [DEBUG] Response content (XML): suppressed by config/option [logging] response_content_on_debug
[2026-10-05 17:08:04 +0800] [1133/Thread-21 (process_request_thread)] [DEBUG] Response header: suppressed by config/option [logging] response_header_on_debug
[2026-10-05 17:08:04 +0800] [1133/Thread-21 (process_request_thread)] [INFO] REPORT response status for '/acceptance/calendar/' with depth '1' in 0.002 seconds gzip 426 bytes (getetag): 207 Multi-Status
[2026-10-05 17:08:04 +0800] [1133/Thread-22 (process_request_thread)] [INFO] REPORT request for '/acceptance/calendar/' with depth '1' received from 127.0.0.1 using 'Mozilla/5.0 (X11; Linux x86_64; rv:153.0) Gecko/20100101 Thunderbird/153.1.0'
[2026-10-05 17:08:04 +0800] [1133/Thread-22 (process_request_thread)] [DEBUG] Request header: suppressed by config/option [logging] request_header_on_debug
[2026-10-05 17:08:04 +0800] [1133/Thread-22 (process_request_thread)] [DEBUG] Sanitized path: '/acceptance/calendar/'
[2026-10-05 17:08:04 +0800] [1133/Thread-22 (process_request_thread)] [INFO] Successful login: 'acceptance' (none)
[2026-10-05 17:08:04 +0800] [1133/Thread-22 (process_request_thread)] [DEBUG] logging of rules which doesn't match suppressed by config/option [logging] rights_rule_doesnt_match_on_debug
[2026-10-05 17:08:04 +0800] [1133/Thread-22 (process_request_thread)] [DEBUG] Rule 'acceptance':'acceptance/calendar' matches '.*':'.*' from section 'all' permission 'RrWw'
[2026-10-05 17:08:04 +0800] [1133/Thread-22 (process_request_thread)] [DEBUG] Request content (XML): suppressed by config/option [logging] request_content_on_debug
[2026-10-05 17:08:04 +0800] [1133/Thread-22 (process_request_thread)] [DEBUG] Client provided sync token: 'http://radicale.org/ns/sync/085eeb69b5a8f08a25d554b32ea2d9c334c47f7598525084f7613bf530a4a1bc'
[2026-10-05 17:08:04 +0800] [1133/Thread-22 (process_request_thread)] [DEBUG] Response content (XML): suppressed by config/option [logging] response_content_on_debug
[2026-10-05 17:08:04 +0800] [1133/Thread-22 (process_request_thread)] [DEBUG] Response header: suppressed by config/option [logging] response_header_on_debug
[2026-10-05 17:08:04 +0800] [1133/Thread-22 (process_request_thread)] [INFO] REPORT response status for '/acceptance/calendar/' with depth '1' in 0.002 seconds gzip 346 bytes (getetag sync-collection): 207 Multi-Status
[2026-10-05 17:08:04 +0800] [1133/Thread-23 (process_request_thread)] [INFO] PUT request for '/acceptance/calendar/seed-a.ics' received from 127.0.0.1 using 'Mozilla/5.0 (X11; Linux x86_64; rv:153.0) Gecko/20100101 Thunderbird/153.1.0'
[2026-10-05 17:08:04 +0800] [1133/Thread-23 (process_request_thread)] [DEBUG] Request header: suppressed by config/option [logging] request_header_on_debug
[2026-10-05 17:08:04 +0800] [1133/Thread-23 (process_request_thread)] [DEBUG] Sanitized path: '/acceptance/calendar/seed-a.ics'
[2026-10-05 17:08:04 +0800] [1133/Thread-23 (process_request_thread)] [INFO] Successful login: 'acceptance' (none)
[2026-10-05 17:08:04 +0800] [1133/Thread-23 (process_request_thread)] [DEBUG] logging of rules which doesn't match suppressed by config/option [logging] rights_rule_doesnt_match_on_debug
[2026-10-05 17:08:04 +0800] [1133/Thread-23 (process_request_thread)] [DEBUG] Rule 'acceptance':'acceptance/calendar/seed-a.ics' matches '.*':'.*' from section 'all' permission 'RrWw'
[2026-10-05 17:08:04 +0800] [1133/Thread-23 (process_request_thread)] [DEBUG] Request content: suppressed by config/option [logging] request_content_on_debug
[2026-10-05 17:08:04 +0800] [1133/Thread-23 (process_request_thread)] [DEBUG] logging of rules which doesn't match suppressed by config/option [logging] rights_rule_doesnt_match_on_debug
[2026-10-05 17:08:04 +0800] [1133/Thread-23 (process_request_thread)] [DEBUG] Rule 'acceptance':'acceptance/calendar' matches '.*':'.*' from section 'all' permission 'RrWw'
[2026-10-05 17:08:04 +0800] [1133/Thread-23 (process_request_thread)] [DEBUG] Precondition passed on PUT request for '/acceptance/calendar/seed-a.ics' (HTTP_IF_MATCH: "ea68bd56534d79bf65c5abcd1f54f2c4d3540e9975f3368ce98715b971900ad5", item has etag: "ea68bd56534d79bf65c5abcd1f54f2c4d3540e9975f3368ce98715b971900ad5")
[2026-10-05 17:08:04 +0800] [1133/Thread-23 (process_request_thread)] [DEBUG] PUT request contains item with UID 'seed-a' size 568 below limit 10000000: '/acceptance/calendar/seed-a.ics'
[2026-10-05 17:08:04 +0800] [1133/Thread-23 (process_request_thread)] [DEBUG] PUT request updated existing item '/acceptance/calendar/seed-a.ics'
[2026-10-05 17:08:04 +0800] [1133/Thread-23 (process_request_thread)] [DEBUG] Response header: suppressed by config/option [logging] response_header_on_debug
[2026-10-05 17:08:04 +0800] [1133/Thread-23 (process_request_thread)] [INFO] PUT response status for '/acceptance/calendar/seed-a.ics' in 0.003 seconds: 204 No Content
[2026-10-05 17:08:04 +0800] [1133/Thread-24 (process_request_thread)] [INFO] REPORT request for '/acceptance/calendar/' with depth '1' received from 127.0.0.1 using 'Mozilla/5.0 (X11; Linux x86_64; rv:153.0) Gecko/20100101 Thunderbird/153.1.0'
[2026-10-05 17:08:04 +0800] [1133/Thread-24 (process_request_thread)] [DEBUG] Request header: suppressed by config/option [logging] request_header_on_debug
[2026-10-05 17:08:04 +0800] [1133/Thread-24 (process_request_thread)] [DEBUG] Sanitized path: '/acceptance/calendar/'
[2026-10-05 17:08:04 +0800] [1133/Thread-24 (process_request_thread)] [INFO] Successful login: 'acceptance' (none)
[2026-10-05 17:08:04 +0800] [1133/Thread-24 (process_request_thread)] [DEBUG] logging of rules which doesn't match suppressed by config/option [logging] rights_rule_doesnt_match_on_debug
[2026-10-05 17:08:04 +0800] [1133/Thread-24 (process_request_thread)] [DEBUG] Rule 'acceptance':'acceptance/calendar' matches '.*':'.*' from section 'all' permission 'RrWw'
[2026-10-05 17:08:04 +0800] [1133/Thread-24 (process_request_thread)] [DEBUG] Request content (XML): suppressed by config/option [logging] request_content_on_debug
[2026-10-05 17:08:04 +0800] [1133/Thread-24 (process_request_thread)] [DEBUG] Response content (XML): suppressed by config/option [logging] response_content_on_debug
[2026-10-05 17:08:04 +0800] [1133/Thread-24 (process_request_thread)] [DEBUG] Response header: suppressed by config/option [logging] response_header_on_debug
[2026-10-05 17:08:04 +0800] [1133/Thread-24 (process_request_thread)] [INFO] REPORT response status for '/acceptance/calendar/' with depth '1' in 0.001 seconds gzip 639 bytes (getetag): 207 Multi-Status
[2026-10-05 17:08:04 +0800] [1133/Thread-25 (process_request_thread)] [INFO] REPORT request for '/acceptance/calendar/' with depth '1' received from 127.0.0.1 using 'Mozilla/5.0 (X11; Linux x86_64; rv:153.0) Gecko/20100101 Thunderbird/153.1.0'
[2026-10-05 17:08:04 +0800] [1133/Thread-25 (process_request_thread)] [DEBUG] Request header: suppressed by config/option [logging] request_header_on_debug
[2026-10-05 17:08:04 +0800] [1133/Thread-25 (process_request_thread)] [DEBUG] Sanitized path: '/acceptance/calendar/'
[2026-10-05 17:08:04 +0800] [1133/Thread-25 (process_request_thread)] [INFO] Successful login: 'acceptance' (none)
[2026-10-05 17:08:04 +0800] [1133/Thread-25 (process_request_thread)] [DEBUG] logging of rules which doesn't match suppressed by config/option [logging] rights_rule_doesnt_match_on_debug
[2026-10-05 17:08:04 +0800] [1133/Thread-25 (process_request_thread)] [DEBUG] Rule 'acceptance':'acceptance/calendar' matches '.*':'.*' from section 'all' permission 'RrWw'
[2026-10-05 17:08:04 +0800] [1133/Thread-25 (process_request_thread)] [DEBUG] Request content (XML): suppressed by config/option [logging] request_content_on_debug
[2026-10-05 17:08:04 +0800] [1133/Thread-25 (process_request_thread)] [DEBUG] Client provided sync token: 'http://radicale.org/ns/sync/01410ba98101f801c21e9ca63799ecadc1c4ced2e69cca96dbca9bf84c561a05'
[2026-10-05 17:08:04 +0800] [1133/Thread-26 (process_request_thread)] [INFO] REPORT request for '/acceptance/calendar/' with depth '1' received from 127.0.0.1 using 'Mozilla/5.0 (X11; Linux x86_64; rv:153.0) Gecko/20100101 Thunderbird/153.1.0'
[2026-10-05 17:08:04 +0800] [1133/Thread-26 (process_request_thread)] [DEBUG] Request header: suppressed by config/option [logging] request_header_on_debug
[2026-10-05 17:08:04 +0800] [1133/Thread-26 (process_request_thread)] [DEBUG] Sanitized path: '/acceptance/calendar/'
[2026-10-05 17:08:04 +0800] [1133/Thread-26 (process_request_thread)] [INFO] Successful login: 'acceptance' (none)
[2026-10-05 17:08:04 +0800] [1133/Thread-26 (process_request_thread)] [DEBUG] logging of rules which doesn't match suppressed by config/option [logging] rights_rule_doesnt_match_on_debug
[2026-10-05 17:08:04 +0800] [1133/Thread-26 (process_request_thread)] [DEBUG] Rule 'acceptance':'acceptance/calendar' matches '.*':'.*' from section 'all' permission 'RrWw'
[2026-10-05 17:08:04 +0800] [1133/Thread-26 (process_request_thread)] [DEBUG] Request content (XML): suppressed by config/option [logging] request_content_on_debug
[2026-10-05 17:08:04 +0800] [1133/Thread-25 (process_request_thread)] [DEBUG] Response content (XML): suppressed by config/option [logging] response_content_on_debug
[2026-10-05 17:08:04 +0800] [1133/Thread-25 (process_request_thread)] [DEBUG] Response header: suppressed by config/option [logging] response_header_on_debug
[2026-10-05 17:08:04 +0800] [1133/Thread-25 (process_request_thread)] [INFO] REPORT response status for '/acceptance/calendar/' with depth '1' in 0.003 seconds gzip 348 bytes (getetag sync-collection): 207 Multi-Status
[2026-10-05 17:08:04 +0800] [1133/Thread-26 (process_request_thread)] [DEBUG] Response content (XML): suppressed by config/option [logging] response_content_on_debug
[2026-10-05 17:08:04 +0800] [1133/Thread-26 (process_request_thread)] [DEBUG] Response header: suppressed by config/option [logging] response_header_on_debug
[2026-10-05 17:08:04 +0800] [1133/Thread-26 (process_request_thread)] [INFO] REPORT response status for '/acceptance/calendar/' with depth '1' in 0.003 seconds gzip 639 bytes (getetag): 207 Multi-Status
[2026-10-05 17:08:04 +0800] [1133/Thread-27 (process_request_thread)] [INFO] REPORT request for '/acceptance/calendar/' with depth '1' received from 127.0.0.1 using 'Mozilla/5.0 (X11; Linux x86_64; rv:153.0) Gecko/20100101 Thunderbird/153.1.0'
[2026-10-05 17:08:04 +0800] [1133/Thread-27 (process_request_thread)] [DEBUG] Request header: suppressed by config/option [logging] request_header_on_debug
[2026-10-05 17:08:04 +0800] [1133/Thread-27 (process_request_thread)] [DEBUG] Sanitized path: '/acceptance/calendar/'
[2026-10-05 17:08:04 +0800] [1133/Thread-27 (process_request_thread)] [INFO] Successful login: 'acceptance' (none)
[2026-10-05 17:08:04 +0800] [1133/Thread-27 (process_request_thread)] [DEBUG] logging of rules which doesn't match suppressed by config/option [logging] rights_rule_doesnt_match_on_debug
[2026-10-05 17:08:04 +0800] [1133/Thread-27 (process_request_thread)] [DEBUG] Rule 'acceptance':'acceptance/calendar' matches '.*':'.*' from section 'all' permission 'RrWw'
[2026-10-05 17:08:04 +0800] [1133/Thread-27 (process_request_thread)] [DEBUG] Request content (XML): suppressed by config/option [logging] request_content_on_debug
[2026-10-05 17:08:04 +0800] [1133/Thread-27 (process_request_thread)] [DEBUG] Client provided sync token: 'http://radicale.org/ns/sync/57ece46888083083f56e67e70fd248b9d0e750b5a436b78ae5ab031e62419c49'
[2026-10-05 17:08:04 +0800] [1133/Thread-27 (process_request_thread)] [DEBUG] Response content (XML): suppressed by config/option [logging] response_content_on_debug
[2026-10-05 17:08:04 +0800] [1133/Thread-27 (process_request_thread)] [DEBUG] Response header: suppressed by config/option [logging] response_header_on_debug
[2026-10-05 17:08:04 +0800] [1133/Thread-27 (process_request_thread)] [INFO] REPORT response status for '/acceptance/calendar/' with depth '1' in 0.002 seconds gzip 177 bytes (getetag sync-collection): 207 Multi-Status
[2026-10-05 17:08:04 +0800] [1133/Thread-28 (process_request_thread)] [INFO] GET request for '/acceptance/calendar/seed-a.ics' received from 127.0.0.1 using 'Python-urllib/3.12'
[2026-10-05 17:08:04 +0800] [1133/Thread-28 (process_request_thread)] [DEBUG] Request header: suppressed by config/option [logging] request_header_on_debug
[2026-10-05 17:08:04 +0800] [1133/Thread-28 (process_request_thread)] [DEBUG] Sanitized path: '/acceptance/calendar/seed-a.ics'
[2026-10-05 17:08:04 +0800] [1133/Thread-28 (process_request_thread)] [INFO] Successful login: 'acceptance' (none)
[2026-10-05 17:08:04 +0800] [1133/Thread-28 (process_request_thread)] [DEBUG] logging of rules which doesn't match suppressed by config/option [logging] rights_rule_doesnt_match_on_debug
[2026-10-05 17:08:04 +0800] [1133/Thread-28 (process_request_thread)] [DEBUG] Rule 'acceptance':'acceptance/calendar/seed-a.ics' matches '.*':'.*' from section 'all' permission 'RrWw'
[2026-10-05 17:08:04 +0800] [1133/Thread-28 (process_request_thread)] [DEBUG] logging of rules which doesn't match suppressed by config/option [logging] rights_rule_doesnt_match_on_debug
[2026-10-05 17:08:04 +0800] [1133/Thread-28 (process_request_thread)] [DEBUG] Rule 'acceptance':'acceptance/calendar' matches '.*':'.*' from section 'all' permission 'RrWw'
[2026-10-05 17:08:04 +0800] [1133/Thread-28 (process_request_thread)] [DEBUG] Response content: suppressed by config/option [logging] response_content_on_debug
[2026-10-05 17:08:04 +0800] [1133/Thread-28 (process_request_thread)] [DEBUG] Response header: suppressed by config/option [logging] response_header_on_debug
[2026-10-05 17:08:04 +0800] [1133/Thread-28 (process_request_thread)] [INFO] GET response status for '/acceptance/calendar/seed-a.ics' in 0.001 seconds plain 568 bytes: 200 OK
[2026-10-05 17:08:04 +0800] [1133/Thread-29 (process_request_thread)] [INFO] REPORT request for '/acceptance/calendar/' with depth '1' received from 127.0.0.1 using 'Mozilla/5.0 (X11; Linux x86_64; rv:153.0) Gecko/20100101 Thunderbird/153.1.0'
[2026-10-05 17:08:04 +0800] [1133/Thread-29 (process_request_thread)] [DEBUG] Request header: suppressed by config/option [logging] request_header_on_debug
[2026-10-05 17:08:04 +0800] [1133/Thread-29 (process_request_thread)] [DEBUG] Sanitized path: '/acceptance/calendar/'
[2026-10-05 17:08:04 +0800] [1133/Thread-29 (process_request_thread)] [INFO] Successful login: 'acceptance' (none)
[2026-10-05 17:08:04 +0800] [1133/Thread-29 (process_request_thread)] [DEBUG] logging of rules which doesn't match suppressed by config/option [logging] rights_rule_doesnt_match_on_debug
[2026-10-05 17:08:04 +0800] [1133/Thread-29 (process_request_thread)] [DEBUG] Rule 'acceptance':'acceptance/calendar' matches '.*':'.*' from section 'all' permission 'RrWw'
[2026-10-05 17:08:04 +0800] [1133/Thread-29 (process_request_thread)] [DEBUG] Request content (XML): suppressed by config/option [logging] request_content_on_debug
[2026-10-05 17:08:04 +0800] [1133/Thread-29 (process_request_thread)] [DEBUG] Response content (XML): suppressed by config/option [logging] response_content_on_debug
[2026-10-05 17:08:04 +0800] [1133/Thread-29 (process_request_thread)] [DEBUG] Response header: suppressed by config/option [logging] response_header_on_debug
[2026-10-05 17:08:04 +0800] [1133/Thread-29 (process_request_thread)] [INFO] REPORT response status for '/acceptance/calendar/' with depth '1' in 0.002 seconds gzip 639 bytes (getetag): 207 Multi-Status
[2026-10-05 17:08:04 +0800] [1133/Thread-30 (process_request_thread)] [INFO] REPORT request for '/acceptance/calendar/' with depth '1' received from 127.0.0.1 using 'Mozilla/5.0 (X11; Linux x86_64; rv:153.0) Gecko/20100101 Thunderbird/153.1.0'
[2026-10-05 17:08:04 +0800] [1133/Thread-30 (process_request_thread)] [DEBUG] Request header: suppressed by config/option [logging] request_header_on_debug
[2026-10-05 17:08:04 +0800] [1133/Thread-30 (process_request_thread)] [DEBUG] Sanitized path: '/acceptance/calendar/'
[2026-10-05 17:08:04 +0800] [1133/Thread-30 (process_request_thread)] [INFO] Successful login: 'acceptance' (none)
[2026-10-05 17:08:04 +0800] [1133/Thread-30 (process_request_thread)] [DEBUG] logging of rules which doesn't match suppressed by config/option [logging] rights_rule_doesnt_match_on_debug
[2026-10-05 17:08:04 +0800] [1133/Thread-30 (process_request_thread)] [DEBUG] Rule 'acceptance':'acceptance/calendar' matches '.*':'.*' from section 'all' permission 'RrWw'
[2026-10-05 17:08:04 +0800] [1133/Thread-30 (process_request_thread)] [DEBUG] Request content (XML): suppressed by config/option [logging] request_content_on_debug
[2026-10-05 17:08:04 +0800] [1133/Thread-30 (process_request_thread)] [DEBUG] Client provided sync token: 'http://radicale.org/ns/sync/57ece46888083083f56e67e70fd248b9d0e750b5a436b78ae5ab031e62419c49'
[2026-10-05 17:08:04 +0800] [1133/Thread-30 (process_request_thread)] [DEBUG] Response content (XML): suppressed by config/option [logging] response_content_on_debug
[2026-10-05 17:08:04 +0800] [1133/Thread-30 (process_request_thread)] [DEBUG] Response header: suppressed by config/option [logging] response_header_on_debug
[2026-10-05 17:08:04 +0800] [1133/Thread-30 (process_request_thread)] [INFO] REPORT response status for '/acceptance/calendar/' with depth '1' in 0.001 seconds gzip 177 bytes (getetag sync-collection): 207 Multi-Status
[2026-10-05 17:08:04 +0800] [1133/Thread-31 (process_request_thread)] [INFO] PUT request for '/acceptance/calendar/seed-a.ics' received from 127.0.0.1 using 'Mozilla/5.0 (X11; Linux x86_64; rv:153.0) Gecko/20100101 Thunderbird/153.1.0'
[2026-10-05 17:08:04 +0800] [1133/Thread-31 (process_request_thread)] [DEBUG] Request header: suppressed by config/option [logging] request_header_on_debug
[2026-10-05 17:08:04 +0800] [1133/Thread-31 (process_request_thread)] [DEBUG] Sanitized path: '/acceptance/calendar/seed-a.ics'
[2026-10-05 17:08:04 +0800] [1133/Thread-31 (process_request_thread)] [INFO] Successful login: 'acceptance' (none)
[2026-10-05 17:08:04 +0800] [1133/Thread-31 (process_request_thread)] [DEBUG] logging of rules which doesn't match suppressed by config/option [logging] rights_rule_doesnt_match_on_debug
[2026-10-05 17:08:04 +0800] [1133/Thread-31 (process_request_thread)] [DEBUG] Rule 'acceptance':'acceptance/calendar/seed-a.ics' matches '.*':'.*' from section 'all' permission 'RrWw'
[2026-10-05 17:08:04 +0800] [1133/Thread-31 (process_request_thread)] [DEBUG] Request content: suppressed by config/option [logging] request_content_on_debug
[2026-10-05 17:08:04 +0800] [1133/Thread-31 (process_request_thread)] [DEBUG] logging of rules which doesn't match suppressed by config/option [logging] rights_rule_doesnt_match_on_debug
[2026-10-05 17:08:04 +0800] [1133/Thread-31 (process_request_thread)] [DEBUG] Rule 'acceptance':'acceptance/calendar' matches '.*':'.*' from section 'all' permission 'RrWw'
[2026-10-05 17:08:04 +0800] [1133/Thread-31 (process_request_thread)] [DEBUG] Precondition passed on PUT request for '/acceptance/calendar/seed-a.ics' (HTTP_IF_MATCH: "a973536cae509b9c320a126f10617b05215b79e2870cb1362012ecbc55dbdcd3", item has etag: "a973536cae509b9c320a126f10617b05215b79e2870cb1362012ecbc55dbdcd3")
[2026-10-05 17:08:04 +0800] [1133/Thread-31 (process_request_thread)] [DEBUG] PUT request contains item with UID 'seed-a' size 597 below limit 10000000: '/acceptance/calendar/seed-a.ics'
[2026-10-05 17:08:04 +0800] [1133/Thread-31 (process_request_thread)] [DEBUG] PUT request updated existing item '/acceptance/calendar/seed-a.ics'
[2026-10-05 17:08:04 +0800] [1133/Thread-31 (process_request_thread)] [DEBUG] Response header: suppressed by config/option [logging] response_header_on_debug
[2026-10-05 17:08:04 +0800] [1133/Thread-31 (process_request_thread)] [INFO] PUT response status for '/acceptance/calendar/seed-a.ics' in 0.002 seconds: 204 No Content
[2026-10-05 17:08:04 +0800] [1133/Thread-32 (process_request_thread)] [INFO] REPORT request for '/acceptance/calendar/' with depth '1' received from 127.0.0.1 using 'Mozilla/5.0 (X11; Linux x86_64; rv:153.0) Gecko/20100101 Thunderbird/153.1.0'
[2026-10-05 17:08:04 +0800] [1133/Thread-32 (process_request_thread)] [DEBUG] Request header: suppressed by config/option [logging] request_header_on_debug
[2026-10-05 17:08:04 +0800] [1133/Thread-32 (process_request_thread)] [DEBUG] Sanitized path: '/acceptance/calendar/'
[2026-10-05 17:08:04 +0800] [1133/Thread-32 (process_request_thread)] [INFO] Successful login: 'acceptance' (none)
[2026-10-05 17:08:04 +0800] [1133/Thread-32 (process_request_thread)] [DEBUG] logging of rules which doesn't match suppressed by config/option [logging] rights_rule_doesnt_match_on_debug
[2026-10-05 17:08:04 +0800] [1133/Thread-32 (process_request_thread)] [DEBUG] Rule 'acceptance':'acceptance/calendar' matches '.*':'.*' from section 'all' permission 'RrWw'
[2026-10-05 17:08:04 +0800] [1133/Thread-32 (process_request_thread)] [DEBUG] Request content (XML): suppressed by config/option [logging] request_content_on_debug
[2026-10-05 17:08:04 +0800] [1133/Thread-32 (process_request_thread)] [DEBUG] Response content (XML): suppressed by config/option [logging] response_content_on_debug
[2026-10-05 17:08:04 +0800] [1133/Thread-32 (process_request_thread)] [DEBUG] Response header: suppressed by config/option [logging] response_header_on_debug
[2026-10-05 17:08:04 +0800] [1133/Thread-32 (process_request_thread)] [INFO] REPORT response status for '/acceptance/calendar/' with depth '1' in 0.002 seconds gzip 640 bytes (getetag): 207 Multi-Status
[2026-10-05 17:08:04 +0800] [1133/Thread-33 (process_request_thread)] [INFO] REPORT request for '/acceptance/calendar/' with depth '1' received from 127.0.0.1 using 'Mozilla/5.0 (X11; Linux x86_64; rv:153.0) Gecko/20100101 Thunderbird/153.1.0'
[2026-10-05 17:08:04 +0800] [1133/Thread-33 (process_request_thread)] [DEBUG] Request header: suppressed by config/option [logging] request_header_on_debug
[2026-10-05 17:08:04 +0800] [1133/Thread-33 (process_request_thread)] [DEBUG] Sanitized path: '/acceptance/calendar/'
[2026-10-05 17:08:04 +0800] [1133/Thread-33 (process_request_thread)] [INFO] Successful login: 'acceptance' (none)
[2026-10-05 17:08:04 +0800] [1133/Thread-34 (process_request_thread)] [INFO] REPORT request for '/acceptance/calendar/' with depth '1' received from 127.0.0.1 using 'Mozilla/5.0 (X11; Linux x86_64; rv:153.0) Gecko/20100101 Thunderbird/153.1.0'
[2026-10-05 17:08:04 +0800] [1133/Thread-34 (process_request_thread)] [DEBUG] Request header: suppressed by config/option [logging] request_header_on_debug
[2026-10-05 17:08:04 +0800] [1133/Thread-34 (process_request_thread)] [DEBUG] Sanitized path: '/acceptance/calendar/'
[2026-10-05 17:08:04 +0800] [1133/Thread-34 (process_request_thread)] [INFO] Successful login: 'acceptance' (none)
[2026-10-05 17:08:04 +0800] [1133/Thread-33 (process_request_thread)] [DEBUG] logging of rules which doesn't match suppressed by config/option [logging] rights_rule_doesnt_match_on_debug
[2026-10-05 17:08:04 +0800] [1133/Thread-33 (process_request_thread)] [DEBUG] Rule 'acceptance':'acceptance/calendar' matches '.*':'.*' from section 'all' permission 'RrWw'
[2026-10-05 17:08:04 +0800] [1133/Thread-33 (process_request_thread)] [DEBUG] Request content (XML): suppressed by config/option [logging] request_content_on_debug
[2026-10-05 17:08:04 +0800] [1133/Thread-34 (process_request_thread)] [DEBUG] logging of rules which doesn't match suppressed by config/option [logging] rights_rule_doesnt_match_on_debug
[2026-10-05 17:08:04 +0800] [1133/Thread-34 (process_request_thread)] [DEBUG] Rule 'acceptance':'acceptance/calendar' matches '.*':'.*' from section 'all' permission 'RrWw'
[2026-10-05 17:08:04 +0800] [1133/Thread-34 (process_request_thread)] [DEBUG] Request content (XML): suppressed by config/option [logging] request_content_on_debug
[2026-10-05 17:08:04 +0800] [1133/Thread-33 (process_request_thread)] [DEBUG] Client provided sync token: 'http://radicale.org/ns/sync/57ece46888083083f56e67e70fd248b9d0e750b5a436b78ae5ab031e62419c49'
[2026-10-05 17:08:04 +0800] [1133/Thread-34 (process_request_thread)] [DEBUG] Response content (XML): suppressed by config/option [logging] response_content_on_debug
[2026-10-05 17:08:04 +0800] [1133/Thread-34 (process_request_thread)] [DEBUG] Response header: suppressed by config/option [logging] response_header_on_debug
[2026-10-05 17:08:04 +0800] [1133/Thread-34 (process_request_thread)] [INFO] REPORT response status for '/acceptance/calendar/' with depth '1' in 0.002 seconds gzip 640 bytes (getetag): 207 Multi-Status
[2026-10-05 17:08:04 +0800] [1133/Thread-33 (process_request_thread)] [DEBUG] Response content (XML): suppressed by config/option [logging] response_content_on_debug
[2026-10-05 17:08:04 +0800] [1133/Thread-33 (process_request_thread)] [DEBUG] Response header: suppressed by config/option [logging] response_header_on_debug
[2026-10-05 17:08:04 +0800] [1133/Thread-33 (process_request_thread)] [INFO] REPORT response status for '/acceptance/calendar/' with depth '1' in 0.004 seconds gzip 347 bytes (getetag sync-collection): 207 Multi-Status
[2026-10-05 17:08:04 +0800] [1133/Thread-35 (process_request_thread)] [INFO] REPORT request for '/acceptance/calendar/' with depth '1' received from 127.0.0.1 using 'Mozilla/5.0 (X11; Linux x86_64; rv:153.0) Gecko/20100101 Thunderbird/153.1.0'
[2026-10-05 17:08:04 +0800] [1133/Thread-35 (process_request_thread)] [DEBUG] Request header: suppressed by config/option [logging] request_header_on_debug
[2026-10-05 17:08:04 +0800] [1133/Thread-35 (process_request_thread)] [DEBUG] Sanitized path: '/acceptance/calendar/'
[2026-10-05 17:08:04 +0800] [1133/Thread-35 (process_request_thread)] [INFO] Successful login: 'acceptance' (none)
[2026-10-05 17:08:04 +0800] [1133/Thread-35 (process_request_thread)] [DEBUG] logging of rules which doesn't match suppressed by config/option [logging] rights_rule_doesnt_match_on_debug
[2026-10-05 17:08:04 +0800] [1133/Thread-35 (process_request_thread)] [DEBUG] Rule 'acceptance':'acceptance/calendar' matches '.*':'.*' from section 'all' permission 'RrWw'
[2026-10-05 17:08:04 +0800] [1133/Thread-35 (process_request_thread)] [DEBUG] Request content (XML): suppressed by config/option [logging] request_content_on_debug
[2026-10-05 17:08:04 +0800] [1133/Thread-35 (process_request_thread)] [DEBUG] Client provided sync token: 'http://radicale.org/ns/sync/f4d2ca3e2bbeaf7f64958b7afbb0afd615112b4833d41b33821f6faad99d6bf3'
[2026-10-05 17:08:04 +0800] [1133/Thread-35 (process_request_thread)] [DEBUG] Response content (XML): suppressed by config/option [logging] response_content_on_debug
[2026-10-05 17:08:04 +0800] [1133/Thread-35 (process_request_thread)] [DEBUG] Response header: suppressed by config/option [logging] response_header_on_debug
[2026-10-05 17:08:04 +0800] [1133/Thread-35 (process_request_thread)] [INFO] REPORT response status for '/acceptance/calendar/' with depth '1' in 0.001 seconds gzip 176 bytes (getetag sync-collection): 207 Multi-Status
[2026-10-05 17:08:05 +0800] [1133/Thread-36 (process_request_thread)] [INFO] GET request for '/acceptance/calendar/seed-a.ics' received from 127.0.0.1 using 'Python-urllib/3.12'
[2026-10-05 17:08:05 +0800] [1133/Thread-36 (process_request_thread)] [DEBUG] Request header: suppressed by config/option [logging] request_header_on_debug
[2026-10-05 17:08:05 +0800] [1133/Thread-36 (process_request_thread)] [DEBUG] Sanitized path: '/acceptance/calendar/seed-a.ics'
[2026-10-05 17:08:05 +0800] [1133/Thread-36 (process_request_thread)] [INFO] Successful login: 'acceptance' (none)
[2026-10-05 17:08:05 +0800] [1133/Thread-36 (process_request_thread)] [DEBUG] logging of rules which doesn't match suppressed by config/option [logging] rights_rule_doesnt_match_on_debug
[2026-10-05 17:08:05 +0800] [1133/Thread-36 (process_request_thread)] [DEBUG] Rule 'acceptance':'acceptance/calendar/seed-a.ics' matches '.*':'.*' from section 'all' permission 'RrWw'
[2026-10-05 17:08:05 +0800] [1133/Thread-36 (process_request_thread)] [DEBUG] logging of rules which doesn't match suppressed by config/option [logging] rights_rule_doesnt_match_on_debug
[2026-10-05 17:08:05 +0800] [1133/Thread-36 (process_request_thread)] [DEBUG] Rule 'acceptance':'acceptance/calendar' matches '.*':'.*' from section 'all' permission 'RrWw'
[2026-10-05 17:08:05 +0800] [1133/Thread-36 (process_request_thread)] [DEBUG] Response content: suppressed by config/option [logging] response_content_on_debug
[2026-10-05 17:08:05 +0800] [1133/Thread-36 (process_request_thread)] [DEBUG] Response header: suppressed by config/option [logging] response_header_on_debug
[2026-10-05 17:08:05 +0800] [1133/Thread-36 (process_request_thread)] [INFO] GET response status for '/acceptance/calendar/seed-a.ics' in 0.001 seconds plain 597 bytes: 200 OK
[2026-10-05 17:08:05 +0800] [1133/Thread-37 (process_request_thread)] [INFO] REPORT request for '/acceptance/calendar/' with depth '1' received from 127.0.0.1 using 'Mozilla/5.0 (X11; Linux x86_64; rv:153.0) Gecko/20100101 Thunderbird/153.1.0'
[2026-10-05 17:08:05 +0800] [1133/Thread-37 (process_request_thread)] [DEBUG] Request header: suppressed by config/option [logging] request_header_on_debug
[2026-10-05 17:08:05 +0800] [1133/Thread-37 (process_request_thread)] [DEBUG] Sanitized path: '/acceptance/calendar/'
[2026-10-05 17:08:05 +0800] [1133/Thread-37 (process_request_thread)] [INFO] Successful login: 'acceptance' (none)
[2026-10-05 17:08:05 +0800] [1133/Thread-37 (process_request_thread)] [DEBUG] logging of rules which doesn't match suppressed by config/option [logging] rights_rule_doesnt_match_on_debug
[2026-10-05 17:08:05 +0800] [1133/Thread-37 (process_request_thread)] [DEBUG] Rule 'acceptance':'acceptance/calendar' matches '.*':'.*' from section 'all' permission 'RrWw'
[2026-10-05 17:08:05 +0800] [1133/Thread-37 (process_request_thread)] [DEBUG] Request content (XML): suppressed by config/option [logging] request_content_on_debug
[2026-10-05 17:08:05 +0800] [1133/Thread-37 (process_request_thread)] [DEBUG] Response content (XML): suppressed by config/option [logging] response_content_on_debug
[2026-10-05 17:08:05 +0800] [1133/Thread-37 (process_request_thread)] [DEBUG] Response header: suppressed by config/option [logging] response_header_on_debug
[2026-10-05 17:08:05 +0800] [1133/Thread-37 (process_request_thread)] [INFO] REPORT response status for '/acceptance/calendar/' with depth '1' in 0.002 seconds gzip 426 bytes (getetag): 207 Multi-Status
[2026-10-05 17:08:05 +0800] [1133/Thread-38 (process_request_thread)] [INFO] REPORT request for '/acceptance/calendar/' with depth '1' received from 127.0.0.1 using 'Mozilla/5.0 (X11; Linux x86_64; rv:153.0) Gecko/20100101 Thunderbird/153.1.0'
[2026-10-05 17:08:05 +0800] [1133/Thread-38 (process_request_thread)] [DEBUG] Request header: suppressed by config/option [logging] request_header_on_debug
[2026-10-05 17:08:05 +0800] [1133/Thread-38 (process_request_thread)] [DEBUG] Sanitized path: '/acceptance/calendar/'
[2026-10-05 17:08:05 +0800] [1133/Thread-38 (process_request_thread)] [INFO] Successful login: 'acceptance' (none)
[2026-10-05 17:08:05 +0800] [1133/Thread-38 (process_request_thread)] [DEBUG] logging of rules which doesn't match suppressed by config/option [logging] rights_rule_doesnt_match_on_debug
[2026-10-05 17:08:05 +0800] [1133/Thread-38 (process_request_thread)] [DEBUG] Rule 'acceptance':'acceptance/calendar' matches '.*':'.*' from section 'all' permission 'RrWw'
[2026-10-05 17:08:05 +0800] [1133/Thread-38 (process_request_thread)] [DEBUG] Request content (XML): suppressed by config/option [logging] request_content_on_debug
[2026-10-05 17:08:05 +0800] [1133/Thread-38 (process_request_thread)] [DEBUG] Client provided sync token: 'http://radicale.org/ns/sync/f4d2ca3e2bbeaf7f64958b7afbb0afd615112b4833d41b33821f6faad99d6bf3'
[2026-10-05 17:08:05 +0800] [1133/Thread-38 (process_request_thread)] [DEBUG] Response content (XML): suppressed by config/option [logging] response_content_on_debug
[2026-10-05 17:08:05 +0800] [1133/Thread-38 (process_request_thread)] [DEBUG] Response header: suppressed by config/option [logging] response_header_on_debug
[2026-10-05 17:08:05 +0800] [1133/Thread-38 (process_request_thread)] [INFO] REPORT response status for '/acceptance/calendar/' with depth '1' in 0.001 seconds gzip 176 bytes (getetag sync-collection): 207 Multi-Status
[2026-10-05 17:08:05 +0800] [1133/Thread-39 (process_request_thread)] [INFO] PUT request for '/acceptance/calendar/seed-b.ics' received from 127.0.0.1 using 'Mozilla/5.0 (X11; Linux x86_64; rv:153.0) Gecko/20100101 Thunderbird/153.1.0'
[2026-10-05 17:08:05 +0800] [1133/Thread-39 (process_request_thread)] [DEBUG] Request header: suppressed by config/option [logging] request_header_on_debug
[2026-10-05 17:08:05 +0800] [1133/Thread-39 (process_request_thread)] [DEBUG] Sanitized path: '/acceptance/calendar/seed-b.ics'
[2026-10-05 17:08:05 +0800] [1133/Thread-39 (process_request_thread)] [INFO] Successful login: 'acceptance' (none)
[2026-10-05 17:08:05 +0800] [1133/Thread-39 (process_request_thread)] [DEBUG] logging of rules which doesn't match suppressed by config/option [logging] rights_rule_doesnt_match_on_debug
[2026-10-05 17:08:05 +0800] [1133/Thread-39 (process_request_thread)] [DEBUG] Rule 'acceptance':'acceptance/calendar/seed-b.ics' matches '.*':'.*' from section 'all' permission 'RrWw'
[2026-10-05 17:08:05 +0800] [1133/Thread-39 (process_request_thread)] [DEBUG] Request content: suppressed by config/option [logging] request_content_on_debug
[2026-10-05 17:08:05 +0800] [1133/Thread-39 (process_request_thread)] [DEBUG] logging of rules which doesn't match suppressed by config/option [logging] rights_rule_doesnt_match_on_debug
[2026-10-05 17:08:05 +0800] [1133/Thread-39 (process_request_thread)] [DEBUG] Rule 'acceptance':'acceptance/calendar' matches '.*':'.*' from section 'all' permission 'RrWw'
[2026-10-05 17:08:05 +0800] [1133/Thread-39 (process_request_thread)] [DEBUG] Precondition passed on PUT request for '/acceptance/calendar/seed-b.ics' (HTTP_IF_MATCH: "40c779f571745506a207b931969d36c88f4b367f3cf97cd57c7cae95086bcea3", item has etag: "40c779f571745506a207b931969d36c88f4b367f3cf97cd57c7cae95086bcea3")
[2026-10-05 17:08:05 +0800] [1133/Thread-39 (process_request_thread)] [DEBUG] PUT request contains item with UID 'seed-b' size 568 below limit 10000000: '/acceptance/calendar/seed-b.ics'
[2026-10-05 17:08:05 +0800] [1133/Thread-39 (process_request_thread)] [DEBUG] PUT request updated existing item '/acceptance/calendar/seed-b.ics'
[2026-10-05 17:08:05 +0800] [1133/Thread-39 (process_request_thread)] [DEBUG] Response header: suppressed by config/option [logging] response_header_on_debug
[2026-10-05 17:08:05 +0800] [1133/Thread-39 (process_request_thread)] [INFO] PUT response status for '/acceptance/calendar/seed-b.ics' in 0.003 seconds: 204 No Content
[2026-10-05 17:08:05 +0800] [1133/Thread-40 (process_request_thread)] [INFO] REPORT request for '/acceptance/calendar/' with depth '1' received from 127.0.0.1 using 'Mozilla/5.0 (X11; Linux x86_64; rv:153.0) Gecko/20100101 Thunderbird/153.1.0'
[2026-10-05 17:08:05 +0800] [1133/Thread-40 (process_request_thread)] [DEBUG] Request header: suppressed by config/option [logging] request_header_on_debug
[2026-10-05 17:08:05 +0800] [1133/Thread-40 (process_request_thread)] [DEBUG] Sanitized path: '/acceptance/calendar/'
[2026-10-05 17:08:05 +0800] [1133/Thread-40 (process_request_thread)] [INFO] Successful login: 'acceptance' (none)
[2026-10-05 17:08:05 +0800] [1133/Thread-40 (process_request_thread)] [DEBUG] logging of rules which doesn't match suppressed by config/option [logging] rights_rule_doesnt_match_on_debug
[2026-10-05 17:08:05 +0800] [1133/Thread-40 (process_request_thread)] [DEBUG] Rule 'acceptance':'acceptance/calendar' matches '.*':'.*' from section 'all' permission 'RrWw'
[2026-10-05 17:08:05 +0800] [1133/Thread-40 (process_request_thread)] [DEBUG] Request content (XML): suppressed by config/option [logging] request_content_on_debug
[2026-10-05 17:08:05 +0800] [1133/Thread-40 (process_request_thread)] [DEBUG] Response content (XML): suppressed by config/option [logging] response_content_on_debug
[2026-10-05 17:08:05 +0800] [1133/Thread-40 (process_request_thread)] [DEBUG] Response header: suppressed by config/option [logging] response_header_on_debug
[2026-10-05 17:08:05 +0800] [1133/Thread-40 (process_request_thread)] [INFO] REPORT response status for '/acceptance/calendar/' with depth '1' in 0.003 seconds gzip 643 bytes (getetag): 207 Multi-Status
[2026-10-05 17:08:05 +0800] [1133/Thread-41 (process_request_thread)] [INFO] REPORT request for '/acceptance/calendar/' with depth '1' received from 127.0.0.1 using 'Mozilla/5.0 (X11; Linux x86_64; rv:153.0) Gecko/20100101 Thunderbird/153.1.0'
[2026-10-05 17:08:05 +0800] [1133/Thread-41 (process_request_thread)] [DEBUG] Request header: suppressed by config/option [logging] request_header_on_debug
[2026-10-05 17:08:05 +0800] [1133/Thread-41 (process_request_thread)] [DEBUG] Sanitized path: '/acceptance/calendar/'
[2026-10-05 17:08:05 +0800] [1133/Thread-41 (process_request_thread)] [INFO] Successful login: 'acceptance' (none)
[2026-10-05 17:08:05 +0800] [1133/Thread-42 (process_request_thread)] [INFO] REPORT request for '/acceptance/calendar/' with depth '1' received from 127.0.0.1 using 'Mozilla/5.0 (X11; Linux x86_64; rv:153.0) Gecko/20100101 Thunderbird/153.1.0'
[2026-10-05 17:08:05 +0800] [1133/Thread-42 (process_request_thread)] [DEBUG] Request header: suppressed by config/option [logging] request_header_on_debug
[2026-10-05 17:08:05 +0800] [1133/Thread-42 (process_request_thread)] [DEBUG] Sanitized path: '/acceptance/calendar/'
[2026-10-05 17:08:05 +0800] [1133/Thread-42 (process_request_thread)] [INFO] Successful login: 'acceptance' (none)
[2026-10-05 17:08:05 +0800] [1133/Thread-41 (process_request_thread)] [DEBUG] logging of rules which doesn't match suppressed by config/option [logging] rights_rule_doesnt_match_on_debug
[2026-10-05 17:08:05 +0800] [1133/Thread-41 (process_request_thread)] [DEBUG] Rule 'acceptance':'acceptance/calendar' matches '.*':'.*' from section 'all' permission 'RrWw'
[2026-10-05 17:08:05 +0800] [1133/Thread-41 (process_request_thread)] [DEBUG] Request content (XML): suppressed by config/option [logging] request_content_on_debug
[2026-10-05 17:08:05 +0800] [1133/Thread-42 (process_request_thread)] [DEBUG] logging of rules which doesn't match suppressed by config/option [logging] rights_rule_doesnt_match_on_debug
[2026-10-05 17:08:05 +0800] [1133/Thread-42 (process_request_thread)] [DEBUG] Rule 'acceptance':'acceptance/calendar' matches '.*':'.*' from section 'all' permission 'RrWw'
[2026-10-05 17:08:05 +0800] [1133/Thread-42 (process_request_thread)] [DEBUG] Request content (XML): suppressed by config/option [logging] request_content_on_debug
[2026-10-05 17:08:05 +0800] [1133/Thread-41 (process_request_thread)] [DEBUG] Client provided sync token: 'http://radicale.org/ns/sync/f4d2ca3e2bbeaf7f64958b7afbb0afd615112b4833d41b33821f6faad99d6bf3'
[2026-10-05 17:08:05 +0800] [1133/Thread-42 (process_request_thread)] [DEBUG] Response content (XML): suppressed by config/option [logging] response_content_on_debug
[2026-10-05 17:08:05 +0800] [1133/Thread-42 (process_request_thread)] [DEBUG] Response header: suppressed by config/option [logging] response_header_on_debug
[2026-10-05 17:08:05 +0800] [1133/Thread-42 (process_request_thread)] [INFO] REPORT response status for '/acceptance/calendar/' with depth '1' in 0.003 seconds gzip 643 bytes (getetag): 207 Multi-Status
[2026-10-05 17:08:05 +0800] [1133/Thread-41 (process_request_thread)] [DEBUG] Response content (XML): suppressed by config/option [logging] response_content_on_debug
[2026-10-05 17:08:05 +0800] [1133/Thread-41 (process_request_thread)] [DEBUG] Response header: suppressed by config/option [logging] response_header_on_debug
[2026-10-05 17:08:05 +0800] [1133/Thread-41 (process_request_thread)] [INFO] REPORT response status for '/acceptance/calendar/' with depth '1' in 0.004 seconds gzip 347 bytes (getetag sync-collection): 207 Multi-Status
[2026-10-05 17:08:05 +0800] [1133/Thread-43 (process_request_thread)] [INFO] REPORT request for '/acceptance/calendar/' with depth '1' received from 127.0.0.1 using 'Mozilla/5.0 (X11; Linux x86_64; rv:153.0) Gecko/20100101 Thunderbird/153.1.0'
[2026-10-05 17:08:05 +0800] [1133/Thread-43 (process_request_thread)] [DEBUG] Request header: suppressed by config/option [logging] request_header_on_debug
[2026-10-05 17:08:05 +0800] [1133/Thread-43 (process_request_thread)] [DEBUG] Sanitized path: '/acceptance/calendar/'
[2026-10-05 17:08:05 +0800] [1133/Thread-43 (process_request_thread)] [INFO] Successful login: 'acceptance' (none)
[2026-10-05 17:08:05 +0800] [1133/Thread-43 (process_request_thread)] [DEBUG] logging of rules which doesn't match suppressed by config/option [logging] rights_rule_doesnt_match_on_debug
[2026-10-05 17:08:05 +0800] [1133/Thread-43 (process_request_thread)] [DEBUG] Rule 'acceptance':'acceptance/calendar' matches '.*':'.*' from section 'all' permission 'RrWw'
[2026-10-05 17:08:05 +0800] [1133/Thread-43 (process_request_thread)] [DEBUG] Request content (XML): suppressed by config/option [logging] request_content_on_debug
[2026-10-05 17:08:05 +0800] [1133/Thread-43 (process_request_thread)] [DEBUG] Client provided sync token: 'http://radicale.org/ns/sync/e32288c3406f3a9b9288a210dc48fd226bd20919c294ad6aaa4f76193d9b7629'
[2026-10-05 17:08:05 +0800] [1133/Thread-43 (process_request_thread)] [DEBUG] Response content (XML): suppressed by config/option [logging] response_content_on_debug
[2026-10-05 17:08:05 +0800] [1133/Thread-43 (process_request_thread)] [DEBUG] Response header: suppressed by config/option [logging] response_header_on_debug
[2026-10-05 17:08:05 +0800] [1133/Thread-43 (process_request_thread)] [INFO] REPORT response status for '/acceptance/calendar/' with depth '1' in 0.001 seconds gzip 177 bytes (getetag sync-collection): 207 Multi-Status
[2026-10-05 17:08:05 +0800] [1133/Thread-44 (process_request_thread)] [INFO] GET request for '/acceptance/calendar/seed-b.ics' received from 127.0.0.1 using 'Python-urllib/3.12'
[2026-10-05 17:08:05 +0800] [1133/Thread-44 (process_request_thread)] [DEBUG] Request header: suppressed by config/option [logging] request_header_on_debug
[2026-10-05 17:08:05 +0800] [1133/Thread-44 (process_request_thread)] [DEBUG] Sanitized path: '/acceptance/calendar/seed-b.ics'
[2026-10-05 17:08:05 +0800] [1133/Thread-44 (process_request_thread)] [INFO] Successful login: 'acceptance' (none)
[2026-10-05 17:08:05 +0800] [1133/Thread-44 (process_request_thread)] [DEBUG] logging of rules which doesn't match suppressed by config/option [logging] rights_rule_doesnt_match_on_debug
[2026-10-05 17:08:05 +0800] [1133/Thread-44 (process_request_thread)] [DEBUG] Rule 'acceptance':'acceptance/calendar/seed-b.ics' matches '.*':'.*' from section 'all' permission 'RrWw'
[2026-10-05 17:08:05 +0800] [1133/Thread-44 (process_request_thread)] [DEBUG] logging of rules which doesn't match suppressed by config/option [logging] rights_rule_doesnt_match_on_debug
[2026-10-05 17:08:05 +0800] [1133/Thread-44 (process_request_thread)] [DEBUG] Rule 'acceptance':'acceptance/calendar' matches '.*':'.*' from section 'all' permission 'RrWw'
[2026-10-05 17:08:05 +0800] [1133/Thread-44 (process_request_thread)] [DEBUG] Response content: suppressed by config/option [logging] response_content_on_debug
[2026-10-05 17:08:05 +0800] [1133/Thread-44 (process_request_thread)] [DEBUG] Response header: suppressed by config/option [logging] response_header_on_debug
[2026-10-05 17:08:05 +0800] [1133/Thread-44 (process_request_thread)] [INFO] GET response status for '/acceptance/calendar/seed-b.ics' in 0.001 seconds plain 568 bytes: 200 OK
[2026-10-05 17:08:05 +0800] [1133/Thread-45 (process_request_thread)] [INFO] REPORT request for '/acceptance/calendar/' with depth '1' received from 127.0.0.1 using 'Mozilla/5.0 (X11; Linux x86_64; rv:153.0) Gecko/20100101 Thunderbird/153.1.0'
[2026-10-05 17:08:05 +0800] [1133/Thread-45 (process_request_thread)] [DEBUG] Request header: suppressed by config/option [logging] request_header_on_debug
[2026-10-05 17:08:05 +0800] [1133/Thread-45 (process_request_thread)] [DEBUG] Sanitized path: '/acceptance/calendar/'
[2026-10-05 17:08:05 +0800] [1133/Thread-45 (process_request_thread)] [INFO] Successful login: 'acceptance' (none)
[2026-10-05 17:08:05 +0800] [1133/Thread-45 (process_request_thread)] [DEBUG] logging of rules which doesn't match suppressed by config/option [logging] rights_rule_doesnt_match_on_debug
[2026-10-05 17:08:05 +0800] [1133/Thread-45 (process_request_thread)] [DEBUG] Rule 'acceptance':'acceptance/calendar' matches '.*':'.*' from section 'all' permission 'RrWw'
[2026-10-05 17:08:05 +0800] [1133/Thread-45 (process_request_thread)] [DEBUG] Request content (XML): suppressed by config/option [logging] request_content_on_debug
[2026-10-05 17:08:05 +0800] [1133/Thread-45 (process_request_thread)] [DEBUG] Response content (XML): suppressed by config/option [logging] response_content_on_debug
[2026-10-05 17:08:05 +0800] [1133/Thread-45 (process_request_thread)] [DEBUG] Response header: suppressed by config/option [logging] response_header_on_debug
[2026-10-05 17:08:05 +0800] [1133/Thread-45 (process_request_thread)] [INFO] REPORT response status for '/acceptance/calendar/' with depth '1' in 0.002 seconds gzip 643 bytes (getetag): 207 Multi-Status
[2026-10-05 17:08:05 +0800] [1133/Thread-46 (process_request_thread)] [INFO] REPORT request for '/acceptance/calendar/' with depth '1' received from 127.0.0.1 using 'Mozilla/5.0 (X11; Linux x86_64; rv:153.0) Gecko/20100101 Thunderbird/153.1.0'
[2026-10-05 17:08:05 +0800] [1133/Thread-46 (process_request_thread)] [DEBUG] Request header: suppressed by config/option [logging] request_header_on_debug
[2026-10-05 17:08:05 +0800] [1133/Thread-46 (process_request_thread)] [DEBUG] Sanitized path: '/acceptance/calendar/'
[2026-10-05 17:08:05 +0800] [1133/Thread-46 (process_request_thread)] [INFO] Successful login: 'acceptance' (none)
[2026-10-05 17:08:05 +0800] [1133/Thread-46 (process_request_thread)] [DEBUG] logging of rules which doesn't match suppressed by config/option [logging] rights_rule_doesnt_match_on_debug
[2026-10-05 17:08:05 +0800] [1133/Thread-46 (process_request_thread)] [DEBUG] Rule 'acceptance':'acceptance/calendar' matches '.*':'.*' from section 'all' permission 'RrWw'
[2026-10-05 17:08:05 +0800] [1133/Thread-46 (process_request_thread)] [DEBUG] Request content (XML): suppressed by config/option [logging] request_content_on_debug
[2026-10-05 17:08:05 +0800] [1133/Thread-46 (process_request_thread)] [DEBUG] Client provided sync token: 'http://radicale.org/ns/sync/e32288c3406f3a9b9288a210dc48fd226bd20919c294ad6aaa4f76193d9b7629'
[2026-10-05 17:08:05 +0800] [1133/Thread-46 (process_request_thread)] [DEBUG] Response content (XML): suppressed by config/option [logging] response_content_on_debug
[2026-10-05 17:08:05 +0800] [1133/Thread-46 (process_request_thread)] [DEBUG] Response header: suppressed by config/option [logging] response_header_on_debug
[2026-10-05 17:08:05 +0800] [1133/Thread-46 (process_request_thread)] [INFO] REPORT response status for '/acceptance/calendar/' with depth '1' in 0.001 seconds gzip 177 bytes (getetag sync-collection): 207 Multi-Status
[2026-10-05 17:08:05 +0800] [1133/Thread-47 (process_request_thread)] [INFO] PUT request for '/acceptance/calendar/seed-b.ics' received from 127.0.0.1 using 'Mozilla/5.0 (X11; Linux x86_64; rv:153.0) Gecko/20100101 Thunderbird/153.1.0'
[2026-10-05 17:08:05 +0800] [1133/Thread-47 (process_request_thread)] [DEBUG] Request header: suppressed by config/option [logging] request_header_on_debug
[2026-10-05 17:08:05 +0800] [1133/Thread-47 (process_request_thread)] [DEBUG] Sanitized path: '/acceptance/calendar/seed-b.ics'
[2026-10-05 17:08:05 +0800] [1133/Thread-47 (process_request_thread)] [INFO] Successful login: 'acceptance' (none)
[2026-10-05 17:08:05 +0800] [1133/Thread-47 (process_request_thread)] [DEBUG] logging of rules which doesn't match suppressed by config/option [logging] rights_rule_doesnt_match_on_debug
[2026-10-05 17:08:05 +0800] [1133/Thread-47 (process_request_thread)] [DEBUG] Rule 'acceptance':'acceptance/calendar/seed-b.ics' matches '.*':'.*' from section 'all' permission 'RrWw'
[2026-10-05 17:08:05 +0800] [1133/Thread-47 (process_request_thread)] [DEBUG] Request content: suppressed by config/option [logging] request_content_on_debug
[2026-10-05 17:08:05 +0800] [1133/Thread-47 (process_request_thread)] [DEBUG] logging of rules which doesn't match suppressed by config/option [logging] rights_rule_doesnt_match_on_debug
[2026-10-05 17:08:05 +0800] [1133/Thread-47 (process_request_thread)] [DEBUG] Rule 'acceptance':'acceptance/calendar' matches '.*':'.*' from section 'all' permission 'RrWw'
[2026-10-05 17:08:05 +0800] [1133/Thread-47 (process_request_thread)] [DEBUG] Precondition passed on PUT request for '/acceptance/calendar/seed-b.ics' (HTTP_IF_MATCH: "12f6bdc40b5a098867fae10bac0ce2974e6d65ea1c23604276734b737db613d7", item has etag: "12f6bdc40b5a098867fae10bac0ce2974e6d65ea1c23604276734b737db613d7")
[2026-10-05 17:08:05 +0800] [1133/Thread-47 (process_request_thread)] [DEBUG] PUT request contains item with UID 'seed-b' size 627 below limit 10000000: '/acceptance/calendar/seed-b.ics'
[2026-10-05 17:08:05 +0800] [1133/Thread-47 (process_request_thread)] [DEBUG] PUT request updated existing item '/acceptance/calendar/seed-b.ics'
[2026-10-05 17:08:05 +0800] [1133/Thread-47 (process_request_thread)] [DEBUG] Response header: suppressed by config/option [logging] response_header_on_debug
[2026-10-05 17:08:05 +0800] [1133/Thread-47 (process_request_thread)] [INFO] PUT response status for '/acceptance/calendar/seed-b.ics' in 0.003 seconds: 204 No Content
[2026-10-05 17:08:05 +0800] [1133/Thread-48 (process_request_thread)] [INFO] REPORT request for '/acceptance/calendar/' with depth '1' received from 127.0.0.1 using 'Mozilla/5.0 (X11; Linux x86_64; rv:153.0) Gecko/20100101 Thunderbird/153.1.0'
[2026-10-05 17:08:05 +0800] [1133/Thread-48 (process_request_thread)] [DEBUG] Request header: suppressed by config/option [logging] request_header_on_debug
[2026-10-05 17:08:05 +0800] [1133/Thread-48 (process_request_thread)] [DEBUG] Sanitized path: '/acceptance/calendar/'
[2026-10-05 17:08:05 +0800] [1133/Thread-48 (process_request_thread)] [INFO] Successful login: 'acceptance' (none)
[2026-10-05 17:08:05 +0800] [1133/Thread-48 (process_request_thread)] [DEBUG] logging of rules which doesn't match suppressed by config/option [logging] rights_rule_doesnt_match_on_debug
[2026-10-05 17:08:05 +0800] [1133/Thread-48 (process_request_thread)] [DEBUG] Rule 'acceptance':'acceptance/calendar' matches '.*':'.*' from section 'all' permission 'RrWw'
[2026-10-05 17:08:05 +0800] [1133/Thread-48 (process_request_thread)] [DEBUG] Request content (XML): suppressed by config/option [logging] request_content_on_debug
[2026-10-05 17:08:05 +0800] [1133/Thread-48 (process_request_thread)] [DEBUG] Response content (XML): suppressed by config/option [logging] response_content_on_debug
[2026-10-05 17:08:05 +0800] [1133/Thread-48 (process_request_thread)] [DEBUG] Response header: suppressed by config/option [logging] response_header_on_debug
[2026-10-05 17:08:05 +0800] [1133/Thread-48 (process_request_thread)] [INFO] REPORT response status for '/acceptance/calendar/' with depth '1' in 0.001 seconds gzip 650 bytes (getetag): 207 Multi-Status
[2026-10-05 17:08:05 +0800] [1133/Thread-49 (process_request_thread)] [INFO] REPORT request for '/acceptance/calendar/' with depth '1' received from 127.0.0.1 using 'Mozilla/5.0 (X11; Linux x86_64; rv:153.0) Gecko/20100101 Thunderbird/153.1.0'
[2026-10-05 17:08:05 +0800] [1133/Thread-49 (process_request_thread)] [DEBUG] Request header: suppressed by config/option [logging] request_header_on_debug
[2026-10-05 17:08:05 +0800] [1133/Thread-49 (process_request_thread)] [DEBUG] Sanitized path: '/acceptance/calendar/'
[2026-10-05 17:08:05 +0800] [1133/Thread-49 (process_request_thread)] [INFO] Successful login: 'acceptance' (none)
[2026-10-05 17:08:05 +0800] [1133/Thread-49 (process_request_thread)] [DEBUG] logging of rules which doesn't match suppressed by config/option [logging] rights_rule_doesnt_match_on_debug
[2026-10-05 17:08:05 +0800] [1133/Thread-49 (process_request_thread)] [DEBUG] Rule 'acceptance':'acceptance/calendar' matches '.*':'.*' from section 'all' permission 'RrWw'
[2026-10-05 17:08:05 +0800] [1133/Thread-49 (process_request_thread)] [DEBUG] Request content (XML): suppressed by config/option [logging] request_content_on_debug
[2026-10-05 17:08:05 +0800] [1133/Thread-49 (process_request_thread)] [DEBUG] Client provided sync token: 'http://radicale.org/ns/sync/e32288c3406f3a9b9288a210dc48fd226bd20919c294ad6aaa4f76193d9b7629'
[2026-10-05 17:08:05 +0800] [1133/Thread-50 (process_request_thread)] [INFO] REPORT request for '/acceptance/calendar/' with depth '1' received from 127.0.0.1 using 'Mozilla/5.0 (X11; Linux x86_64; rv:153.0) Gecko/20100101 Thunderbird/153.1.0'
[2026-10-05 17:08:05 +0800] [1133/Thread-50 (process_request_thread)] [DEBUG] Request header: suppressed by config/option [logging] request_header_on_debug
[2026-10-05 17:08:05 +0800] [1133/Thread-50 (process_request_thread)] [DEBUG] Sanitized path: '/acceptance/calendar/'
[2026-10-05 17:08:05 +0800] [1133/Thread-50 (process_request_thread)] [INFO] Successful login: 'acceptance' (none)
[2026-10-05 17:08:05 +0800] [1133/Thread-50 (process_request_thread)] [DEBUG] logging of rules which doesn't match suppressed by config/option [logging] rights_rule_doesnt_match_on_debug
[2026-10-05 17:08:05 +0800] [1133/Thread-50 (process_request_thread)] [DEBUG] Rule 'acceptance':'acceptance/calendar' matches '.*':'.*' from section 'all' permission 'RrWw'
[2026-10-05 17:08:05 +0800] [1133/Thread-50 (process_request_thread)] [DEBUG] Request content (XML): suppressed by config/option [logging] request_content_on_debug
[2026-10-05 17:08:05 +0800] [1133/Thread-50 (process_request_thread)] [DEBUG] Response content (XML): suppressed by config/option [logging] response_content_on_debug
[2026-10-05 17:08:05 +0800] [1133/Thread-50 (process_request_thread)] [DEBUG] Response header: suppressed by config/option [logging] response_header_on_debug
[2026-10-05 17:08:05 +0800] [1133/Thread-50 (process_request_thread)] [INFO] REPORT response status for '/acceptance/calendar/' with depth '1' in 0.003 seconds gzip 650 bytes (getetag): 207 Multi-Status
[2026-10-05 17:08:05 +0800] [1133/Thread-49 (process_request_thread)] [DEBUG] Response content (XML): suppressed by config/option [logging] response_content_on_debug
[2026-10-05 17:08:05 +0800] [1133/Thread-49 (process_request_thread)] [DEBUG] Response header: suppressed by config/option [logging] response_header_on_debug
[2026-10-05 17:08:05 +0800] [1133/Thread-49 (process_request_thread)] [INFO] REPORT response status for '/acceptance/calendar/' with depth '1' in 0.006 seconds gzip 347 bytes (getetag sync-collection): 207 Multi-Status
[2026-10-05 17:08:05 +0800] [1133/Thread-51 (process_request_thread)] [INFO] REPORT request for '/acceptance/calendar/' with depth '1' received from 127.0.0.1 using 'Mozilla/5.0 (X11; Linux x86_64; rv:153.0) Gecko/20100101 Thunderbird/153.1.0'
[2026-10-05 17:08:05 +0800] [1133/Thread-51 (process_request_thread)] [DEBUG] Request header: suppressed by config/option [logging] request_header_on_debug
[2026-10-05 17:08:05 +0800] [1133/Thread-51 (process_request_thread)] [DEBUG] Sanitized path: '/acceptance/calendar/'
[2026-10-05 17:08:05 +0800] [1133/Thread-51 (process_request_thread)] [INFO] Successful login: 'acceptance' (none)
[2026-10-05 17:08:05 +0800] [1133/Thread-51 (process_request_thread)] [DEBUG] logging of rules which doesn't match suppressed by config/option [logging] rights_rule_doesnt_match_on_debug
[2026-10-05 17:08:05 +0800] [1133/Thread-51 (process_request_thread)] [DEBUG] Rule 'acceptance':'acceptance/calendar' matches '.*':'.*' from section 'all' permission 'RrWw'
[2026-10-05 17:08:05 +0800] [1133/Thread-51 (process_request_thread)] [DEBUG] Request content (XML): suppressed by config/option [logging] request_content_on_debug
[2026-10-05 17:08:05 +0800] [1133/Thread-51 (process_request_thread)] [DEBUG] Client provided sync token: 'http://radicale.org/ns/sync/be3aabf6f89da3924ab6e97ee9b6c5b93319897696f051efde2f662bfa18bc96'
[2026-10-05 17:08:05 +0800] [1133/Thread-51 (process_request_thread)] [DEBUG] Response content (XML): suppressed by config/option [logging] response_content_on_debug
[2026-10-05 17:08:05 +0800] [1133/Thread-51 (process_request_thread)] [DEBUG] Response header: suppressed by config/option [logging] response_header_on_debug
[2026-10-05 17:08:05 +0800] [1133/Thread-51 (process_request_thread)] [INFO] REPORT response status for '/acceptance/calendar/' with depth '1' in 0.001 seconds gzip 175 bytes (getetag sync-collection): 207 Multi-Status
[2026-10-05 17:08:05 +0800] [1133/Thread-52 (process_request_thread)] [INFO] GET request for '/acceptance/calendar/seed-b.ics' received from 127.0.0.1 using 'Python-urllib/3.12'
[2026-10-05 17:08:05 +0800] [1133/Thread-52 (process_request_thread)] [DEBUG] Request header: suppressed by config/option [logging] request_header_on_debug
[2026-10-05 17:08:05 +0800] [1133/Thread-52 (process_request_thread)] [DEBUG] Sanitized path: '/acceptance/calendar/seed-b.ics'
[2026-10-05 17:08:05 +0800] [1133/Thread-52 (process_request_thread)] [INFO] Successful login: 'acceptance' (none)
[2026-10-05 17:08:05 +0800] [1133/Thread-52 (process_request_thread)] [DEBUG] logging of rules which doesn't match suppressed by config/option [logging] rights_rule_doesnt_match_on_debug
[2026-10-05 17:08:05 +0800] [1133/Thread-52 (process_request_thread)] [DEBUG] Rule 'acceptance':'acceptance/calendar/seed-b.ics' matches '.*':'.*' from section 'all' permission 'RrWw'
[2026-10-05 17:08:05 +0800] [1133/Thread-52 (process_request_thread)] [DEBUG] logging of rules which doesn't match suppressed by config/option [logging] rights_rule_doesnt_match_on_debug
[2026-10-05 17:08:05 +0800] [1133/Thread-52 (process_request_thread)] [DEBUG] Rule 'acceptance':'acceptance/calendar' matches '.*':'.*' from section 'all' permission 'RrWw'
[2026-10-05 17:08:05 +0800] [1133/Thread-52 (process_request_thread)] [DEBUG] Response content: suppressed by config/option [logging] response_content_on_debug
[2026-10-05 17:08:05 +0800] [1133/Thread-52 (process_request_thread)] [DEBUG] Response header: suppressed by config/option [logging] response_header_on_debug
[2026-10-05 17:08:05 +0800] [1133/Thread-52 (process_request_thread)] [INFO] GET response status for '/acceptance/calendar/seed-b.ics' in 0.001 seconds plain 627 bytes: 200 OK
[2026-10-05 17:08:05 +0800] [1133/Thread-53 (process_request_thread)] [INFO] REPORT request for '/acceptance/calendar/' with depth '1' received from 127.0.0.1 using 'Mozilla/5.0 (X11; Linux x86_64; rv:153.0) Gecko/20100101 Thunderbird/153.1.0'
[2026-10-05 17:08:05 +0800] [1133/Thread-53 (process_request_thread)] [DEBUG] Request header: suppressed by config/option [logging] request_header_on_debug
[2026-10-05 17:08:05 +0800] [1133/Thread-53 (process_request_thread)] [DEBUG] Sanitized path: '/acceptance/calendar/'
[2026-10-05 17:08:05 +0800] [1133/Thread-53 (process_request_thread)] [INFO] Successful login: 'acceptance' (none)
[2026-10-05 17:08:05 +0800] [1133/Thread-53 (process_request_thread)] [DEBUG] logging of rules which doesn't match suppressed by config/option [logging] rights_rule_doesnt_match_on_debug
[2026-10-05 17:08:05 +0800] [1133/Thread-53 (process_request_thread)] [DEBUG] Rule 'acceptance':'acceptance/calendar' matches '.*':'.*' from section 'all' permission 'RrWw'
[2026-10-05 17:08:05 +0800] [1133/Thread-53 (process_request_thread)] [DEBUG] Request content (XML): suppressed by config/option [logging] request_content_on_debug
[2026-10-05 17:08:05 +0800] [1133/Thread-53 (process_request_thread)] [DEBUG] Response content (XML): suppressed by config/option [logging] response_content_on_debug
[2026-10-05 17:08:05 +0800] [1133/Thread-53 (process_request_thread)] [DEBUG] Response header: suppressed by config/option [logging] response_header_on_debug
[2026-10-05 17:08:05 +0800] [1133/Thread-53 (process_request_thread)] [INFO] REPORT response status for '/acceptance/calendar/' with depth '1' in 0.001 seconds gzip 427 bytes (getetag): 207 Multi-Status
[2026-10-05 17:08:05 +0800] [1133/Thread-54 (process_request_thread)] [INFO] REPORT request for '/acceptance/calendar/' with depth '1' received from 127.0.0.1 using 'Mozilla/5.0 (X11; Linux x86_64; rv:153.0) Gecko/20100101 Thunderbird/153.1.0'
[2026-10-05 17:08:05 +0800] [1133/Thread-54 (process_request_thread)] [DEBUG] Request header: suppressed by config/option [logging] request_header_on_debug
[2026-10-05 17:08:05 +0800] [1133/Thread-54 (process_request_thread)] [DEBUG] Sanitized path: '/acceptance/calendar/'
[2026-10-05 17:08:05 +0800] [1133/Thread-54 (process_request_thread)] [INFO] Successful login: 'acceptance' (none)
[2026-10-05 17:08:05 +0800] [1133/Thread-54 (process_request_thread)] [DEBUG] logging of rules which doesn't match suppressed by config/option [logging] rights_rule_doesnt_match_on_debug
[2026-10-05 17:08:05 +0800] [1133/Thread-54 (process_request_thread)] [DEBUG] Rule 'acceptance':'acceptance/calendar' matches '.*':'.*' from section 'all' permission 'RrWw'
[2026-10-05 17:08:05 +0800] [1133/Thread-54 (process_request_thread)] [DEBUG] Request content (XML): suppressed by config/option [logging] request_content_on_debug
[2026-10-05 17:08:05 +0800] [1133/Thread-54 (process_request_thread)] [DEBUG] Client provided sync token: 'http://radicale.org/ns/sync/be3aabf6f89da3924ab6e97ee9b6c5b93319897696f051efde2f662bfa18bc96'
[2026-10-05 17:08:05 +0800] [1133/Thread-54 (process_request_thread)] [DEBUG] Response content (XML): suppressed by config/option [logging] response_content_on_debug
[2026-10-05 17:08:05 +0800] [1133/Thread-54 (process_request_thread)] [DEBUG] Response header: suppressed by config/option [logging] response_header_on_debug
[2026-10-05 17:08:05 +0800] [1133/Thread-54 (process_request_thread)] [INFO] REPORT response status for '/acceptance/calendar/' with depth '1' in 0.002 seconds gzip 175 bytes (getetag sync-collection): 207 Multi-Status
[2026-10-05 17:08:05 +0800] [1133/Thread-55 (process_request_thread)] [INFO] PUT request for '/acceptance/calendar/seed-c.ics' received from 127.0.0.1 using 'Mozilla/5.0 (X11; Linux x86_64; rv:153.0) Gecko/20100101 Thunderbird/153.1.0'
[2026-10-05 17:08:05 +0800] [1133/Thread-55 (process_request_thread)] [DEBUG] Request header: suppressed by config/option [logging] request_header_on_debug
[2026-10-05 17:08:05 +0800] [1133/Thread-55 (process_request_thread)] [DEBUG] Sanitized path: '/acceptance/calendar/seed-c.ics'
[2026-10-05 17:08:05 +0800] [1133/Thread-55 (process_request_thread)] [INFO] Successful login: 'acceptance' (none)
[2026-10-05 17:08:05 +0800] [1133/Thread-55 (process_request_thread)] [DEBUG] logging of rules which doesn't match suppressed by config/option [logging] rights_rule_doesnt_match_on_debug
[2026-10-05 17:08:05 +0800] [1133/Thread-55 (process_request_thread)] [DEBUG] Rule 'acceptance':'acceptance/calendar/seed-c.ics' matches '.*':'.*' from section 'all' permission 'RrWw'
[2026-10-05 17:08:05 +0800] [1133/Thread-55 (process_request_thread)] [DEBUG] Request content: suppressed by config/option [logging] request_content_on_debug
[2026-10-05 17:08:05 +0800] [1133/Thread-55 (process_request_thread)] [DEBUG] logging of rules which doesn't match suppressed by config/option [logging] rights_rule_doesnt_match_on_debug
[2026-10-05 17:08:05 +0800] [1133/Thread-55 (process_request_thread)] [DEBUG] Rule 'acceptance':'acceptance/calendar' matches '.*':'.*' from section 'all' permission 'RrWw'
[2026-10-05 17:08:05 +0800] [1133/Thread-55 (process_request_thread)] [DEBUG] Precondition passed on PUT request for '/acceptance/calendar/seed-c.ics' (HTTP_IF_MATCH: "9a672192cad5f13c8532d57a3a28425d556f786e5648ebfbf1067376c72b9ccd", item has etag: "9a672192cad5f13c8532d57a3a28425d556f786e5648ebfbf1067376c72b9ccd")
[2026-10-05 17:08:05 +0800] [1133/Thread-55 (process_request_thread)] [DEBUG] PUT request contains item with UID 'seed-c' size 568 below limit 10000000: '/acceptance/calendar/seed-c.ics'
[2026-10-05 17:08:05 +0800] [1133/Thread-55 (process_request_thread)] [DEBUG] PUT request updated existing item '/acceptance/calendar/seed-c.ics'
[2026-10-05 17:08:05 +0800] [1133/Thread-55 (process_request_thread)] [DEBUG] Response header: suppressed by config/option [logging] response_header_on_debug
[2026-10-05 17:08:05 +0800] [1133/Thread-55 (process_request_thread)] [INFO] PUT response status for '/acceptance/calendar/seed-c.ics' in 0.003 seconds: 204 No Content
[2026-10-05 17:08:05 +0800] [1133/Thread-56 (process_request_thread)] [INFO] REPORT request for '/acceptance/calendar/' with depth '1' received from 127.0.0.1 using 'Mozilla/5.0 (X11; Linux x86_64; rv:153.0) Gecko/20100101 Thunderbird/153.1.0'
[2026-10-05 17:08:05 +0800] [1133/Thread-56 (process_request_thread)] [DEBUG] Request header: suppressed by config/option [logging] request_header_on_debug
[2026-10-05 17:08:05 +0800] [1133/Thread-56 (process_request_thread)] [DEBUG] Sanitized path: '/acceptance/calendar/'
[2026-10-05 17:08:05 +0800] [1133/Thread-56 (process_request_thread)] [INFO] Successful login: 'acceptance' (none)
[2026-10-05 17:08:05 +0800] [1133/Thread-56 (process_request_thread)] [DEBUG] logging of rules which doesn't match suppressed by config/option [logging] rights_rule_doesnt_match_on_debug
[2026-10-05 17:08:05 +0800] [1133/Thread-56 (process_request_thread)] [DEBUG] Rule 'acceptance':'acceptance/calendar' matches '.*':'.*' from section 'all' permission 'RrWw'
[2026-10-05 17:08:05 +0800] [1133/Thread-56 (process_request_thread)] [DEBUG] Request content (XML): suppressed by config/option [logging] request_content_on_debug
[2026-10-05 17:08:05 +0800] [1133/Thread-56 (process_request_thread)] [DEBUG] Response content (XML): suppressed by config/option [logging] response_content_on_debug
[2026-10-05 17:08:05 +0800] [1133/Thread-56 (process_request_thread)] [DEBUG] Response header: suppressed by config/option [logging] response_header_on_debug
[2026-10-05 17:08:05 +0800] [1133/Thread-56 (process_request_thread)] [INFO] REPORT response status for '/acceptance/calendar/' with depth '1' in 0.002 seconds gzip 641 bytes (getetag): 207 Multi-Status
[2026-10-05 17:08:05 +0800] [1133/Thread-57 (process_request_thread)] [INFO] REPORT request for '/acceptance/calendar/' with depth '1' received from 127.0.0.1 using 'Mozilla/5.0 (X11; Linux x86_64; rv:153.0) Gecko/20100101 Thunderbird/153.1.0'
[2026-10-05 17:08:05 +0800] [1133/Thread-57 (process_request_thread)] [DEBUG] Request header: suppressed by config/option [logging] request_header_on_debug
[2026-10-05 17:08:05 +0800] [1133/Thread-57 (process_request_thread)] [DEBUG] Sanitized path: '/acceptance/calendar/'
[2026-10-05 17:08:05 +0800] [1133/Thread-57 (process_request_thread)] [INFO] Successful login: 'acceptance' (none)
[2026-10-05 17:08:05 +0800] [1133/Thread-58 (process_request_thread)] [INFO] REPORT request for '/acceptance/calendar/' with depth '1' received from 127.0.0.1 using 'Mozilla/5.0 (X11; Linux x86_64; rv:153.0) Gecko/20100101 Thunderbird/153.1.0'
[2026-10-05 17:08:05 +0800] [1133/Thread-58 (process_request_thread)] [DEBUG] Request header: suppressed by config/option [logging] request_header_on_debug
[2026-10-05 17:08:05 +0800] [1133/Thread-58 (process_request_thread)] [DEBUG] Sanitized path: '/acceptance/calendar/'
[2026-10-05 17:08:05 +0800] [1133/Thread-58 (process_request_thread)] [INFO] Successful login: 'acceptance' (none)
[2026-10-05 17:08:05 +0800] [1133/Thread-57 (process_request_thread)] [DEBUG] logging of rules which doesn't match suppressed by config/option [logging] rights_rule_doesnt_match_on_debug
[2026-10-05 17:08:05 +0800] [1133/Thread-57 (process_request_thread)] [DEBUG] Rule 'acceptance':'acceptance/calendar' matches '.*':'.*' from section 'all' permission 'RrWw'
[2026-10-05 17:08:05 +0800] [1133/Thread-57 (process_request_thread)] [DEBUG] Request content (XML): suppressed by config/option [logging] request_content_on_debug
[2026-10-05 17:08:05 +0800] [1133/Thread-58 (process_request_thread)] [DEBUG] logging of rules which doesn't match suppressed by config/option [logging] rights_rule_doesnt_match_on_debug
[2026-10-05 17:08:05 +0800] [1133/Thread-58 (process_request_thread)] [DEBUG] Rule 'acceptance':'acceptance/calendar' matches '.*':'.*' from section 'all' permission 'RrWw'
[2026-10-05 17:08:05 +0800] [1133/Thread-58 (process_request_thread)] [DEBUG] Request content (XML): suppressed by config/option [logging] request_content_on_debug
[2026-10-05 17:08:05 +0800] [1133/Thread-57 (process_request_thread)] [DEBUG] Client provided sync token: 'http://radicale.org/ns/sync/be3aabf6f89da3924ab6e97ee9b6c5b93319897696f051efde2f662bfa18bc96'
[2026-10-05 17:08:05 +0800] [1133/Thread-58 (process_request_thread)] [DEBUG] Response content (XML): suppressed by config/option [logging] response_content_on_debug
[2026-10-05 17:08:05 +0800] [1133/Thread-58 (process_request_thread)] [DEBUG] Response header: suppressed by config/option [logging] response_header_on_debug
[2026-10-05 17:08:05 +0800] [1133/Thread-58 (process_request_thread)] [INFO] REPORT response status for '/acceptance/calendar/' with depth '1' in 0.003 seconds gzip 641 bytes (getetag): 207 Multi-Status
[2026-10-05 17:08:05 +0800] [1133/Thread-57 (process_request_thread)] [DEBUG] Response content (XML): suppressed by config/option [logging] response_content_on_debug
[2026-10-05 17:08:05 +0800] [1133/Thread-57 (process_request_thread)] [DEBUG] Response header: suppressed by config/option [logging] response_header_on_debug
[2026-10-05 17:08:05 +0800] [1133/Thread-57 (process_request_thread)] [INFO] REPORT response status for '/acceptance/calendar/' with depth '1' in 0.005 seconds gzip 346 bytes (getetag sync-collection): 207 Multi-Status
[2026-10-05 17:08:05 +0800] [1133/Thread-59 (process_request_thread)] [INFO] REPORT request for '/acceptance/calendar/' with depth '1' received from 127.0.0.1 using 'Mozilla/5.0 (X11; Linux x86_64; rv:153.0) Gecko/20100101 Thunderbird/153.1.0'
[2026-10-05 17:08:05 +0800] [1133/Thread-59 (process_request_thread)] [DEBUG] Request header: suppressed by config/option [logging] request_header_on_debug
[2026-10-05 17:08:05 +0800] [1133/Thread-59 (process_request_thread)] [DEBUG] Sanitized path: '/acceptance/calendar/'
[2026-10-05 17:08:05 +0800] [1133/Thread-59 (process_request_thread)] [INFO] Successful login: 'acceptance' (none)
[2026-10-05 17:08:05 +0800] [1133/Thread-59 (process_request_thread)] [DEBUG] logging of rules which doesn't match suppressed by config/option [logging] rights_rule_doesnt_match_on_debug
[2026-10-05 17:08:05 +0800] [1133/Thread-59 (process_request_thread)] [DEBUG] Rule 'acceptance':'acceptance/calendar' matches '.*':'.*' from section 'all' permission 'RrWw'
[2026-10-05 17:08:05 +0800] [1133/Thread-59 (process_request_thread)] [DEBUG] Request content (XML): suppressed by config/option [logging] request_content_on_debug
[2026-10-05 17:08:05 +0800] [1133/Thread-59 (process_request_thread)] [DEBUG] Client provided sync token: 'http://radicale.org/ns/sync/dc63d70e1da700e942d8ab7f852d586d1d54d563ceac03874abe91babea9ee91'
[2026-10-05 17:08:05 +0800] [1133/Thread-59 (process_request_thread)] [DEBUG] Response content (XML): suppressed by config/option [logging] response_content_on_debug
[2026-10-05 17:08:05 +0800] [1133/Thread-59 (process_request_thread)] [DEBUG] Response header: suppressed by config/option [logging] response_header_on_debug
[2026-10-05 17:08:05 +0800] [1133/Thread-59 (process_request_thread)] [INFO] REPORT response status for '/acceptance/calendar/' with depth '1' in 0.002 seconds gzip 178 bytes (getetag sync-collection): 207 Multi-Status
[2026-10-05 17:08:06 +0800] [1133/Thread-60 (process_request_thread)] [INFO] GET request for '/acceptance/calendar/seed-c.ics' received from 127.0.0.1 using 'Python-urllib/3.12'
[2026-10-05 17:08:06 +0800] [1133/Thread-60 (process_request_thread)] [DEBUG] Request header: suppressed by config/option [logging] request_header_on_debug
[2026-10-05 17:08:06 +0800] [1133/Thread-60 (process_request_thread)] [DEBUG] Sanitized path: '/acceptance/calendar/seed-c.ics'
[2026-10-05 17:08:06 +0800] [1133/Thread-60 (process_request_thread)] [INFO] Successful login: 'acceptance' (none)
[2026-10-05 17:08:06 +0800] [1133/Thread-60 (process_request_thread)] [DEBUG] logging of rules which doesn't match suppressed by config/option [logging] rights_rule_doesnt_match_on_debug
[2026-10-05 17:08:06 +0800] [1133/Thread-60 (process_request_thread)] [DEBUG] Rule 'acceptance':'acceptance/calendar/seed-c.ics' matches '.*':'.*' from section 'all' permission 'RrWw'
[2026-10-05 17:08:06 +0800] [1133/Thread-60 (process_request_thread)] [DEBUG] logging of rules which doesn't match suppressed by config/option [logging] rights_rule_doesnt_match_on_debug
[2026-10-05 17:08:06 +0800] [1133/Thread-60 (process_request_thread)] [DEBUG] Rule 'acceptance':'acceptance/calendar' matches '.*':'.*' from section 'all' permission 'RrWw'
[2026-10-05 17:08:06 +0800] [1133/Thread-60 (process_request_thread)] [DEBUG] Response content: suppressed by config/option [logging] response_content_on_debug
[2026-10-05 17:08:06 +0800] [1133/Thread-60 (process_request_thread)] [DEBUG] Response header: suppressed by config/option [logging] response_header_on_debug
[2026-10-05 17:08:06 +0800] [1133/Thread-60 (process_request_thread)] [INFO] GET response status for '/acceptance/calendar/seed-c.ics' in 0.001 seconds plain 568 bytes: 200 OK
[2026-10-05 17:08:06 +0800] [1133/Thread-61 (process_request_thread)] [INFO] REPORT request for '/acceptance/calendar/' with depth '1' received from 127.0.0.1 using 'Mozilla/5.0 (X11; Linux x86_64; rv:153.0) Gecko/20100101 Thunderbird/153.1.0'
[2026-10-05 17:08:06 +0800] [1133/Thread-61 (process_request_thread)] [DEBUG] Request header: suppressed by config/option [logging] request_header_on_debug
[2026-10-05 17:08:06 +0800] [1133/Thread-61 (process_request_thread)] [DEBUG] Sanitized path: '/acceptance/calendar/'
[2026-10-05 17:08:06 +0800] [1133/Thread-61 (process_request_thread)] [INFO] Successful login: 'acceptance' (none)
[2026-10-05 17:08:06 +0800] [1133/Thread-61 (process_request_thread)] [DEBUG] logging of rules which doesn't match suppressed by config/option [logging] rights_rule_doesnt_match_on_debug
[2026-10-05 17:08:06 +0800] [1133/Thread-61 (process_request_thread)] [DEBUG] Rule 'acceptance':'acceptance/calendar' matches '.*':'.*' from section 'all' permission 'RrWw'
[2026-10-05 17:08:06 +0800] [1133/Thread-61 (process_request_thread)] [DEBUG] Request content (XML): suppressed by config/option [logging] request_content_on_debug
[2026-10-05 17:08:06 +0800] [1133/Thread-61 (process_request_thread)] [DEBUG] Response content (XML): suppressed by config/option [logging] response_content_on_debug
[2026-10-05 17:08:06 +0800] [1133/Thread-61 (process_request_thread)] [DEBUG] Response header: suppressed by config/option [logging] response_header_on_debug
[2026-10-05 17:08:06 +0800] [1133/Thread-61 (process_request_thread)] [INFO] REPORT response status for '/acceptance/calendar/' with depth '1' in 0.002 seconds gzip 641 bytes (getetag): 207 Multi-Status
[2026-10-05 17:08:06 +0800] [1133/Thread-62 (process_request_thread)] [INFO] REPORT request for '/acceptance/calendar/' with depth '1' received from 127.0.0.1 using 'Mozilla/5.0 (X11; Linux x86_64; rv:153.0) Gecko/20100101 Thunderbird/153.1.0'
[2026-10-05 17:08:06 +0800] [1133/Thread-62 (process_request_thread)] [DEBUG] Request header: suppressed by config/option [logging] request_header_on_debug
[2026-10-05 17:08:06 +0800] [1133/Thread-62 (process_request_thread)] [DEBUG] Sanitized path: '/acceptance/calendar/'
[2026-10-05 17:08:06 +0800] [1133/Thread-62 (process_request_thread)] [INFO] Successful login: 'acceptance' (none)
[2026-10-05 17:08:06 +0800] [1133/Thread-62 (process_request_thread)] [DEBUG] logging of rules which doesn't match suppressed by config/option [logging] rights_rule_doesnt_match_on_debug
[2026-10-05 17:08:06 +0800] [1133/Thread-62 (process_request_thread)] [DEBUG] Rule 'acceptance':'acceptance/calendar' matches '.*':'.*' from section 'all' permission 'RrWw'
[2026-10-05 17:08:06 +0800] [1133/Thread-62 (process_request_thread)] [DEBUG] Request content (XML): suppressed by config/option [logging] request_content_on_debug
[2026-10-05 17:08:06 +0800] [1133/Thread-62 (process_request_thread)] [DEBUG] Client provided sync token: 'http://radicale.org/ns/sync/dc63d70e1da700e942d8ab7f852d586d1d54d563ceac03874abe91babea9ee91'
[2026-10-05 17:08:06 +0800] [1133/Thread-62 (process_request_thread)] [DEBUG] Response content (XML): suppressed by config/option [logging] response_content_on_debug
[2026-10-05 17:08:06 +0800] [1133/Thread-62 (process_request_thread)] [DEBUG] Response header: suppressed by config/option [logging] response_header_on_debug
[2026-10-05 17:08:06 +0800] [1133/Thread-62 (process_request_thread)] [INFO] REPORT response status for '/acceptance/calendar/' with depth '1' in 0.001 seconds gzip 178 bytes (getetag sync-collection): 207 Multi-Status
[2026-10-05 17:08:06 +0800] [1133/Thread-63 (process_request_thread)] [INFO] PUT request for '/acceptance/calendar/seed-c.ics' received from 127.0.0.1 using 'Mozilla/5.0 (X11; Linux x86_64; rv:153.0) Gecko/20100101 Thunderbird/153.1.0'
[2026-10-05 17:08:06 +0800] [1133/Thread-63 (process_request_thread)] [DEBUG] Request header: suppressed by config/option [logging] request_header_on_debug
[2026-10-05 17:08:06 +0800] [1133/Thread-63 (process_request_thread)] [DEBUG] Sanitized path: '/acceptance/calendar/seed-c.ics'
[2026-10-05 17:08:06 +0800] [1133/Thread-63 (process_request_thread)] [INFO] Successful login: 'acceptance' (none)
[2026-10-05 17:08:06 +0800] [1133/Thread-63 (process_request_thread)] [DEBUG] logging of rules which doesn't match suppressed by config/option [logging] rights_rule_doesnt_match_on_debug
[2026-10-05 17:08:06 +0800] [1133/Thread-63 (process_request_thread)] [DEBUG] Rule 'acceptance':'acceptance/calendar/seed-c.ics' matches '.*':'.*' from section 'all' permission 'RrWw'
[2026-10-05 17:08:06 +0800] [1133/Thread-63 (process_request_thread)] [DEBUG] Request content: suppressed by config/option [logging] request_content_on_debug
[2026-10-05 17:08:06 +0800] [1133/Thread-63 (process_request_thread)] [DEBUG] logging of rules which doesn't match suppressed by config/option [logging] rights_rule_doesnt_match_on_debug
[2026-10-05 17:08:06 +0800] [1133/Thread-63 (process_request_thread)] [DEBUG] Rule 'acceptance':'acceptance/calendar' matches '.*':'.*' from section 'all' permission 'RrWw'
[2026-10-05 17:08:06 +0800] [1133/Thread-63 (process_request_thread)] [DEBUG] Precondition passed on PUT request for '/acceptance/calendar/seed-c.ics' (HTTP_IF_MATCH: "8f2503d71b85f5db082ab5006c8fb34d2a6bd25e8c636ce6f1e1282fa74ff40b", item has etag: "8f2503d71b85f5db082ab5006c8fb34d2a6bd25e8c636ce6f1e1282fa74ff40b")
[2026-10-05 17:08:06 +0800] [1133/Thread-63 (process_request_thread)] [DEBUG] PUT request contains item with UID 'seed-c' size 596 below limit 10000000: '/acceptance/calendar/seed-c.ics'
[2026-10-05 17:08:06 +0800] [1133/Thread-63 (process_request_thread)] [DEBUG] PUT request updated existing item '/acceptance/calendar/seed-c.ics'
[2026-10-05 17:08:06 +0800] [1133/Thread-63 (process_request_thread)] [DEBUG] Response header: suppressed by config/option [logging] response_header_on_debug
[2026-10-05 17:08:06 +0800] [1133/Thread-63 (process_request_thread)] [INFO] PUT response status for '/acceptance/calendar/seed-c.ics' in 0.003 seconds: 204 No Content
[2026-10-05 17:08:06 +0800] [1133/Thread-64 (process_request_thread)] [INFO] REPORT request for '/acceptance/calendar/' with depth '1' received from 127.0.0.1 using 'Mozilla/5.0 (X11; Linux x86_64; rv:153.0) Gecko/20100101 Thunderbird/153.1.0'
[2026-10-05 17:08:06 +0800] [1133/Thread-64 (process_request_thread)] [DEBUG] Request header: suppressed by config/option [logging] request_header_on_debug
[2026-10-05 17:08:06 +0800] [1133/Thread-64 (process_request_thread)] [DEBUG] Sanitized path: '/acceptance/calendar/'
[2026-10-05 17:08:06 +0800] [1133/Thread-64 (process_request_thread)] [INFO] Successful login: 'acceptance' (none)
[2026-10-05 17:08:06 +0800] [1133/Thread-64 (process_request_thread)] [DEBUG] logging of rules which doesn't match suppressed by config/option [logging] rights_rule_doesnt_match_on_debug
[2026-10-05 17:08:06 +0800] [1133/Thread-64 (process_request_thread)] [DEBUG] Rule 'acceptance':'acceptance/calendar' matches '.*':'.*' from section 'all' permission 'RrWw'
[2026-10-05 17:08:06 +0800] [1133/Thread-64 (process_request_thread)] [DEBUG] Request content (XML): suppressed by config/option [logging] request_content_on_debug
[2026-10-05 17:08:06 +0800] [1133/Thread-64 (process_request_thread)] [DEBUG] Response content (XML): suppressed by config/option [logging] response_content_on_debug
[2026-10-05 17:08:06 +0800] [1133/Thread-64 (process_request_thread)] [DEBUG] Response header: suppressed by config/option [logging] response_header_on_debug
[2026-10-05 17:08:06 +0800] [1133/Thread-64 (process_request_thread)] [INFO] REPORT response status for '/acceptance/calendar/' with depth '1' in 0.001 seconds gzip 648 bytes (getetag): 207 Multi-Status
[2026-10-05 17:08:06 +0800] [1133/Thread-65 (process_request_thread)] [INFO] REPORT request for '/acceptance/calendar/' with depth '1' received from 127.0.0.1 using 'Mozilla/5.0 (X11; Linux x86_64; rv:153.0) Gecko/20100101 Thunderbird/153.1.0'
[2026-10-05 17:08:06 +0800] [1133/Thread-65 (process_request_thread)] [DEBUG] Request header: suppressed by config/option [logging] request_header_on_debug
[2026-10-05 17:08:06 +0800] [1133/Thread-65 (process_request_thread)] [DEBUG] Sanitized path: '/acceptance/calendar/'
[2026-10-05 17:08:06 +0800] [1133/Thread-65 (process_request_thread)] [INFO] Successful login: 'acceptance' (none)
[2026-10-05 17:08:06 +0800] [1133/Thread-66 (process_request_thread)] [INFO] REPORT request for '/acceptance/calendar/' with depth '1' received from 127.0.0.1 using 'Mozilla/5.0 (X11; Linux x86_64; rv:153.0) Gecko/20100101 Thunderbird/153.1.0'
[2026-10-05 17:08:06 +0800] [1133/Thread-66 (process_request_thread)] [DEBUG] Request header: suppressed by config/option [logging] request_header_on_debug
[2026-10-05 17:08:06 +0800] [1133/Thread-66 (process_request_thread)] [DEBUG] Sanitized path: '/acceptance/calendar/'
[2026-10-05 17:08:06 +0800] [1133/Thread-66 (process_request_thread)] [INFO] Successful login: 'acceptance' (none)
[2026-10-05 17:08:06 +0800] [1133/Thread-65 (process_request_thread)] [DEBUG] logging of rules which doesn't match suppressed by config/option [logging] rights_rule_doesnt_match_on_debug
[2026-10-05 17:08:06 +0800] [1133/Thread-65 (process_request_thread)] [DEBUG] Rule 'acceptance':'acceptance/calendar' matches '.*':'.*' from section 'all' permission 'RrWw'
[2026-10-05 17:08:06 +0800] [1133/Thread-65 (process_request_thread)] [DEBUG] Request content (XML): suppressed by config/option [logging] request_content_on_debug
[2026-10-05 17:08:06 +0800] [1133/Thread-66 (process_request_thread)] [DEBUG] logging of rules which doesn't match suppressed by config/option [logging] rights_rule_doesnt_match_on_debug
[2026-10-05 17:08:06 +0800] [1133/Thread-66 (process_request_thread)] [DEBUG] Rule 'acceptance':'acceptance/calendar' matches '.*':'.*' from section 'all' permission 'RrWw'
[2026-10-05 17:08:06 +0800] [1133/Thread-66 (process_request_thread)] [DEBUG] Request content (XML): suppressed by config/option [logging] request_content_on_debug
[2026-10-05 17:08:06 +0800] [1133/Thread-65 (process_request_thread)] [DEBUG] Client provided sync token: 'http://radicale.org/ns/sync/dc63d70e1da700e942d8ab7f852d586d1d54d563ceac03874abe91babea9ee91'
[2026-10-05 17:08:06 +0800] [1133/Thread-66 (process_request_thread)] [DEBUG] Response content (XML): suppressed by config/option [logging] response_content_on_debug
[2026-10-05 17:08:06 +0800] [1133/Thread-66 (process_request_thread)] [DEBUG] Response header: suppressed by config/option [logging] response_header_on_debug
[2026-10-05 17:08:06 +0800] [1133/Thread-66 (process_request_thread)] [INFO] REPORT response status for '/acceptance/calendar/' with depth '1' in 0.002 seconds gzip 648 bytes (getetag): 207 Multi-Status
[2026-10-05 17:08:06 +0800] [1133/Thread-65 (process_request_thread)] [DEBUG] Response content (XML): suppressed by config/option [logging] response_content_on_debug
[2026-10-05 17:08:06 +0800] [1133/Thread-65 (process_request_thread)] [DEBUG] Response header: suppressed by config/option [logging] response_header_on_debug
[2026-10-05 17:08:06 +0800] [1133/Thread-65 (process_request_thread)] [INFO] REPORT response status for '/acceptance/calendar/' with depth '1' in 0.005 seconds gzip 345 bytes (getetag sync-collection): 207 Multi-Status
[2026-10-05 17:08:06 +0800] [1133/Thread-67 (process_request_thread)] [INFO] REPORT request for '/acceptance/calendar/' with depth '1' received from 127.0.0.1 using 'Mozilla/5.0 (X11; Linux x86_64; rv:153.0) Gecko/20100101 Thunderbird/153.1.0'
[2026-10-05 17:08:06 +0800] [1133/Thread-67 (process_request_thread)] [DEBUG] Request header: suppressed by config/option [logging] request_header_on_debug
[2026-10-05 17:08:06 +0800] [1133/Thread-67 (process_request_thread)] [DEBUG] Sanitized path: '/acceptance/calendar/'
[2026-10-05 17:08:06 +0800] [1133/Thread-67 (process_request_thread)] [INFO] Successful login: 'acceptance' (none)
[2026-10-05 17:08:06 +0800] [1133/Thread-67 (process_request_thread)] [DEBUG] logging of rules which doesn't match suppressed by config/option [logging] rights_rule_doesnt_match_on_debug
[2026-10-05 17:08:06 +0800] [1133/Thread-67 (process_request_thread)] [DEBUG] Rule 'acceptance':'acceptance/calendar' matches '.*':'.*' from section 'all' permission 'RrWw'
[2026-10-05 17:08:06 +0800] [1133/Thread-67 (process_request_thread)] [DEBUG] Request content (XML): suppressed by config/option [logging] request_content_on_debug
[2026-10-05 17:08:06 +0800] [1133/Thread-67 (process_request_thread)] [DEBUG] Client provided sync token: 'http://radicale.org/ns/sync/2c899fcaca97c8a53fb96ebcd9f91dd5ca583122b87c91aabbdfe90bfb82ae0d'
[2026-10-05 17:08:06 +0800] [1133/Thread-67 (process_request_thread)] [DEBUG] Response content (XML): suppressed by config/option [logging] response_content_on_debug
[2026-10-05 17:08:06 +0800] [1133/Thread-67 (process_request_thread)] [DEBUG] Response header: suppressed by config/option [logging] response_header_on_debug
[2026-10-05 17:08:06 +0800] [1133/Thread-67 (process_request_thread)] [INFO] REPORT response status for '/acceptance/calendar/' with depth '1' in 0.002 seconds gzip 175 bytes (getetag sync-collection): 207 Multi-Status
[2026-10-05 17:08:06 +0800] [1133/Thread-68 (process_request_thread)] [INFO] GET request for '/acceptance/calendar/seed-c.ics' received from 127.0.0.1 using 'Python-urllib/3.12'
[2026-10-05 17:08:06 +0800] [1133/Thread-68 (process_request_thread)] [DEBUG] Request header: suppressed by config/option [logging] request_header_on_debug
[2026-10-05 17:08:06 +0800] [1133/Thread-68 (process_request_thread)] [DEBUG] Sanitized path: '/acceptance/calendar/seed-c.ics'
[2026-10-05 17:08:06 +0800] [1133/Thread-68 (process_request_thread)] [INFO] Successful login: 'acceptance' (none)
[2026-10-05 17:08:06 +0800] [1133/Thread-68 (process_request_thread)] [DEBUG] logging of rules which doesn't match suppressed by config/option [logging] rights_rule_doesnt_match_on_debug
[2026-10-05 17:08:06 +0800] [1133/Thread-68 (process_request_thread)] [DEBUG] Rule 'acceptance':'acceptance/calendar/seed-c.ics' matches '.*':'.*' from section 'all' permission 'RrWw'
[2026-10-05 17:08:06 +0800] [1133/Thread-68 (process_request_thread)] [DEBUG] logging of rules which doesn't match suppressed by config/option [logging] rights_rule_doesnt_match_on_debug
[2026-10-05 17:08:06 +0800] [1133/Thread-68 (process_request_thread)] [DEBUG] Rule 'acceptance':'acceptance/calendar' matches '.*':'.*' from section 'all' permission 'RrWw'
[2026-10-05 17:08:06 +0800] [1133/Thread-68 (process_request_thread)] [DEBUG] Response content: suppressed by config/option [logging] response_content_on_debug
[2026-10-05 17:08:06 +0800] [1133/Thread-68 (process_request_thread)] [DEBUG] Response header: suppressed by config/option [logging] response_header_on_debug
[2026-10-05 17:08:06 +0800] [1133/Thread-68 (process_request_thread)] [INFO] GET response status for '/acceptance/calendar/seed-c.ics' in 0.001 seconds plain 596 bytes: 200 OK
[2026-10-05 17:08:06 +0800] [1133/Thread-69 (process_request_thread)] [INFO] PUT request for '/acceptance/calendar/recurring.ics' received from 127.0.0.1 using 'Python-urllib/3.12'
[2026-10-05 17:08:06 +0800] [1133/Thread-69 (process_request_thread)] [DEBUG] Request header: suppressed by config/option [logging] request_header_on_debug
[2026-10-05 17:08:06 +0800] [1133/Thread-69 (process_request_thread)] [DEBUG] Sanitized path: '/acceptance/calendar/recurring.ics'
[2026-10-05 17:08:06 +0800] [1133/Thread-69 (process_request_thread)] [INFO] Successful login: 'acceptance' (none)
[2026-10-05 17:08:06 +0800] [1133/Thread-69 (process_request_thread)] [DEBUG] logging of rules which doesn't match suppressed by config/option [logging] rights_rule_doesnt_match_on_debug
[2026-10-05 17:08:06 +0800] [1133/Thread-69 (process_request_thread)] [DEBUG] Rule 'acceptance':'acceptance/calendar/recurring.ics' matches '.*':'.*' from section 'all' permission 'RrWw'
[2026-10-05 17:08:06 +0800] [1133/Thread-69 (process_request_thread)] [DEBUG] Request content: suppressed by config/option [logging] request_content_on_debug
[2026-10-05 17:08:06 +0800] [1133/Thread-69 (process_request_thread)] [DEBUG] logging of rules which doesn't match suppressed by config/option [logging] rights_rule_doesnt_match_on_debug
[2026-10-05 17:08:06 +0800] [1133/Thread-69 (process_request_thread)] [DEBUG] Rule 'acceptance':'acceptance/calendar' matches '.*':'.*' from section 'all' permission 'RrWw'
[2026-10-05 17:08:06 +0800] [1133/Thread-69 (process_request_thread)] [DEBUG] Recurrence rule count in VTODO in object 'recurring': 3 (PASSED/limit: 10000)
[2026-10-05 17:08:06 +0800] [1133/Thread-69 (process_request_thread)] [DEBUG] Recurrence rule 'FREQ=DAILY;COUNT=3' entries in VTODO in object 'recurring': 3 (calculated/PASSED/limit: 10000)
[2026-10-05 17:08:06 +0800] [1133/Thread-69 (process_request_thread)] [DEBUG] PUT request contains item with UID 'recurring' size 318 below limit 10000000: '/acceptance/calendar/recurring.ics'
[2026-10-05 17:08:06 +0800] [1133/Thread-69 (process_request_thread)] [DEBUG] Response header: suppressed by config/option [logging] response_header_on_debug
[2026-10-05 17:08:06 +0800] [1133/Thread-69 (process_request_thread)] [INFO] PUT response status for '/acceptance/calendar/recurring.ics' in 0.002 seconds: 201 Created
[2026-10-05 17:08:06 +0800] [1133/Thread-70 (process_request_thread)] [INFO] REPORT request for '/acceptance/calendar/' with depth '1' received from 127.0.0.1 using 'Mozilla/5.0 (X11; Linux x86_64; rv:153.0) Gecko/20100101 Thunderbird/153.1.0'
[2026-10-05 17:08:06 +0800] [1133/Thread-70 (process_request_thread)] [DEBUG] Request header: suppressed by config/option [logging] request_header_on_debug
[2026-10-05 17:08:06 +0800] [1133/Thread-70 (process_request_thread)] [DEBUG] Sanitized path: '/acceptance/calendar/'
[2026-10-05 17:08:06 +0800] [1133/Thread-70 (process_request_thread)] [INFO] Successful login: 'acceptance' (none)
[2026-10-05 17:08:06 +0800] [1133/Thread-70 (process_request_thread)] [DEBUG] logging of rules which doesn't match suppressed by config/option [logging] rights_rule_doesnt_match_on_debug
[2026-10-05 17:08:06 +0800] [1133/Thread-70 (process_request_thread)] [DEBUG] Rule 'acceptance':'acceptance/calendar' matches '.*':'.*' from section 'all' permission 'RrWw'
[2026-10-05 17:08:06 +0800] [1133/Thread-70 (process_request_thread)] [DEBUG] Request content (XML): suppressed by config/option [logging] request_content_on_debug
[2026-10-05 17:08:06 +0800] [1133/Thread-70 (process_request_thread)] [DEBUG] Client provided sync token: 'http://radicale.org/ns/sync/2c899fcaca97c8a53fb96ebcd9f91dd5ca583122b87c91aabbdfe90bfb82ae0d'
[2026-10-05 17:08:06 +0800] [1133/Thread-70 (process_request_thread)] [DEBUG] Response content (XML): suppressed by config/option [logging] response_content_on_debug
[2026-10-05 17:08:06 +0800] [1133/Thread-70 (process_request_thread)] [DEBUG] Response header: suppressed by config/option [logging] response_header_on_debug
[2026-10-05 17:08:06 +0800] [1133/Thread-70 (process_request_thread)] [INFO] REPORT response status for '/acceptance/calendar/' with depth '1' in 0.002 seconds gzip 349 bytes (getetag sync-collection): 207 Multi-Status
[2026-10-05 17:08:06 +0800] [1133/Thread-71 (process_request_thread)] [INFO] REPORT request for '/acceptance/calendar/' with depth '1' received from 127.0.0.1 using 'Mozilla/5.0 (X11; Linux x86_64; rv:153.0) Gecko/20100101 Thunderbird/153.1.0'
[2026-10-05 17:08:06 +0800] [1133/Thread-71 (process_request_thread)] [DEBUG] Request header: suppressed by config/option [logging] request_header_on_debug
[2026-10-05 17:08:06 +0800] [1133/Thread-71 (process_request_thread)] [DEBUG] Sanitized path: '/acceptance/calendar/'
[2026-10-05 17:08:06 +0800] [1133/Thread-71 (process_request_thread)] [INFO] Successful login: 'acceptance' (none)
[2026-10-05 17:08:06 +0800] [1133/Thread-71 (process_request_thread)] [DEBUG] logging of rules which doesn't match suppressed by config/option [logging] rights_rule_doesnt_match_on_debug
[2026-10-05 17:08:06 +0800] [1133/Thread-71 (process_request_thread)] [DEBUG] Rule 'acceptance':'acceptance/calendar' matches '.*':'.*' from section 'all' permission 'RrWw'
[2026-10-05 17:08:06 +0800] [1133/Thread-71 (process_request_thread)] [DEBUG] Request content (XML): suppressed by config/option [logging] request_content_on_debug
[2026-10-05 17:08:06 +0800] [1133/Thread-71 (process_request_thread)] [DEBUG] Response content (XML): suppressed by config/option [logging] response_content_on_debug
[2026-10-05 17:08:06 +0800] [1133/Thread-71 (process_request_thread)] [DEBUG] Response header: suppressed by config/option [logging] response_header_on_debug
[2026-10-05 17:08:06 +0800] [1133/Thread-71 (process_request_thread)] [INFO] REPORT response status for '/acceptance/calendar/' with depth '1' in 0.001 seconds gzip 458 bytes (getetag): 207 Multi-Status
[2026-10-05 17:08:06 +0800] [1133/Thread-72 (process_request_thread)] [INFO] REPORT request for '/acceptance/calendar/' with depth '1' received from 127.0.0.1 using 'Mozilla/5.0 (X11; Linux x86_64; rv:153.0) Gecko/20100101 Thunderbird/153.1.0'
[2026-10-05 17:08:06 +0800] [1133/Thread-72 (process_request_thread)] [DEBUG] Request header: suppressed by config/option [logging] request_header_on_debug
[2026-10-05 17:08:06 +0800] [1133/Thread-72 (process_request_thread)] [DEBUG] Sanitized path: '/acceptance/calendar/'
[2026-10-05 17:08:06 +0800] [1133/Thread-72 (process_request_thread)] [INFO] Successful login: 'acceptance' (none)
[2026-10-05 17:08:06 +0800] [1133/Thread-72 (process_request_thread)] [DEBUG] logging of rules which doesn't match suppressed by config/option [logging] rights_rule_doesnt_match_on_debug
[2026-10-05 17:08:06 +0800] [1133/Thread-72 (process_request_thread)] [DEBUG] Rule 'acceptance':'acceptance/calendar' matches '.*':'.*' from section 'all' permission 'RrWw'
[2026-10-05 17:08:06 +0800] [1133/Thread-72 (process_request_thread)] [DEBUG] Request content (XML): suppressed by config/option [logging] request_content_on_debug
[2026-10-05 17:08:06 +0800] [1133/Thread-72 (process_request_thread)] [DEBUG] Response content (XML): suppressed by config/option [logging] response_content_on_debug
[2026-10-05 17:08:06 +0800] [1133/Thread-72 (process_request_thread)] [DEBUG] Response header: suppressed by config/option [logging] response_header_on_debug
[2026-10-05 17:08:06 +0800] [1133/Thread-72 (process_request_thread)] [INFO] REPORT response status for '/acceptance/calendar/' with depth '1' in 0.002 seconds gzip 458 bytes (getetag): 207 Multi-Status
[2026-10-05 17:08:06 +0800] [1133/Thread-73 (process_request_thread)] [INFO] REPORT request for '/acceptance/calendar/' with depth '1' received from 127.0.0.1 using 'Mozilla/5.0 (X11; Linux x86_64; rv:153.0) Gecko/20100101 Thunderbird/153.1.0'
[2026-10-05 17:08:06 +0800] [1133/Thread-73 (process_request_thread)] [DEBUG] Request header: suppressed by config/option [logging] request_header_on_debug
[2026-10-05 17:08:06 +0800] [1133/Thread-73 (process_request_thread)] [DEBUG] Sanitized path: '/acceptance/calendar/'
[2026-10-05 17:08:06 +0800] [1133/Thread-73 (process_request_thread)] [INFO] Successful login: 'acceptance' (none)
[2026-10-05 17:08:06 +0800] [1133/Thread-73 (process_request_thread)] [DEBUG] logging of rules which doesn't match suppressed by config/option [logging] rights_rule_doesnt_match_on_debug
[2026-10-05 17:08:06 +0800] [1133/Thread-73 (process_request_thread)] [DEBUG] Rule 'acceptance':'acceptance/calendar' matches '.*':'.*' from section 'all' permission 'RrWw'
[2026-10-05 17:08:06 +0800] [1133/Thread-73 (process_request_thread)] [DEBUG] Request content (XML): suppressed by config/option [logging] request_content_on_debug
[2026-10-05 17:08:06 +0800] [1133/Thread-73 (process_request_thread)] [DEBUG] Client provided sync token: 'http://radicale.org/ns/sync/8daa137b1e5097ecc3a1a00d2974ea69aca0b22d26522b5c29e2340df4bc342c'
[2026-10-05 17:08:06 +0800] [1133/Thread-73 (process_request_thread)] [DEBUG] Response content (XML): suppressed by config/option [logging] response_content_on_debug
[2026-10-05 17:08:06 +0800] [1133/Thread-73 (process_request_thread)] [DEBUG] Response header: suppressed by config/option [logging] response_header_on_debug
[2026-10-05 17:08:06 +0800] [1133/Thread-73 (process_request_thread)] [INFO] REPORT response status for '/acceptance/calendar/' with depth '1' in 0.001 seconds gzip 175 bytes (getetag sync-collection): 207 Multi-Status
[2026-10-05 17:08:06 +0800] [1133/Thread-74 (process_request_thread)] [INFO] PUT request for '/acceptance/calendar/recurring.ics' received from 127.0.0.1 using 'Mozilla/5.0 (X11; Linux x86_64; rv:153.0) Gecko/20100101 Thunderbird/153.1.0'
[2026-10-05 17:08:06 +0800] [1133/Thread-74 (process_request_thread)] [DEBUG] Request header: suppressed by config/option [logging] request_header_on_debug
[2026-10-05 17:08:06 +0800] [1133/Thread-74 (process_request_thread)] [DEBUG] Sanitized path: '/acceptance/calendar/recurring.ics'
[2026-10-05 17:08:06 +0800] [1133/Thread-74 (process_request_thread)] [INFO] Successful login: 'acceptance' (none)
[2026-10-05 17:08:06 +0800] [1133/Thread-74 (process_request_thread)] [DEBUG] logging of rules which doesn't match suppressed by config/option [logging] rights_rule_doesnt_match_on_debug
[2026-10-05 17:08:06 +0800] [1133/Thread-74 (process_request_thread)] [DEBUG] Rule 'acceptance':'acceptance/calendar/recurring.ics' matches '.*':'.*' from section 'all' permission 'RrWw'
[2026-10-05 17:08:06 +0800] [1133/Thread-74 (process_request_thread)] [DEBUG] Request content: suppressed by config/option [logging] request_content_on_debug
[2026-10-05 17:08:06 +0800] [1133/Thread-74 (process_request_thread)] [DEBUG] logging of rules which doesn't match suppressed by config/option [logging] rights_rule_doesnt_match_on_debug
[2026-10-05 17:08:06 +0800] [1133/Thread-74 (process_request_thread)] [DEBUG] Rule 'acceptance':'acceptance/calendar' matches '.*':'.*' from section 'all' permission 'RrWw'
[2026-10-05 17:08:06 +0800] [1133/Thread-74 (process_request_thread)] [DEBUG] Precondition passed on PUT request for '/acceptance/calendar/recurring.ics' (HTTP_IF_MATCH: "d0fae08b57df5c0aca5d79da1544416768252e18f9769055b5809bf89eabe189", item has etag: "d0fae08b57df5c0aca5d79da1544416768252e18f9769055b5809bf89eabe189")
[2026-10-05 17:08:06 +0800] [1133/Thread-74 (process_request_thread)] [DEBUG] Recurrence rule count in VTODO in object 'recurring': 3 (PASSED/limit: 10000)
[2026-10-05 17:08:06 +0800] [1133/Thread-74 (process_request_thread)] [DEBUG] Recurrence rule 'FREQ=DAILY;COUNT=3' entries in VTODO in object 'recurring': 3 (calculated/PASSED/limit: 10000)
[2026-10-05 17:08:06 +0800] [1133/Thread-74 (process_request_thread)] [DEBUG] PUT request contains item with UID 'recurring' size 989 below limit 10000000: '/acceptance/calendar/recurring.ics'
[2026-10-05 17:08:06 +0800] [1133/Thread-74 (process_request_thread)] [DEBUG] PUT request updated existing item '/acceptance/calendar/recurring.ics'
[2026-10-05 17:08:06 +0800] [1133/Thread-74 (process_request_thread)] [DEBUG] Response header: suppressed by config/option [logging] response_header_on_debug
[2026-10-05 17:08:06 +0800] [1133/Thread-74 (process_request_thread)] [INFO] PUT response status for '/acceptance/calendar/recurring.ics' in 0.003 seconds: 204 No Content
[2026-10-05 17:08:06 +0800] [1133/Thread-75 (process_request_thread)] [INFO] REPORT request for '/acceptance/calendar/' with depth '1' received from 127.0.0.1 using 'Mozilla/5.0 (X11; Linux x86_64; rv:153.0) Gecko/20100101 Thunderbird/153.1.0'
[2026-10-05 17:08:06 +0800] [1133/Thread-75 (process_request_thread)] [DEBUG] Request header: suppressed by config/option [logging] request_header_on_debug
[2026-10-05 17:08:06 +0800] [1133/Thread-75 (process_request_thread)] [DEBUG] Sanitized path: '/acceptance/calendar/'
[2026-10-05 17:08:06 +0800] [1133/Thread-75 (process_request_thread)] [INFO] Successful login: 'acceptance' (none)
[2026-10-05 17:08:06 +0800] [1133/Thread-75 (process_request_thread)] [DEBUG] logging of rules which doesn't match suppressed by config/option [logging] rights_rule_doesnt_match_on_debug
[2026-10-05 17:08:06 +0800] [1133/Thread-75 (process_request_thread)] [DEBUG] Rule 'acceptance':'acceptance/calendar' matches '.*':'.*' from section 'all' permission 'RrWw'
[2026-10-05 17:08:06 +0800] [1133/Thread-75 (process_request_thread)] [DEBUG] Request content (XML): suppressed by config/option [logging] request_content_on_debug
[2026-10-05 17:08:06 +0800] [1133/Thread-75 (process_request_thread)] [DEBUG] Response content (XML): suppressed by config/option [logging] response_content_on_debug
[2026-10-05 17:08:06 +0800] [1133/Thread-75 (process_request_thread)] [DEBUG] Response header: suppressed by config/option [logging] response_header_on_debug
[2026-10-05 17:08:06 +0800] [1133/Thread-75 (process_request_thread)] [INFO] REPORT response status for '/acceptance/calendar/' with depth '1' in 0.002 seconds gzip 722 bytes (getetag): 207 Multi-Status
[2026-10-05 17:08:06 +0800] [1133/Thread-76 (process_request_thread)] [INFO] REPORT request for '/acceptance/calendar/' with depth '1' received from 127.0.0.1 using 'Mozilla/5.0 (X11; Linux x86_64; rv:153.0) Gecko/20100101 Thunderbird/153.1.0'
[2026-10-05 17:08:06 +0800] [1133/Thread-76 (process_request_thread)] [DEBUG] Request header: suppressed by config/option [logging] request_header_on_debug
[2026-10-05 17:08:06 +0800] [1133/Thread-76 (process_request_thread)] [DEBUG] Sanitized path: '/acceptance/calendar/'
[2026-10-05 17:08:06 +0800] [1133/Thread-76 (process_request_thread)] [INFO] Successful login: 'acceptance' (none)
[2026-10-05 17:08:06 +0800] [1133/Thread-76 (process_request_thread)] [DEBUG] logging of rules which doesn't match suppressed by config/option [logging] rights_rule_doesnt_match_on_debug
[2026-10-05 17:08:06 +0800] [1133/Thread-76 (process_request_thread)] [DEBUG] Rule 'acceptance':'acceptance/calendar' matches '.*':'.*' from section 'all' permission 'RrWw'
[2026-10-05 17:08:06 +0800] [1133/Thread-76 (process_request_thread)] [DEBUG] Request content (XML): suppressed by config/option [logging] request_content_on_debug
[2026-10-05 17:08:06 +0800] [1133/Thread-76 (process_request_thread)] [DEBUG] Client provided sync token: 'http://radicale.org/ns/sync/8daa137b1e5097ecc3a1a00d2974ea69aca0b22d26522b5c29e2340df4bc342c'
[2026-10-05 17:08:06 +0800] [1133/Thread-77 (process_request_thread)] [INFO] REPORT request for '/acceptance/calendar/' with depth '1' received from 127.0.0.1 using 'Mozilla/5.0 (X11; Linux x86_64; rv:153.0) Gecko/20100101 Thunderbird/153.1.0'
[2026-10-05 17:08:06 +0800] [1133/Thread-77 (process_request_thread)] [DEBUG] Request header: suppressed by config/option [logging] request_header_on_debug
[2026-10-05 17:08:06 +0800] [1133/Thread-77 (process_request_thread)] [DEBUG] Sanitized path: '/acceptance/calendar/'
[2026-10-05 17:08:06 +0800] [1133/Thread-77 (process_request_thread)] [INFO] Successful login: 'acceptance' (none)
[2026-10-05 17:08:06 +0800] [1133/Thread-77 (process_request_thread)] [DEBUG] logging of rules which doesn't match suppressed by config/option [logging] rights_rule_doesnt_match_on_debug
[2026-10-05 17:08:06 +0800] [1133/Thread-77 (process_request_thread)] [DEBUG] Rule 'acceptance':'acceptance/calendar' matches '.*':'.*' from section 'all' permission 'RrWw'
[2026-10-05 17:08:06 +0800] [1133/Thread-77 (process_request_thread)] [DEBUG] Request content (XML): suppressed by config/option [logging] request_content_on_debug
[2026-10-05 17:08:06 +0800] [1133/Thread-77 (process_request_thread)] [DEBUG] Response content (XML): suppressed by config/option [logging] response_content_on_debug
[2026-10-05 17:08:06 +0800] [1133/Thread-77 (process_request_thread)] [DEBUG] Response header: suppressed by config/option [logging] response_header_on_debug
[2026-10-05 17:08:06 +0800] [1133/Thread-77 (process_request_thread)] [INFO] REPORT response status for '/acceptance/calendar/' with depth '1' in 0.003 seconds gzip 722 bytes (getetag): 207 Multi-Status
[2026-10-05 17:08:06 +0800] [1133/Thread-76 (process_request_thread)] [DEBUG] Response content (XML): suppressed by config/option [logging] response_content_on_debug
[2026-10-05 17:08:06 +0800] [1133/Thread-76 (process_request_thread)] [DEBUG] Response header: suppressed by config/option [logging] response_header_on_debug
[2026-10-05 17:08:06 +0800] [1133/Thread-76 (process_request_thread)] [INFO] REPORT response status for '/acceptance/calendar/' with depth '1' in 0.006 seconds gzip 347 bytes (getetag sync-collection): 207 Multi-Status
[2026-10-05 17:08:06 +0800] [1133/Thread-78 (process_request_thread)] [INFO] REPORT request for '/acceptance/calendar/' with depth '1' received from 127.0.0.1 using 'Mozilla/5.0 (X11; Linux x86_64; rv:153.0) Gecko/20100101 Thunderbird/153.1.0'
[2026-10-05 17:08:06 +0800] [1133/Thread-78 (process_request_thread)] [DEBUG] Request header: suppressed by config/option [logging] request_header_on_debug
[2026-10-05 17:08:06 +0800] [1133/Thread-78 (process_request_thread)] [DEBUG] Sanitized path: '/acceptance/calendar/'
[2026-10-05 17:08:06 +0800] [1133/Thread-78 (process_request_thread)] [INFO] Successful login: 'acceptance' (none)
[2026-10-05 17:08:06 +0800] [1133/Thread-78 (process_request_thread)] [DEBUG] logging of rules which doesn't match suppressed by config/option [logging] rights_rule_doesnt_match_on_debug
[2026-10-05 17:08:06 +0800] [1133/Thread-78 (process_request_thread)] [DEBUG] Rule 'acceptance':'acceptance/calendar' matches '.*':'.*' from section 'all' permission 'RrWw'
[2026-10-05 17:08:06 +0800] [1133/Thread-78 (process_request_thread)] [DEBUG] Request content (XML): suppressed by config/option [logging] request_content_on_debug
[2026-10-05 17:08:06 +0800] [1133/Thread-78 (process_request_thread)] [DEBUG] Client provided sync token: 'http://radicale.org/ns/sync/8fffd42269db2de2ecc47e05f309aa62d9cd2b5b68df667529e480d6f1bc7adc'
[2026-10-05 17:08:06 +0800] [1133/Thread-78 (process_request_thread)] [DEBUG] Response content (XML): suppressed by config/option [logging] response_content_on_debug
[2026-10-05 17:08:06 +0800] [1133/Thread-78 (process_request_thread)] [DEBUG] Response header: suppressed by config/option [logging] response_header_on_debug
[2026-10-05 17:08:06 +0800] [1133/Thread-78 (process_request_thread)] [INFO] REPORT response status for '/acceptance/calendar/' with depth '1' in 0.002 seconds gzip 175 bytes (getetag sync-collection): 207 Multi-Status
[2026-10-05 17:08:06 +0800] [1133/Thread-79 (process_request_thread)] [INFO] GET request for '/acceptance/calendar/recurring.ics' received from 127.0.0.1 using 'Python-urllib/3.12'
[2026-10-05 17:08:06 +0800] [1133/Thread-79 (process_request_thread)] [DEBUG] Request header: suppressed by config/option [logging] request_header_on_debug
[2026-10-05 17:08:06 +0800] [1133/Thread-79 (process_request_thread)] [DEBUG] Sanitized path: '/acceptance/calendar/recurring.ics'
[2026-10-05 17:08:06 +0800] [1133/Thread-79 (process_request_thread)] [INFO] Successful login: 'acceptance' (none)
[2026-10-05 17:08:06 +0800] [1133/Thread-79 (process_request_thread)] [DEBUG] logging of rules which doesn't match suppressed by config/option [logging] rights_rule_doesnt_match_on_debug
[2026-10-05 17:08:06 +0800] [1133/Thread-79 (process_request_thread)] [DEBUG] Rule 'acceptance':'acceptance/calendar/recurring.ics' matches '.*':'.*' from section 'all' permission 'RrWw'
[2026-10-05 17:08:06 +0800] [1133/Thread-79 (process_request_thread)] [DEBUG] logging of rules which doesn't match suppressed by config/option [logging] rights_rule_doesnt_match_on_debug
[2026-10-05 17:08:06 +0800] [1133/Thread-79 (process_request_thread)] [DEBUG] Rule 'acceptance':'acceptance/calendar' matches '.*':'.*' from section 'all' permission 'RrWw'
[2026-10-05 17:08:06 +0800] [1133/Thread-79 (process_request_thread)] [DEBUG] Response content: suppressed by config/option [logging] response_content_on_debug
[2026-10-05 17:08:06 +0800] [1133/Thread-79 (process_request_thread)] [DEBUG] Response header: suppressed by config/option [logging] response_header_on_debug
[2026-10-05 17:08:06 +0800] [1133/Thread-79 (process_request_thread)] [INFO] GET response status for '/acceptance/calendar/recurring.ics' in 0.001 seconds plain 989 bytes: 200 OK
[2026-10-05 17:08:06 +0800] [1133/Thread-80 (process_request_thread)] [INFO] REPORT request for '/acceptance/calendar/' with depth '1' received from 127.0.0.1 using 'Mozilla/5.0 (X11; Linux x86_64; rv:153.0) Gecko/20100101 Thunderbird/153.1.0'
[2026-10-05 17:08:06 +0800] [1133/Thread-80 (process_request_thread)] [DEBUG] Request header: suppressed by config/option [logging] request_header_on_debug
[2026-10-05 17:08:06 +0800] [1133/Thread-80 (process_request_thread)] [DEBUG] Sanitized path: '/acceptance/calendar/'
[2026-10-05 17:08:06 +0800] [1133/Thread-80 (process_request_thread)] [INFO] Successful login: 'acceptance' (none)
[2026-10-05 17:08:06 +0800] [1133/Thread-80 (process_request_thread)] [DEBUG] logging of rules which doesn't match suppressed by config/option [logging] rights_rule_doesnt_match_on_debug
[2026-10-05 17:08:06 +0800] [1133/Thread-80 (process_request_thread)] [DEBUG] Rule 'acceptance':'acceptance/calendar' matches '.*':'.*' from section 'all' permission 'RrWw'
[2026-10-05 17:08:06 +0800] [1133/Thread-80 (process_request_thread)] [DEBUG] Request content (XML): suppressed by config/option [logging] request_content_on_debug
[2026-10-05 17:08:06 +0800] [1133/Thread-80 (process_request_thread)] [DEBUG] Response content (XML): suppressed by config/option [logging] response_content_on_debug
[2026-10-05 17:08:06 +0800] [1133/Thread-80 (process_request_thread)] [DEBUG] Response header: suppressed by config/option [logging] response_header_on_debug
[2026-10-05 17:08:06 +0800] [1133/Thread-80 (process_request_thread)] [INFO] REPORT response status for '/acceptance/calendar/' with depth '1' in 0.002 seconds gzip 722 bytes (getetag): 207 Multi-Status
[2026-10-05 17:08:06 +0800] [1133/Thread-81 (process_request_thread)] [INFO] REPORT request for '/acceptance/calendar/' with depth '1' received from 127.0.0.1 using 'Mozilla/5.0 (X11; Linux x86_64; rv:153.0) Gecko/20100101 Thunderbird/153.1.0'
[2026-10-05 17:08:06 +0800] [1133/Thread-81 (process_request_thread)] [DEBUG] Request header: suppressed by config/option [logging] request_header_on_debug
[2026-10-05 17:08:06 +0800] [1133/Thread-81 (process_request_thread)] [DEBUG] Sanitized path: '/acceptance/calendar/'
[2026-10-05 17:08:06 +0800] [1133/Thread-81 (process_request_thread)] [INFO] Successful login: 'acceptance' (none)
[2026-10-05 17:08:07 +0800] [1133/Thread-81 (process_request_thread)] [DEBUG] logging of rules which doesn't match suppressed by config/option [logging] rights_rule_doesnt_match_on_debug
[2026-10-05 17:08:07 +0800] [1133/Thread-81 (process_request_thread)] [DEBUG] Rule 'acceptance':'acceptance/calendar' matches '.*':'.*' from section 'all' permission 'RrWw'
[2026-10-05 17:08:07 +0800] [1133/Thread-81 (process_request_thread)] [DEBUG] Request content (XML): suppressed by config/option [logging] request_content_on_debug
[2026-10-05 17:08:07 +0800] [1133/Thread-81 (process_request_thread)] [DEBUG] Client provided sync token: 'http://radicale.org/ns/sync/8fffd42269db2de2ecc47e05f309aa62d9cd2b5b68df667529e480d6f1bc7adc'
[2026-10-05 17:08:07 +0800] [1133/Thread-81 (process_request_thread)] [DEBUG] Response content (XML): suppressed by config/option [logging] response_content_on_debug
[2026-10-05 17:08:07 +0800] [1133/Thread-81 (process_request_thread)] [DEBUG] Response header: suppressed by config/option [logging] response_header_on_debug
[2026-10-05 17:08:07 +0800] [1133/Thread-81 (process_request_thread)] [INFO] REPORT response status for '/acceptance/calendar/' with depth '1' in 0.001 seconds gzip 175 bytes (getetag sync-collection): 207 Multi-Status
[2026-10-05 17:08:07 +0800] [1133/Thread-82 (process_request_thread)] [INFO] PUT request for '/acceptance/calendar/recurring.ics' received from 127.0.0.1 using 'Mozilla/5.0 (X11; Linux x86_64; rv:153.0) Gecko/20100101 Thunderbird/153.1.0'
[2026-10-05 17:08:07 +0800] [1133/Thread-82 (process_request_thread)] [DEBUG] Request header: suppressed by config/option [logging] request_header_on_debug
[2026-10-05 17:08:07 +0800] [1133/Thread-82 (process_request_thread)] [DEBUG] Sanitized path: '/acceptance/calendar/recurring.ics'
[2026-10-05 17:08:07 +0800] [1133/Thread-82 (process_request_thread)] [INFO] Successful login: 'acceptance' (none)
[2026-10-05 17:08:07 +0800] [1133/Thread-82 (process_request_thread)] [DEBUG] logging of rules which doesn't match suppressed by config/option [logging] rights_rule_doesnt_match_on_debug
[2026-10-05 17:08:07 +0800] [1133/Thread-82 (process_request_thread)] [DEBUG] Rule 'acceptance':'acceptance/calendar/recurring.ics' matches '.*':'.*' from section 'all' permission 'RrWw'
[2026-10-05 17:08:07 +0800] [1133/Thread-82 (process_request_thread)] [DEBUG] Request content: suppressed by config/option [logging] request_content_on_debug
[2026-10-05 17:08:07 +0800] [1133/Thread-82 (process_request_thread)] [DEBUG] logging of rules which doesn't match suppressed by config/option [logging] rights_rule_doesnt_match_on_debug
[2026-10-05 17:08:07 +0800] [1133/Thread-82 (process_request_thread)] [DEBUG] Rule 'acceptance':'acceptance/calendar' matches '.*':'.*' from section 'all' permission 'RrWw'
[2026-10-05 17:08:07 +0800] [1133/Thread-82 (process_request_thread)] [DEBUG] Precondition passed on PUT request for '/acceptance/calendar/recurring.ics' (HTTP_IF_MATCH: "4e682f5e832faebd0a95ab70f4ed9fece97ed2ca89cb8eddc4839c61fb7ae398", item has etag: "4e682f5e832faebd0a95ab70f4ed9fece97ed2ca89cb8eddc4839c61fb7ae398")
[2026-10-05 17:08:07 +0800] [1133/Thread-82 (process_request_thread)] [DEBUG] Recurrence rule count in VTODO in object 'recurring': 3 (PASSED/limit: 10000)
[2026-10-05 17:08:07 +0800] [1133/Thread-82 (process_request_thread)] [DEBUG] Recurrence rule 'FREQ=DAILY;COUNT=3' entries in VTODO in object 'recurring': 3 (calculated/PASSED/limit: 10000)
[2026-10-05 17:08:07 +0800] [1133/Thread-82 (process_request_thread)] [DEBUG] PUT request contains item with UID 'recurring' size 1015 below limit 10000000: '/acceptance/calendar/recurring.ics'
[2026-10-05 17:08:07 +0800] [1133/Thread-82 (process_request_thread)] [DEBUG] PUT request updated existing item '/acceptance/calendar/recurring.ics'
[2026-10-05 17:08:07 +0800] [1133/Thread-82 (process_request_thread)] [DEBUG] Response header: suppressed by config/option [logging] response_header_on_debug
[2026-10-05 17:08:07 +0800] [1133/Thread-82 (process_request_thread)] [INFO] PUT response status for '/acceptance/calendar/recurring.ics' in 0.005 seconds: 204 No Content
[2026-10-05 17:08:07 +0800] [1133/Thread-83 (process_request_thread)] [INFO] REPORT request for '/acceptance/calendar/' with depth '1' received from 127.0.0.1 using 'Mozilla/5.0 (X11; Linux x86_64; rv:153.0) Gecko/20100101 Thunderbird/153.1.0'
[2026-10-05 17:08:07 +0800] [1133/Thread-83 (process_request_thread)] [DEBUG] Request header: suppressed by config/option [logging] request_header_on_debug
[2026-10-05 17:08:07 +0800] [1133/Thread-83 (process_request_thread)] [DEBUG] Sanitized path: '/acceptance/calendar/'
[2026-10-05 17:08:07 +0800] [1133/Thread-83 (process_request_thread)] [INFO] Successful login: 'acceptance' (none)
[2026-10-05 17:08:07 +0800] [1133/Thread-83 (process_request_thread)] [DEBUG] logging of rules which doesn't match suppressed by config/option [logging] rights_rule_doesnt_match_on_debug
[2026-10-05 17:08:07 +0800] [1133/Thread-83 (process_request_thread)] [DEBUG] Rule 'acceptance':'acceptance/calendar' matches '.*':'.*' from section 'all' permission 'RrWw'
[2026-10-05 17:08:07 +0800] [1133/Thread-83 (process_request_thread)] [DEBUG] Request content (XML): suppressed by config/option [logging] request_content_on_debug
[2026-10-05 17:08:07 +0800] [1133/Thread-83 (process_request_thread)] [DEBUG] Response content (XML): suppressed by config/option [logging] response_content_on_debug
[2026-10-05 17:08:07 +0800] [1133/Thread-83 (process_request_thread)] [DEBUG] Response header: suppressed by config/option [logging] response_header_on_debug
[2026-10-05 17:08:07 +0800] [1133/Thread-83 (process_request_thread)] [INFO] REPORT response status for '/acceptance/calendar/' with depth '1' in 0.002 seconds gzip 722 bytes (getetag): 207 Multi-Status
[2026-10-05 17:08:07 +0800] [1133/Thread-84 (process_request_thread)] [INFO] REPORT request for '/acceptance/calendar/' with depth '1' received from 127.0.0.1 using 'Mozilla/5.0 (X11; Linux x86_64; rv:153.0) Gecko/20100101 Thunderbird/153.1.0'
[2026-10-05 17:08:07 +0800] [1133/Thread-84 (process_request_thread)] [DEBUG] Request header: suppressed by config/option [logging] request_header_on_debug
[2026-10-05 17:08:07 +0800] [1133/Thread-84 (process_request_thread)] [DEBUG] Sanitized path: '/acceptance/calendar/'
[2026-10-05 17:08:07 +0800] [1133/Thread-84 (process_request_thread)] [INFO] Successful login: 'acceptance' (none)
[2026-10-05 17:08:07 +0800] [1133/Thread-85 (process_request_thread)] [INFO] REPORT request for '/acceptance/calendar/' with depth '1' received from 127.0.0.1 using 'Mozilla/5.0 (X11; Linux x86_64; rv:153.0) Gecko/20100101 Thunderbird/153.1.0'
[2026-10-05 17:08:07 +0800] [1133/Thread-85 (process_request_thread)] [DEBUG] Request header: suppressed by config/option [logging] request_header_on_debug
[2026-10-05 17:08:07 +0800] [1133/Thread-85 (process_request_thread)] [DEBUG] Sanitized path: '/acceptance/calendar/'
[2026-10-05 17:08:07 +0800] [1133/Thread-85 (process_request_thread)] [INFO] Successful login: 'acceptance' (none)
[2026-10-05 17:08:07 +0800] [1133/Thread-84 (process_request_thread)] [DEBUG] logging of rules which doesn't match suppressed by config/option [logging] rights_rule_doesnt_match_on_debug
[2026-10-05 17:08:07 +0800] [1133/Thread-84 (process_request_thread)] [DEBUG] Rule 'acceptance':'acceptance/calendar' matches '.*':'.*' from section 'all' permission 'RrWw'
[2026-10-05 17:08:07 +0800] [1133/Thread-84 (process_request_thread)] [DEBUG] Request content (XML): suppressed by config/option [logging] request_content_on_debug
[2026-10-05 17:08:07 +0800] [1133/Thread-85 (process_request_thread)] [DEBUG] logging of rules which doesn't match suppressed by config/option [logging] rights_rule_doesnt_match_on_debug
[2026-10-05 17:08:07 +0800] [1133/Thread-85 (process_request_thread)] [DEBUG] Rule 'acceptance':'acceptance/calendar' matches '.*':'.*' from section 'all' permission 'RrWw'
[2026-10-05 17:08:07 +0800] [1133/Thread-85 (process_request_thread)] [DEBUG] Request content (XML): suppressed by config/option [logging] request_content_on_debug
[2026-10-05 17:08:07 +0800] [1133/Thread-84 (process_request_thread)] [DEBUG] Client provided sync token: 'http://radicale.org/ns/sync/8fffd42269db2de2ecc47e05f309aa62d9cd2b5b68df667529e480d6f1bc7adc'
[2026-10-05 17:08:07 +0800] [1133/Thread-85 (process_request_thread)] [DEBUG] Response content (XML): suppressed by config/option [logging] response_content_on_debug
[2026-10-05 17:08:07 +0800] [1133/Thread-85 (process_request_thread)] [DEBUG] Response header: suppressed by config/option [logging] response_header_on_debug
[2026-10-05 17:08:07 +0800] [1133/Thread-85 (process_request_thread)] [INFO] REPORT response status for '/acceptance/calendar/' with depth '1' in 0.003 seconds gzip 722 bytes (getetag): 207 Multi-Status
[2026-10-05 17:08:07 +0800] [1133/Thread-84 (process_request_thread)] [DEBUG] Response content (XML): suppressed by config/option [logging] response_content_on_debug
[2026-10-05 17:08:07 +0800] [1133/Thread-84 (process_request_thread)] [DEBUG] Response header: suppressed by config/option [logging] response_header_on_debug
[2026-10-05 17:08:07 +0800] [1133/Thread-84 (process_request_thread)] [INFO] REPORT response status for '/acceptance/calendar/' with depth '1' in 0.006 seconds gzip 350 bytes (getetag sync-collection): 207 Multi-Status
[2026-10-05 17:08:07 +0800] [1133/Thread-86 (process_request_thread)] [INFO] REPORT request for '/acceptance/calendar/' with depth '1' received from 127.0.0.1 using 'Mozilla/5.0 (X11; Linux x86_64; rv:153.0) Gecko/20100101 Thunderbird/153.1.0'
[2026-10-05 17:08:07 +0800] [1133/Thread-86 (process_request_thread)] [DEBUG] Request header: suppressed by config/option [logging] request_header_on_debug
[2026-10-05 17:08:07 +0800] [1133/Thread-86 (process_request_thread)] [DEBUG] Sanitized path: '/acceptance/calendar/'
[2026-10-05 17:08:07 +0800] [1133/Thread-86 (process_request_thread)] [INFO] Successful login: 'acceptance' (none)
[2026-10-05 17:08:07 +0800] [1133/Thread-86 (process_request_thread)] [DEBUG] logging of rules which doesn't match suppressed by config/option [logging] rights_rule_doesnt_match_on_debug
[2026-10-05 17:08:07 +0800] [1133/Thread-86 (process_request_thread)] [DEBUG] Rule 'acceptance':'acceptance/calendar' matches '.*':'.*' from section 'all' permission 'RrWw'
[2026-10-05 17:08:07 +0800] [1133/Thread-86 (process_request_thread)] [DEBUG] Request content (XML): suppressed by config/option [logging] request_content_on_debug
[2026-10-05 17:08:07 +0800] [1133/Thread-86 (process_request_thread)] [DEBUG] Client provided sync token: 'http://radicale.org/ns/sync/35cf44c7cfcfdd8286d836773a6a2ef0440e7a67d8ca1c83df568cb20bb127d6'
[2026-10-05 17:08:07 +0800] [1133/Thread-86 (process_request_thread)] [DEBUG] Response content (XML): suppressed by config/option [logging] response_content_on_debug
[2026-10-05 17:08:07 +0800] [1133/Thread-86 (process_request_thread)] [DEBUG] Response header: suppressed by config/option [logging] response_header_on_debug
[2026-10-05 17:08:07 +0800] [1133/Thread-86 (process_request_thread)] [INFO] REPORT response status for '/acceptance/calendar/' with depth '1' in 0.001 seconds gzip 176 bytes (getetag sync-collection): 207 Multi-Status
[2026-10-05 17:08:07 +0800] [1133/Thread-87 (process_request_thread)] [INFO] GET request for '/acceptance/calendar/recurring.ics' received from 127.0.0.1 using 'Python-urllib/3.12'
[2026-10-05 17:08:07 +0800] [1133/Thread-87 (process_request_thread)] [DEBUG] Request header: suppressed by config/option [logging] request_header_on_debug
[2026-10-05 17:08:07 +0800] [1133/Thread-87 (process_request_thread)] [DEBUG] Sanitized path: '/acceptance/calendar/recurring.ics'
[2026-10-05 17:08:07 +0800] [1133/Thread-87 (process_request_thread)] [INFO] Successful login: 'acceptance' (none)
[2026-10-05 17:08:07 +0800] [1133/Thread-87 (process_request_thread)] [DEBUG] logging of rules which doesn't match suppressed by config/option [logging] rights_rule_doesnt_match_on_debug
[2026-10-05 17:08:07 +0800] [1133/Thread-87 (process_request_thread)] [DEBUG] Rule 'acceptance':'acceptance/calendar/recurring.ics' matches '.*':'.*' from section 'all' permission 'RrWw'
[2026-10-05 17:08:07 +0800] [1133/Thread-87 (process_request_thread)] [DEBUG] logging of rules which doesn't match suppressed by config/option [logging] rights_rule_doesnt_match_on_debug
[2026-10-05 17:08:07 +0800] [1133/Thread-87 (process_request_thread)] [DEBUG] Rule 'acceptance':'acceptance/calendar' matches '.*':'.*' from section 'all' permission 'RrWw'
[2026-10-05 17:08:07 +0800] [1133/Thread-87 (process_request_thread)] [DEBUG] Response content: suppressed by config/option [logging] response_content_on_debug
[2026-10-05 17:08:07 +0800] [1133/Thread-87 (process_request_thread)] [DEBUG] Response header: suppressed by config/option [logging] response_header_on_debug
[2026-10-05 17:08:07 +0800] [1133/Thread-87 (process_request_thread)] [INFO] GET response status for '/acceptance/calendar/recurring.ics' in 0.001 seconds plain 1015 bytes: 200 OK
[2026-10-05 17:08:07 +0800] [1133/Thread-88 (process_request_thread)] [INFO] REPORT request for '/acceptance/calendar/' with depth '1' received from 127.0.0.1 using 'Mozilla/5.0 (X11; Linux x86_64; rv:153.0) Gecko/20100101 Thunderbird/153.1.0'
[2026-10-05 17:08:07 +0800] [1133/Thread-88 (process_request_thread)] [DEBUG] Request header: suppressed by config/option [logging] request_header_on_debug
[2026-10-05 17:08:07 +0800] [1133/Thread-88 (process_request_thread)] [DEBUG] Sanitized path: '/acceptance/calendar/'
[2026-10-05 17:08:07 +0800] [1133/Thread-88 (process_request_thread)] [INFO] Successful login: 'acceptance' (none)
[2026-10-05 17:08:07 +0800] [1133/Thread-88 (process_request_thread)] [DEBUG] logging of rules which doesn't match suppressed by config/option [logging] rights_rule_doesnt_match_on_debug
[2026-10-05 17:08:07 +0800] [1133/Thread-88 (process_request_thread)] [DEBUG] Rule 'acceptance':'acceptance/calendar' matches '.*':'.*' from section 'all' permission 'RrWw'
[2026-10-05 17:08:07 +0800] [1133/Thread-88 (process_request_thread)] [DEBUG] Request content (XML): suppressed by config/option [logging] request_content_on_debug
[2026-10-05 17:08:07 +0800] [1133/Thread-88 (process_request_thread)] [DEBUG] Response content (XML): suppressed by config/option [logging] response_content_on_debug
[2026-10-05 17:08:07 +0800] [1133/Thread-88 (process_request_thread)] [DEBUG] Response header: suppressed by config/option [logging] response_header_on_debug
[2026-10-05 17:08:07 +0800] [1133/Thread-88 (process_request_thread)] [INFO] REPORT response status for '/acceptance/calendar/' with depth '1' in 0.002 seconds gzip 640 bytes (getetag): 207 Multi-Status
[2026-10-05 17:08:07 +0800] [1133/Thread-89 (process_request_thread)] [INFO] REPORT request for '/acceptance/calendar/' with depth '1' received from 127.0.0.1 using 'Mozilla/5.0 (X11; Linux x86_64; rv:153.0) Gecko/20100101 Thunderbird/153.1.0'
[2026-10-05 17:08:07 +0800] [1133/Thread-89 (process_request_thread)] [DEBUG] Request header: suppressed by config/option [logging] request_header_on_debug
[2026-10-05 17:08:07 +0800] [1133/Thread-89 (process_request_thread)] [DEBUG] Sanitized path: '/acceptance/calendar/'
[2026-10-05 17:08:07 +0800] [1133/Thread-89 (process_request_thread)] [INFO] Successful login: 'acceptance' (none)
[2026-10-05 17:08:07 +0800] [1133/Thread-89 (process_request_thread)] [DEBUG] logging of rules which doesn't match suppressed by config/option [logging] rights_rule_doesnt_match_on_debug
[2026-10-05 17:08:07 +0800] [1133/Thread-89 (process_request_thread)] [DEBUG] Rule 'acceptance':'acceptance/calendar' matches '.*':'.*' from section 'all' permission 'RrWw'
[2026-10-05 17:08:07 +0800] [1133/Thread-89 (process_request_thread)] [DEBUG] Request content (XML): suppressed by config/option [logging] request_content_on_debug
[2026-10-05 17:08:07 +0800] [1133/Thread-89 (process_request_thread)] [DEBUG] Client provided sync token: 'http://radicale.org/ns/sync/35cf44c7cfcfdd8286d836773a6a2ef0440e7a67d8ca1c83df568cb20bb127d6'
[2026-10-05 17:08:07 +0800] [1133/Thread-89 (process_request_thread)] [DEBUG] Response content (XML): suppressed by config/option [logging] response_content_on_debug
[2026-10-05 17:08:07 +0800] [1133/Thread-89 (process_request_thread)] [DEBUG] Response header: suppressed by config/option [logging] response_header_on_debug
[2026-10-05 17:08:07 +0800] [1133/Thread-89 (process_request_thread)] [INFO] REPORT response status for '/acceptance/calendar/' with depth '1' in 0.001 seconds gzip 176 bytes (getetag sync-collection): 207 Multi-Status
[2026-10-05 17:08:07 +0800] [1133/Thread-90 (process_request_thread)] [INFO] PUT request for '/acceptance/calendar/seed-a.ics' received from 127.0.0.1 using 'Mozilla/5.0 (X11; Linux x86_64; rv:153.0) Gecko/20100101 Thunderbird/153.1.0'
[2026-10-05 17:08:07 +0800] [1133/Thread-90 (process_request_thread)] [DEBUG] Request header: suppressed by config/option [logging] request_header_on_debug
[2026-10-05 17:08:07 +0800] [1133/Thread-90 (process_request_thread)] [DEBUG] Sanitized path: '/acceptance/calendar/seed-a.ics'
[2026-10-05 17:08:07 +0800] [1133/Thread-90 (process_request_thread)] [INFO] Successful login: 'acceptance' (none)
[2026-10-05 17:08:07 +0800] [1133/Thread-90 (process_request_thread)] [DEBUG] logging of rules which doesn't match suppressed by config/option [logging] rights_rule_doesnt_match_on_debug
[2026-10-05 17:08:07 +0800] [1133/Thread-90 (process_request_thread)] [DEBUG] Rule 'acceptance':'acceptance/calendar/seed-a.ics' matches '.*':'.*' from section 'all' permission 'RrWw'
[2026-10-05 17:08:07 +0800] [1133/Thread-90 (process_request_thread)] [DEBUG] Request content: suppressed by config/option [logging] request_content_on_debug
[2026-10-05 17:08:07 +0800] [1133/Thread-90 (process_request_thread)] [DEBUG] logging of rules which doesn't match suppressed by config/option [logging] rights_rule_doesnt_match_on_debug
[2026-10-05 17:08:07 +0800] [1133/Thread-90 (process_request_thread)] [DEBUG] Rule 'acceptance':'acceptance/calendar' matches '.*':'.*' from section 'all' permission 'RrWw'
[2026-10-05 17:08:07 +0800] [1133/Thread-90 (process_request_thread)] [DEBUG] Precondition passed on PUT request for '/acceptance/calendar/seed-a.ics' (HTTP_IF_MATCH: "5d091c2d0215bd13d81bf30d09e651180bf21462196e01f509ba4db69a14ad2b", item has etag: "5d091c2d0215bd13d81bf30d09e651180bf21462196e01f509ba4db69a14ad2b")
[2026-10-05 17:08:07 +0800] [1133/Thread-90 (process_request_thread)] [DEBUG] PUT request contains item with UID 'seed-a' size 853 below limit 10000000: '/acceptance/calendar/seed-a.ics'
[2026-10-05 17:08:07 +0800] [1133/Thread-90 (process_request_thread)] [DEBUG] PUT request updated existing item '/acceptance/calendar/seed-a.ics'
[2026-10-05 17:08:07 +0800] [1133/Thread-90 (process_request_thread)] [DEBUG] Response header: suppressed by config/option [logging] response_header_on_debug
[2026-10-05 17:08:07 +0800] [1133/Thread-90 (process_request_thread)] [INFO] PUT response status for '/acceptance/calendar/seed-a.ics' in 0.003 seconds: 204 No Content
[2026-10-05 17:08:07 +0800] [1133/Thread-91 (process_request_thread)] [INFO] REPORT request for '/acceptance/calendar/' with depth '1' received from 127.0.0.1 using 'Mozilla/5.0 (X11; Linux x86_64; rv:153.0) Gecko/20100101 Thunderbird/153.1.0'
[2026-10-05 17:08:07 +0800] [1133/Thread-91 (process_request_thread)] [DEBUG] Request header: suppressed by config/option [logging] request_header_on_debug
[2026-10-05 17:08:07 +0800] [1133/Thread-91 (process_request_thread)] [DEBUG] Sanitized path: '/acceptance/calendar/'
[2026-10-05 17:08:07 +0800] [1133/Thread-91 (process_request_thread)] [INFO] Successful login: 'acceptance' (none)
[2026-10-05 17:08:07 +0800] [1133/Thread-91 (process_request_thread)] [DEBUG] logging of rules which doesn't match suppressed by config/option [logging] rights_rule_doesnt_match_on_debug
[2026-10-05 17:08:07 +0800] [1133/Thread-91 (process_request_thread)] [DEBUG] Rule 'acceptance':'acceptance/calendar' matches '.*':'.*' from section 'all' permission 'RrWw'
[2026-10-05 17:08:07 +0800] [1133/Thread-91 (process_request_thread)] [DEBUG] Request content (XML): suppressed by config/option [logging] request_content_on_debug
[2026-10-05 17:08:07 +0800] [1133/Thread-91 (process_request_thread)] [DEBUG] Response content (XML): suppressed by config/option [logging] response_content_on_debug
[2026-10-05 17:08:07 +0800] [1133/Thread-91 (process_request_thread)] [DEBUG] Response header: suppressed by config/option [logging] response_header_on_debug
[2026-10-05 17:08:07 +0800] [1133/Thread-91 (process_request_thread)] [INFO] REPORT response status for '/acceptance/calendar/' with depth '1' in 0.002 seconds gzip 714 bytes (getetag): 207 Multi-Status
[2026-10-05 17:08:07 +0800] [1133/Thread-92 (process_request_thread)] [INFO] REPORT request for '/acceptance/calendar/' with depth '1' received from 127.0.0.1 using 'Mozilla/5.0 (X11; Linux x86_64; rv:153.0) Gecko/20100101 Thunderbird/153.1.0'
[2026-10-05 17:08:07 +0800] [1133/Thread-92 (process_request_thread)] [DEBUG] Request header: suppressed by config/option [logging] request_header_on_debug
[2026-10-05 17:08:07 +0800] [1133/Thread-92 (process_request_thread)] [DEBUG] Sanitized path: '/acceptance/calendar/'
[2026-10-05 17:08:07 +0800] [1133/Thread-92 (process_request_thread)] [INFO] Successful login: 'acceptance' (none)
[2026-10-05 17:08:07 +0800] [1133/Thread-92 (process_request_thread)] [DEBUG] logging of rules which doesn't match suppressed by config/option [logging] rights_rule_doesnt_match_on_debug
[2026-10-05 17:08:07 +0800] [1133/Thread-92 (process_request_thread)] [DEBUG] Rule 'acceptance':'acceptance/calendar' matches '.*':'.*' from section 'all' permission 'RrWw'
[2026-10-05 17:08:07 +0800] [1133/Thread-92 (process_request_thread)] [DEBUG] Request content (XML): suppressed by config/option [logging] request_content_on_debug
[2026-10-05 17:08:07 +0800] [1133/Thread-92 (process_request_thread)] [DEBUG] Client provided sync token: 'http://radicale.org/ns/sync/35cf44c7cfcfdd8286d836773a6a2ef0440e7a67d8ca1c83df568cb20bb127d6'
[2026-10-05 17:08:07 +0800] [1133/Thread-93 (process_request_thread)] [INFO] REPORT request for '/acceptance/calendar/' with depth '1' received from 127.0.0.1 using 'Mozilla/5.0 (X11; Linux x86_64; rv:153.0) Gecko/20100101 Thunderbird/153.1.0'
[2026-10-05 17:08:07 +0800] [1133/Thread-93 (process_request_thread)] [DEBUG] Request header: suppressed by config/option [logging] request_header_on_debug
[2026-10-05 17:08:07 +0800] [1133/Thread-93 (process_request_thread)] [DEBUG] Sanitized path: '/acceptance/calendar/'
[2026-10-05 17:08:07 +0800] [1133/Thread-93 (process_request_thread)] [INFO] Successful login: 'acceptance' (none)
[2026-10-05 17:08:07 +0800] [1133/Thread-93 (process_request_thread)] [DEBUG] logging of rules which doesn't match suppressed by config/option [logging] rights_rule_doesnt_match_on_debug
[2026-10-05 17:08:07 +0800] [1133/Thread-93 (process_request_thread)] [DEBUG] Rule 'acceptance':'acceptance/calendar' matches '.*':'.*' from section 'all' permission 'RrWw'
[2026-10-05 17:08:07 +0800] [1133/Thread-93 (process_request_thread)] [DEBUG] Request content (XML): suppressed by config/option [logging] request_content_on_debug
[2026-10-05 17:08:07 +0800] [1133/Thread-93 (process_request_thread)] [DEBUG] Response content (XML): suppressed by config/option [logging] response_content_on_debug
[2026-10-05 17:08:07 +0800] [1133/Thread-93 (process_request_thread)] [DEBUG] Response header: suppressed by config/option [logging] response_header_on_debug
[2026-10-05 17:08:07 +0800] [1133/Thread-93 (process_request_thread)] [INFO] REPORT response status for '/acceptance/calendar/' with depth '1' in 0.002 seconds gzip 714 bytes (getetag): 207 Multi-Status
[2026-10-05 17:08:07 +0800] [1133/Thread-92 (process_request_thread)] [DEBUG] Response content (XML): suppressed by config/option [logging] response_content_on_debug
[2026-10-05 17:08:07 +0800] [1133/Thread-92 (process_request_thread)] [DEBUG] Response header: suppressed by config/option [logging] response_header_on_debug
[2026-10-05 17:08:07 +0800] [1133/Thread-92 (process_request_thread)] [INFO] REPORT response status for '/acceptance/calendar/' with depth '1' in 0.006 seconds gzip 349 bytes (getetag sync-collection): 207 Multi-Status
[2026-10-05 17:08:07 +0800] [1133/Thread-94 (process_request_thread)] [INFO] REPORT request for '/acceptance/calendar/' with depth '1' received from 127.0.0.1 using 'Mozilla/5.0 (X11; Linux x86_64; rv:153.0) Gecko/20100101 Thunderbird/153.1.0'
[2026-10-05 17:08:07 +0800] [1133/Thread-94 (process_request_thread)] [DEBUG] Request header: suppressed by config/option [logging] request_header_on_debug
[2026-10-05 17:08:07 +0800] [1133/Thread-94 (process_request_thread)] [DEBUG] Sanitized path: '/acceptance/calendar/'
[2026-10-05 17:08:07 +0800] [1133/Thread-94 (process_request_thread)] [INFO] Successful login: 'acceptance' (none)
[2026-10-05 17:08:07 +0800] [1133/Thread-94 (process_request_thread)] [DEBUG] logging of rules which doesn't match suppressed by config/option [logging] rights_rule_doesnt_match_on_debug
[2026-10-05 17:08:07 +0800] [1133/Thread-94 (process_request_thread)] [DEBUG] Rule 'acceptance':'acceptance/calendar' matches '.*':'.*' from section 'all' permission 'RrWw'
[2026-10-05 17:08:07 +0800] [1133/Thread-94 (process_request_thread)] [DEBUG] Request content (XML): suppressed by config/option [logging] request_content_on_debug
[2026-10-05 17:08:07 +0800] [1133/Thread-94 (process_request_thread)] [DEBUG] Client provided sync token: 'http://radicale.org/ns/sync/99df9a980316b58e32456b34a643faceb2db095b7c8fc4e8316045f5bd81580f'
[2026-10-05 17:08:07 +0800] [1133/Thread-94 (process_request_thread)] [DEBUG] Response content (XML): suppressed by config/option [logging] response_content_on_debug
[2026-10-05 17:08:07 +0800] [1133/Thread-94 (process_request_thread)] [DEBUG] Response header: suppressed by config/option [logging] response_header_on_debug
[2026-10-05 17:08:07 +0800] [1133/Thread-94 (process_request_thread)] [INFO] REPORT response status for '/acceptance/calendar/' with depth '1' in 0.001 seconds gzip 175 bytes (getetag sync-collection): 207 Multi-Status
[2026-10-05 17:08:07 +0800] [1133/Thread-95 (process_request_thread)] [INFO] GET request for '/acceptance/calendar/seed-a.ics' received from 127.0.0.1 using 'Python-urllib/3.12'
[2026-10-05 17:08:07 +0800] [1133/Thread-95 (process_request_thread)] [DEBUG] Request header: suppressed by config/option [logging] request_header_on_debug
[2026-10-05 17:08:07 +0800] [1133/Thread-95 (process_request_thread)] [DEBUG] Sanitized path: '/acceptance/calendar/seed-a.ics'
[2026-10-05 17:08:07 +0800] [1133/Thread-95 (process_request_thread)] [INFO] Successful login: 'acceptance' (none)
[2026-10-05 17:08:07 +0800] [1133/Thread-95 (process_request_thread)] [DEBUG] logging of rules which doesn't match suppressed by config/option [logging] rights_rule_doesnt_match_on_debug
[2026-10-05 17:08:07 +0800] [1133/Thread-95 (process_request_thread)] [DEBUG] Rule 'acceptance':'acceptance/calendar/seed-a.ics' matches '.*':'.*' from section 'all' permission 'RrWw'
[2026-10-05 17:08:07 +0800] [1133/Thread-95 (process_request_thread)] [DEBUG] logging of rules which doesn't match suppressed by config/option [logging] rights_rule_doesnt_match_on_debug
[2026-10-05 17:08:07 +0800] [1133/Thread-95 (process_request_thread)] [DEBUG] Rule 'acceptance':'acceptance/calendar' matches '.*':'.*' from section 'all' permission 'RrWw'
[2026-10-05 17:08:07 +0800] [1133/Thread-95 (process_request_thread)] [DEBUG] Response content: suppressed by config/option [logging] response_content_on_debug
[2026-10-05 17:08:07 +0800] [1133/Thread-95 (process_request_thread)] [DEBUG] Response header: suppressed by config/option [logging] response_header_on_debug
[2026-10-05 17:08:07 +0800] [1133/Thread-95 (process_request_thread)] [INFO] GET response status for '/acceptance/calendar/seed-a.ics' in 0.001 seconds plain 853 bytes: 200 OK
[2026-10-05 17:08:09 +0800] [1133/Thread-96 (process_request_thread)] [INFO] REPORT request for '/acceptance/calendar/' with depth '1' received from 127.0.0.1 using 'Mozilla/5.0 (X11; Linux x86_64; rv:153.0) Gecko/20100101 Thunderbird/153.1.0'
[2026-10-05 17:08:09 +0800] [1133/Thread-96 (process_request_thread)] [DEBUG] Request header: suppressed by config/option [logging] request_header_on_debug
[2026-10-05 17:08:09 +0800] [1133/Thread-96 (process_request_thread)] [DEBUG] Sanitized path: '/acceptance/calendar/'
[2026-10-05 17:08:09 +0800] [1133/Thread-96 (process_request_thread)] [DEBUG] logging of rules which doesn't match suppressed by config/option [logging] rights_rule_doesnt_match_on_debug
[2026-10-05 17:08:09 +0800] [1133/Thread-96 (process_request_thread)] [DEBUG] Rule '':'acceptance/calendar' matches '.*':'.*' from section 'all' permission 'RrWw'
[2026-10-05 17:08:09 +0800] [1133/Thread-96 (process_request_thread)] [DEBUG] Request content (XML): suppressed by config/option [logging] request_content_on_debug
[2026-10-05 17:08:09 +0800] [1133/Thread-96 (process_request_thread)] [DEBUG] Response content (XML): suppressed by config/option [logging] response_content_on_debug
[2026-10-05 17:08:09 +0800] [1133/Thread-96 (process_request_thread)] [DEBUG] Response header: suppressed by config/option [logging] response_header_on_debug
[2026-10-05 17:08:09 +0800] [1133/Thread-96 (process_request_thread)] [INFO] REPORT response status for '/acceptance/calendar/' with depth '1' in 0.002 seconds gzip 714 bytes (getetag): 207 Multi-Status
[2026-10-05 17:08:09 +0800] [1133/Thread-97 (process_request_thread)] [INFO] PROPFIND request for '/acceptance/calendar/' with depth '0' received from 127.0.0.1 using 'Mozilla/5.0 (X11; Linux x86_64; rv:153.0) Gecko/20100101 Thunderbird/153.1.0'
[2026-10-05 17:08:09 +0800] [1133/Thread-97 (process_request_thread)] [DEBUG] Request header: suppressed by config/option [logging] request_header_on_debug
[2026-10-05 17:08:09 +0800] [1133/Thread-97 (process_request_thread)] [DEBUG] Sanitized path: '/acceptance/calendar/'
[2026-10-05 17:08:09 +0800] [1133/Thread-97 (process_request_thread)] [DEBUG] logging of rules which doesn't match suppressed by config/option [logging] rights_rule_doesnt_match_on_debug
[2026-10-05 17:08:09 +0800] [1133/Thread-97 (process_request_thread)] [DEBUG] Rule '':'acceptance/calendar' matches '.*':'.*' from section 'all' permission 'RrWw'
[2026-10-05 17:08:09 +0800] [1133/Thread-97 (process_request_thread)] [DEBUG] Request content (XML): suppressed by config/option [logging] request_content_on_debug
[2026-10-05 17:08:09 +0800] [1133/Thread-97 (process_request_thread)] [DEBUG] logging of rules which doesn't match suppressed by config/option [logging] rights_rule_doesnt_match_on_debug
[2026-10-05 17:08:09 +0800] [1133/Thread-97 (process_request_thread)] [DEBUG] Rule '':'acceptance/calendar' matches '.*':'.*' from section 'all' permission 'RrWw'
[2026-10-05 17:08:09 +0800] [1133/Thread-97 (process_request_thread)] [DEBUG] anonymous user has write access to collection with tag 'acceptance/calendar'
[2026-10-05 17:08:09 +0800] [1133/Thread-97 (process_request_thread)] [NOTICE] Access to '/acceptance/calendar/' denied for anonymous user
[2026-10-05 17:08:09 +0800] [1133/Thread-97 (process_request_thread)] [DEBUG] Asking client for authentication
[2026-10-05 17:08:09 +0800] [1133/Thread-97 (process_request_thread)] [DEBUG] Response content: suppressed by config/option [logging] response_content_on_debug
[2026-10-05 17:08:09 +0800] [1133/Thread-97 (process_request_thread)] [DEBUG] Response header: suppressed by config/option [logging] response_header_on_debug
[2026-10-05 17:08:09 +0800] [1133/Thread-97 (process_request_thread)] [DEBUG] Response random delay triggered by result code: 401 -> 1.452 seconds
[2026-10-05 17:08:09 +0800] [1133/Thread-98 (process_request_thread)] [INFO] PUT request for '/acceptance/calendar/seed-a.ics' received from 127.0.0.1 using 'Mozilla/5.0 (X11; Linux x86_64; rv:153.0) Gecko/20100101 Thunderbird/153.1.0'
[2026-10-05 17:08:09 +0800] [1133/Thread-98 (process_request_thread)] [DEBUG] Request header: suppressed by config/option [logging] request_header_on_debug
[2026-10-05 17:08:09 +0800] [1133/Thread-98 (process_request_thread)] [DEBUG] Sanitized path: '/acceptance/calendar/seed-a.ics'
[2026-10-05 17:08:09 +0800] [1133/Thread-98 (process_request_thread)] [DEBUG] logging of rules which doesn't match suppressed by config/option [logging] rights_rule_doesnt_match_on_debug
[2026-10-05 17:08:09 +0800] [1133/Thread-98 (process_request_thread)] [DEBUG] Rule '':'acceptance/calendar/seed-a.ics' matches '.*':'.*' from section 'all' permission 'RrWw'
[2026-10-05 17:08:09 +0800] [1133/Thread-98 (process_request_thread)] [DEBUG] Request content: suppressed by config/option [logging] request_content_on_debug
[2026-10-05 17:08:09 +0800] [1133/Thread-98 (process_request_thread)] [DEBUG] logging of rules which doesn't match suppressed by config/option [logging] rights_rule_doesnt_match_on_debug
[2026-10-05 17:08:09 +0800] [1133/Thread-98 (process_request_thread)] [DEBUG] Rule '':'acceptance/calendar' matches '.*':'.*' from section 'all' permission 'RrWw'
[2026-10-05 17:08:09 +0800] [1133/Thread-98 (process_request_thread)] [DEBUG] Precondition passed on PUT request for '/acceptance/calendar/seed-a.ics' (HTTP_IF_MATCH: "198c592860ad9145aac7478e51d7bc0c0c5b8b0874f26fd565e228cc647918e6", item has etag: "198c592860ad9145aac7478e51d7bc0c0c5b8b0874f26fd565e228cc647918e6")
[2026-10-05 17:08:09 +0800] [1133/Thread-98 (process_request_thread)] [DEBUG] PUT request contains item with UID 'seed-a' size 879 below limit 10000000: '/acceptance/calendar/seed-a.ics'
[2026-10-05 17:08:09 +0800] [1133/Thread-98 (process_request_thread)] [DEBUG] PUT request updated existing item '/acceptance/calendar/seed-a.ics'
[2026-10-05 17:08:09 +0800] [1133/Thread-98 (process_request_thread)] [DEBUG] Response header: suppressed by config/option [logging] response_header_on_debug
[2026-10-05 17:08:09 +0800] [1133/Thread-98 (process_request_thread)] [INFO] PUT response status for '/acceptance/calendar/seed-a.ics' in 0.003 seconds: 204 No Content
[2026-10-05 17:08:09 +0800] [1133/Thread-99 (process_request_thread)] [INFO] REPORT request for '/acceptance/calendar/' with depth '1' received from 127.0.0.1 using 'Mozilla/5.0 (X11; Linux x86_64; rv:153.0) Gecko/20100101 Thunderbird/153.1.0'
[2026-10-05 17:08:09 +0800] [1133/Thread-99 (process_request_thread)] [DEBUG] Request header: suppressed by config/option [logging] request_header_on_debug
[2026-10-05 17:08:09 +0800] [1133/Thread-99 (process_request_thread)] [DEBUG] Sanitized path: '/acceptance/calendar/'
[2026-10-05 17:08:09 +0800] [1133/Thread-99 (process_request_thread)] [DEBUG] logging of rules which doesn't match suppressed by config/option [logging] rights_rule_doesnt_match_on_debug
[2026-10-05 17:08:09 +0800] [1133/Thread-99 (process_request_thread)] [DEBUG] Rule '':'acceptance/calendar' matches '.*':'.*' from section 'all' permission 'RrWw'
[2026-10-05 17:08:09 +0800] [1133/Thread-99 (process_request_thread)] [DEBUG] Request content (XML): suppressed by config/option [logging] request_content_on_debug
[2026-10-05 17:08:09 +0800] [1133/Thread-99 (process_request_thread)] [DEBUG] Response content (XML): suppressed by config/option [logging] response_content_on_debug
[2026-10-05 17:08:09 +0800] [1133/Thread-99 (process_request_thread)] [DEBUG] Response header: suppressed by config/option [logging] response_header_on_debug
[2026-10-05 17:08:09 +0800] [1133/Thread-99 (process_request_thread)] [INFO] REPORT response status for '/acceptance/calendar/' with depth '1' in 0.002 seconds gzip 707 bytes (getetag): 207 Multi-Status
[2026-10-05 17:08:09 +0800] [1133/Thread-100 (process_request_thread)] [INFO] REPORT request for '/acceptance/calendar/' with depth '1' received from 127.0.0.1 using 'Mozilla/5.0 (X11; Linux x86_64; rv:153.0) Gecko/20100101 Thunderbird/153.1.0'
[2026-10-05 17:08:09 +0800] [1133/Thread-100 (process_request_thread)] [DEBUG] Request header: suppressed by config/option [logging] request_header_on_debug
[2026-10-05 17:08:09 +0800] [1133/Thread-100 (process_request_thread)] [DEBUG] Sanitized path: '/acceptance/calendar/'
[2026-10-05 17:08:09 +0800] [1133/Thread-100 (process_request_thread)] [DEBUG] logging of rules which doesn't match suppressed by config/option [logging] rights_rule_doesnt_match_on_debug
[2026-10-05 17:08:09 +0800] [1133/Thread-100 (process_request_thread)] [DEBUG] Rule '':'acceptance/calendar' matches '.*':'.*' from section 'all' permission 'RrWw'
[2026-10-05 17:08:09 +0800] [1133/Thread-100 (process_request_thread)] [DEBUG] Request content (XML): suppressed by config/option [logging] request_content_on_debug
[2026-10-05 17:08:09 +0800] [1133/Thread-100 (process_request_thread)] [DEBUG] Response content (XML): suppressed by config/option [logging] response_content_on_debug
[2026-10-05 17:08:09 +0800] [1133/Thread-100 (process_request_thread)] [DEBUG] Response header: suppressed by config/option [logging] response_header_on_debug
[2026-10-05 17:08:09 +0800] [1133/Thread-100 (process_request_thread)] [INFO] REPORT response status for '/acceptance/calendar/' with depth '1' in 0.002 seconds gzip 707 bytes (getetag): 207 Multi-Status
[2026-10-05 17:08:09 +0800] [1133/Thread-101 (process_request_thread)] [INFO] GET request for '/acceptance/calendar/seed-a.ics' received from 127.0.0.1 using 'Python-urllib/3.12'
[2026-10-05 17:08:09 +0800] [1133/Thread-101 (process_request_thread)] [DEBUG] Request header: suppressed by config/option [logging] request_header_on_debug
[2026-10-05 17:08:09 +0800] [1133/Thread-101 (process_request_thread)] [DEBUG] Sanitized path: '/acceptance/calendar/seed-a.ics'
[2026-10-05 17:08:09 +0800] [1133/Thread-101 (process_request_thread)] [INFO] Successful login: 'acceptance' (none)
[2026-10-05 17:08:09 +0800] [1133/Thread-101 (process_request_thread)] [DEBUG] logging of rules which doesn't match suppressed by config/option [logging] rights_rule_doesnt_match_on_debug
[2026-10-05 17:08:09 +0800] [1133/Thread-101 (process_request_thread)] [DEBUG] Rule 'acceptance':'acceptance/calendar/seed-a.ics' matches '.*':'.*' from section 'all' permission 'RrWw'
[2026-10-05 17:08:09 +0800] [1133/Thread-101 (process_request_thread)] [DEBUG] logging of rules which doesn't match suppressed by config/option [logging] rights_rule_doesnt_match_on_debug
[2026-10-05 17:08:09 +0800] [1133/Thread-101 (process_request_thread)] [DEBUG] Rule 'acceptance':'acceptance/calendar' matches '.*':'.*' from section 'all' permission 'RrWw'
[2026-10-05 17:08:09 +0800] [1133/Thread-101 (process_request_thread)] [DEBUG] Response content: suppressed by config/option [logging] response_content_on_debug
[2026-10-05 17:08:09 +0800] [1133/Thread-101 (process_request_thread)] [DEBUG] Response header: suppressed by config/option [logging] response_header_on_debug
[2026-10-05 17:08:09 +0800] [1133/Thread-101 (process_request_thread)] [INFO] GET response status for '/acceptance/calendar/seed-a.ics' in 0.001 seconds plain 879 bytes: 200 OK
[2026-10-05 17:08:11 +0800] [1133/Thread-97 (process_request_thread)] [NOTICE] PROPFIND response status for '/acceptance/calendar/' with depth '0' in 1.454 seconds gzip 61 bytes: 401 Unauthorized
[2026-10-05 17:08:11 +0800] [1133/Thread-102 (process_request_thread)] [INFO] PROPFIND request for '/acceptance/calendar/' with depth '0' received from 127.0.0.1 using 'Mozilla/5.0 (X11; Linux x86_64; rv:153.0) Gecko/20100101 Thunderbird/153.1.0'
[2026-10-05 17:08:11 +0800] [1133/Thread-102 (process_request_thread)] [DEBUG] Request header: suppressed by config/option [logging] request_header_on_debug
[2026-10-05 17:08:11 +0800] [1133/Thread-102 (process_request_thread)] [DEBUG] Sanitized path: '/acceptance/calendar/'
[2026-10-05 17:08:11 +0800] [1133/Thread-102 (process_request_thread)] [INFO] Successful login: 'acceptance' (none)
[2026-10-05 17:08:11 +0800] [1133/Thread-102 (process_request_thread)] [DEBUG] logging of rules which doesn't match suppressed by config/option [logging] rights_rule_doesnt_match_on_debug
[2026-10-05 17:08:11 +0800] [1133/Thread-102 (process_request_thread)] [DEBUG] Rule 'acceptance':'acceptance/calendar' matches '.*':'.*' from section 'all' permission 'RrWw'
[2026-10-05 17:08:11 +0800] [1133/Thread-102 (process_request_thread)] [DEBUG] Request content (XML): suppressed by config/option [logging] request_content_on_debug
[2026-10-05 17:08:11 +0800] [1133/Thread-102 (process_request_thread)] [DEBUG] logging of rules which doesn't match suppressed by config/option [logging] rights_rule_doesnt_match_on_debug
[2026-10-05 17:08:11 +0800] [1133/Thread-102 (process_request_thread)] [DEBUG] Rule 'acceptance':'acceptance/calendar' matches '.*':'.*' from section 'all' permission 'RrWw'
[2026-10-05 17:08:11 +0800] [1133/Thread-102 (process_request_thread)] [DEBUG] 'acceptance' has write access to collection with tag 'acceptance/calendar'
[2026-10-05 17:08:11 +0800] [1133/Thread-102 (process_request_thread)] [DEBUG] Response content (XML): suppressed by config/option [logging] response_content_on_debug
[2026-10-05 17:08:11 +0800] [1133/Thread-102 (process_request_thread)] [DEBUG] Response header: suppressed by config/option [logging] response_header_on_debug
[2026-10-05 17:08:11 +0800] [1133/Thread-102 (process_request_thread)] [INFO] PROPFIND response status for '/acceptance/calendar/' with depth '0' in 0.004 seconds gzip 513 bytes (getctag): 207 Multi-Status
[2026-10-05 17:08:11 +0800] [1133/Thread-103 (process_request_thread)] [INFO] OPTIONS request for '/acceptance/' received from 127.0.0.1 using 'Mozilla/5.0 (X11; Linux x86_64; rv:153.0) Gecko/20100101 Thunderbird/153.1.0'
[2026-10-05 17:08:11 +0800] [1133/Thread-103 (process_request_thread)] [DEBUG] Request header: suppressed by config/option [logging] request_header_on_debug
[2026-10-05 17:08:11 +0800] [1133/Thread-103 (process_request_thread)] [DEBUG] Sanitized path: '/acceptance/'
[2026-10-05 17:08:11 +0800] [1133/Thread-103 (process_request_thread)] [DEBUG] Response header: suppressed by config/option [logging] response_header_on_debug
[2026-10-05 17:08:11 +0800] [1133/Thread-103 (process_request_thread)] [INFO] OPTIONS response status for '/acceptance/' in 0.000 seconds: 200 OK
[2026-10-05 17:08:11 +0800] [1133/Thread-104 (process_request_thread)] [INFO] REPORT request for '/acceptance/calendar/' with depth '1' received from 127.0.0.1 using 'Mozilla/5.0 (X11; Linux x86_64; rv:153.0) Gecko/20100101 Thunderbird/153.1.0'
[2026-10-05 17:08:11 +0800] [1133/Thread-104 (process_request_thread)] [DEBUG] Request header: suppressed by config/option [logging] request_header_on_debug
[2026-10-05 17:08:11 +0800] [1133/Thread-104 (process_request_thread)] [DEBUG] Sanitized path: '/acceptance/calendar/'
[2026-10-05 17:08:11 +0800] [1133/Thread-104 (process_request_thread)] [INFO] Successful login: 'acceptance' (none)
[2026-10-05 17:08:11 +0800] [1133/Thread-104 (process_request_thread)] [DEBUG] logging of rules which doesn't match suppressed by config/option [logging] rights_rule_doesnt_match_on_debug
[2026-10-05 17:08:11 +0800] [1133/Thread-104 (process_request_thread)] [DEBUG] Rule 'acceptance':'acceptance/calendar' matches '.*':'.*' from section 'all' permission 'RrWw'
[2026-10-05 17:08:11 +0800] [1133/Thread-104 (process_request_thread)] [DEBUG] Request content (XML): suppressed by config/option [logging] request_content_on_debug
[2026-10-05 17:08:11 +0800] [1133/Thread-104 (process_request_thread)] [DEBUG] Client provided sync token: 'http://radicale.org/ns/sync/99df9a980316b58e32456b34a643faceb2db095b7c8fc4e8316045f5bd81580f'
[2026-10-05 17:08:11 +0800] [1133/Thread-104 (process_request_thread)] [DEBUG] Response content (XML): suppressed by config/option [logging] response_content_on_debug
[2026-10-05 17:08:11 +0800] [1133/Thread-104 (process_request_thread)] [DEBUG] Response header: suppressed by config/option [logging] response_header_on_debug
[2026-10-05 17:08:11 +0800] [1133/Thread-104 (process_request_thread)] [INFO] REPORT response status for '/acceptance/calendar/' with depth '1' in 0.002 seconds gzip 346 bytes (getetag sync-collection): 207 Multi-Status
[2026-10-05 17:08:13 +0800] [1133/Thread-105 (process_request_thread)] [INFO] GET request for '/acceptance/calendar/seed-a.ics' received from 127.0.0.1 using 'Python-urllib/3.12'
[2026-10-05 17:08:13 +0800] [1133/Thread-105 (process_request_thread)] [DEBUG] Request header: suppressed by config/option [logging] request_header_on_debug
[2026-10-05 17:08:13 +0800] [1133/Thread-105 (process_request_thread)] [DEBUG] Sanitized path: '/acceptance/calendar/seed-a.ics'
[2026-10-05 17:08:13 +0800] [1133/Thread-105 (process_request_thread)] [INFO] Successful login: 'acceptance' (none)
[2026-10-05 17:08:13 +0800] [1133/Thread-105 (process_request_thread)] [DEBUG] logging of rules which doesn't match suppressed by config/option [logging] rights_rule_doesnt_match_on_debug
[2026-10-05 17:08:13 +0800] [1133/Thread-105 (process_request_thread)] [DEBUG] Rule 'acceptance':'acceptance/calendar/seed-a.ics' matches '.*':'.*' from section 'all' permission 'RrWw'
[2026-10-05 17:08:13 +0800] [1133/Thread-105 (process_request_thread)] [DEBUG] logging of rules which doesn't match suppressed by config/option [logging] rights_rule_doesnt_match_on_debug
[2026-10-05 17:08:13 +0800] [1133/Thread-105 (process_request_thread)] [DEBUG] Rule 'acceptance':'acceptance/calendar' matches '.*':'.*' from section 'all' permission 'RrWw'
[2026-10-05 17:08:13 +0800] [1133/Thread-105 (process_request_thread)] [DEBUG] Response content: suppressed by config/option [logging] response_content_on_debug
[2026-10-05 17:08:13 +0800] [1133/Thread-105 (process_request_thread)] [DEBUG] Response header: suppressed by config/option [logging] response_header_on_debug
[2026-10-05 17:08:13 +0800] [1133/Thread-105 (process_request_thread)] [INFO] GET response status for '/acceptance/calendar/seed-a.ics' in 0.001 seconds plain 879 bytes: 200 OK
[2026-10-05 17:08:13 +0800] [1133/Thread-106 (process_request_thread)] [INFO] REPORT request for '/acceptance/calendar/' with depth '1' received from 127.0.0.1 using 'Mozilla/5.0 (X11; Linux x86_64; rv:153.0) Gecko/20100101 Thunderbird/153.1.0'
[2026-10-05 17:08:13 +0800] [1133/Thread-106 (process_request_thread)] [DEBUG] Request header: suppressed by config/option [logging] request_header_on_debug
[2026-10-05 17:08:13 +0800] [1133/Thread-106 (process_request_thread)] [DEBUG] Sanitized path: '/acceptance/calendar/'
[2026-10-05 17:08:13 +0800] [1133/Thread-106 (process_request_thread)] [INFO] Successful login: 'acceptance' (none)
[2026-10-05 17:08:13 +0800] [1133/Thread-106 (process_request_thread)] [DEBUG] logging of rules which doesn't match suppressed by config/option [logging] rights_rule_doesnt_match_on_debug
[2026-10-05 17:08:13 +0800] [1133/Thread-106 (process_request_thread)] [DEBUG] Rule 'acceptance':'acceptance/calendar' matches '.*':'.*' from section 'all' permission 'RrWw'
[2026-10-05 17:08:13 +0800] [1133/Thread-106 (process_request_thread)] [DEBUG] Request content (XML): suppressed by config/option [logging] request_content_on_debug
[2026-10-05 17:08:13 +0800] [1133/Thread-106 (process_request_thread)] [DEBUG] Client provided sync token: 'http://radicale.org/ns/sync/9adfc4bb78cca05dea1c71c609f8a42a6475bb72e24ec3e1861fb8c478671cfd'
[2026-10-05 17:08:13 +0800] [1133/Thread-106 (process_request_thread)] [DEBUG] Response content (XML): suppressed by config/option [logging] response_content_on_debug
[2026-10-05 17:08:13 +0800] [1133/Thread-106 (process_request_thread)] [DEBUG] Response header: suppressed by config/option [logging] response_header_on_debug
[2026-10-05 17:08:13 +0800] [1133/Thread-106 (process_request_thread)] [INFO] REPORT response status for '/acceptance/calendar/' with depth '1' in 0.002 seconds gzip 176 bytes (getetag sync-collection): 207 Multi-Status
[2026-10-05 17:08:14 +0800] [1133/Thread-107 (process_request_thread)] [INFO] DELETE request for '/acceptance/calendar/' received from 127.0.0.1 using 'Python-urllib/3.12'
[2026-10-05 17:08:14 +0800] [1133/Thread-107 (process_request_thread)] [DEBUG] Request header: suppressed by config/option [logging] request_header_on_debug
[2026-10-05 17:08:14 +0800] [1133/Thread-107 (process_request_thread)] [DEBUG] Sanitized path: '/acceptance/calendar/'
[2026-10-05 17:08:14 +0800] [1133/Thread-107 (process_request_thread)] [INFO] Successful login: 'acceptance' (none)
[2026-10-05 17:08:14 +0800] [1133/Thread-107 (process_request_thread)] [DEBUG] logging of rules which doesn't match suppressed by config/option [logging] rights_rule_doesnt_match_on_debug
[2026-10-05 17:08:14 +0800] [1133/Thread-107 (process_request_thread)] [DEBUG] Rule 'acceptance':'acceptance/calendar' matches '.*':'.*' from section 'all' permission 'RrWw'
[2026-10-05 17:08:14 +0800] [1133/Thread-107 (process_request_thread)] [DEBUG] logging of rules which doesn't match suppressed by config/option [logging] rights_rule_doesnt_match_on_debug
[2026-10-05 17:08:14 +0800] [1133/Thread-107 (process_request_thread)] [DEBUG] Rule 'acceptance':'acceptance' matches '.*':'.*' from section 'all' permission 'RrWw'
[2026-10-05 17:08:14 +0800] [1133/Thread-107 (process_request_thread)] [DEBUG] Response content (XML): suppressed by config/option [logging] response_content_on_debug
[2026-10-05 17:08:14 +0800] [1133/Thread-107 (process_request_thread)] [DEBUG] Response header: suppressed by config/option [logging] response_header_on_debug
[2026-10-05 17:08:14 +0800] [1133/Thread-107 (process_request_thread)] [INFO] DELETE response status for '/acceptance/calendar/' in 0.001 seconds plain 166 bytes: 200 OK
[2026-10-05 17:08:14 +0800] [1133/Thread-108 (process_request_thread)] [INFO] GET request for '/acceptance/calendar/' received from 127.0.0.1 using 'Python-urllib/3.12'
[2026-10-05 17:08:14 +0800] [1133/Thread-108 (process_request_thread)] [DEBUG] Request header: suppressed by config/option [logging] request_header_on_debug
[2026-10-05 17:08:14 +0800] [1133/Thread-108 (process_request_thread)] [DEBUG] Sanitized path: '/acceptance/calendar/'
[2026-10-05 17:08:14 +0800] [1133/Thread-108 (process_request_thread)] [INFO] Successful login: 'acceptance' (none)
[2026-10-05 17:08:14 +0800] [1133/Thread-108 (process_request_thread)] [DEBUG] logging of rules which doesn't match suppressed by config/option [logging] rights_rule_doesnt_match_on_debug
[2026-10-05 17:08:14 +0800] [1133/Thread-108 (process_request_thread)] [DEBUG] Rule 'acceptance':'acceptance/calendar' matches '.*':'.*' from section 'all' permission 'RrWw'
[2026-10-05 17:08:14 +0800] [1133/Thread-108 (process_request_thread)] [DEBUG] Response content: suppressed by config/option [logging] response_content_on_debug
[2026-10-05 17:08:14 +0800] [1133/Thread-108 (process_request_thread)] [DEBUG] Response header: suppressed by config/option [logging] response_header_on_debug
[2026-10-05 17:08:14 +0800] [1133/Thread-108 (process_request_thread)] [NOTICE] GET response status for '/acceptance/calendar/' in 0.001 seconds plain 42 bytes: 404 Not Found
[2026-10-05 17:08:14 +0800] [1133] [INFO] Stopping Radicale
